# MagicaVoxel @ Ephtracy

# group
o 

# material
mtllib stadium-large-complex-20.mtl
usemtl palette

# normals
vn -1 0 0
vn 1 0 0
vn 0 0 1
vn 0 0 -1
vn 0 -1 0
vn 0 1 0

# texcoords
vt 0.970703 0.5
vt 0.974609 0.5
vt 0.978516 0.5
vt 0.982422 0.5

# verts
v -0.3 0 -4
v -0.3 0 -5
v -0.3 0.3 -4
v -0.3 0.3 -4.1
v -0.3 0.4 -4.1
v -0.3 0.4 -4.2
v -0.3 0.4 -4.9
v -0.3 0.4 -5
v -0.3 0.5 -4.2
v -0.3 0.5 -4.3
v -0.3 0.5 -4.8
v -0.3 0.5 -4.9
v -0.3 0.5 -5
v -0.3 0.6 -4.1
v -0.3 0.6 -4.3
v -0.3 0.6 -4.4
v -0.3 0.6 -4.7
v -0.3 0.6 -4.8
v -0.3 0.6 -4.9
v -0.3 0.7 -4.6
v -0.3 0.7 -4.7
v -0.3 0.7 -4.8
v -0.3 0.8 -4.3
v -0.3 0.8 -4.4
v -0.3 0.8 -4.6
v -0.3 0.8 -4.7
v -0.3 0.9 -4.4
v -0.3 0.9 -4.5
v -0.3 0.9 -4.6
v -0.3 0.9 -4.7
v -0.3 1 -4
v -0.3 1 -4.1
v -0.3 1 -4.2
v -0.3 1 -4.4
v -0.3 1 -4.5
v -0.3 1 -4.6
v -0.3 1 -4.7
v -0.3 1 -4.8
v -0.3 1.1 -4.3
v -0.3 1.1 -4.4
v -0.3 1.1 -4.5
v -0.3 1.1 -4.6
v -0.3 1.1 -4.7
v -0.3 1.1 -4.8
v -0.3 1.1 -4.9
v -0.3 1.2 -4.2
v -0.3 1.2 -4.3
v -0.3 1.2 -4.4
v -0.3 1.2 -4.7
v -0.3 1.2 -4.8
v -0.3 1.2 -4.9
v -0.3 1.2 -5
v -0.3 1.3 -4.8
v -0.3 1.3 -5
v -0.3 1.4 -4
v -0.3 1.4 -4.1
v -0.3 1.5 -4.1
v -0.3 1.5 -4.2
v -0.3 1.5 -4.3
v -0.3 1.5 -4.8
v -0.3 1.6 -4
v -0.3 1.6 -4.1
v -0.3 1.6 -4.3
v -0.3 1.6 -4.8
v -0.3 1.6 -5
v -0.3 1.7 -4.1
v -0.3 1.7 -4.2
v -0.3 1.7 -4.8
v -0.3 1.7 -5
v -0.3 1.9 -4.1
v -0.3 1.9 -4.3
v -0.3 1.9 -4.4
v -0.3 2 -4.9
v -0.3 2 -5
v -0.3 2.1 -4
v -0.3 2.1 -4.1
v -0.3 2.1 -4.9
v -0.3 2.1 -5
v -0.3 2.2 -4
v -0.3 2.2 -4.1
v -0.3 2.2 -4.9
v -0.3 2.2 -5
v -0.3 2.4 -4.3
v -0.3 2.4 -4.4
v -0.3 2.4 -4.5
v -0.3 2.5 -4.9
v -0.3 2.5 -5
v -0.3 2.6 -4.9
v -0.3 2.6 -5
v -0.3 2.7 -4.9
v -0.3 2.7 -5
v -0.3 2.9 -4.4
v -0.3 2.9 -4.5
v -0.3 2.9 -4.6
v -0.3 2.9 -4.9
v -0.3 2.9 -5
v -0.3 3 -4.9
v -0.3 3 -5
v -0.3 3.5 -4.5
v -0.3 3.5 -4.6
v -0.3 3.5 -4.7
v -0.3 3.8 -4.9
v -0.3 3.8 -5
v -0.3 3.9 -4.9
v -0.3 3.9 -5
v -0.3 4.3 -4
v -0.3 4.3 -4.1
v -0.3 4.4 -4
v -0.3 4.4 -4.1
v -0.3 4.4 -4.4
v -0.3 4.4 -4.6
v -0.3 4.4 -4.7
v -0.3 4.4 -4.8
v -0.3 4.5 -4.1
v -0.3 4.5 -4.4
v -0.3 4.5 -4.6
v -0.3 4.6 -4.4
v -0.3 4.6 -4.6
v -0.3 4.6 -4.7
v -0.3 4.7 -4.6
v -0.3 4.7 -4.8
v -0.3 4.7 -5
v -0.3 4.8 -4.9
v -0.3 4.8 -5
v -0.3 5.3 -4.8
v -0.3 5.3 -4.9
v -0.3 5.3 -5
v -0.3 5.5 -4
v -0.3 5.5 -4.2
v -0.3 5.6 -4
v -0.3 5.6 -4.2
v -0.3 5.6 -4.4
v -0.3 5.7 -4.2
v -0.3 5.7 -4.4
v -0.3 5.7 -4.7
v -0.3 5.8 -4.4
v -0.3 5.8 -4.7
v -0.3 5.8 -4.9
v -0.3 5.8 -5
v -0.3 5.9 -4.7
v -0.3 5.9 -4.9
v -0.3 5.9 -5
v -0.3 6 -4.9
v -0.3 6 -5
v -0.3 6.2 -4.9
v -0.3 6.2 -5
v -0.3 6.4 -4.8
v -0.3 6.4 -5
v -0.3 6.5 -4.6
v -0.3 6.5 -4.8
v -0.3 6.5 -5
v -0.3 6.6 -4.4
v -0.3 6.6 -4.6
v -0.3 6.6 -4.8
v -0.3 6.7 -4.2
v -0.3 6.7 -4.4
v -0.3 6.7 -4.6
v -0.3 6.8 -4
v -0.3 6.8 -4.2
v -0.3 6.8 -4.4
v -0.3 6.9 -4
v -0.3 6.9 -4.2
v -0.3 7.1 -4
v -0.3 7.1 -4.1
v -0.3 7.3 -4
v -0.3 7.3 -4.1
v -0.3 7.3 -4.2
v -0.3 7.7 -4
v -0.3 7.7 -4.1
v -0.3 7.7 -4.2
v -0.3 7.8 -4.9
v -0.3 7.8 -5
v -0.3 8 -4.9
v -0.3 8 -5
v -0.3 8.1 -4
v -0.3 8.1 -4.1
v -0.3 8.1 -4.9
v -0.3 8.1 -5
v -0.3 8.3 -4.9
v -0.3 8.3 -5
v -0.3 8.4 -4.9
v -0.3 8.4 -5
v -0.3 8.6 -4.9
v -0.3 8.6 -5
v -0.3 8.7 -4.9
v -0.3 8.7 -5
v -0.3 8.8 -4.9
v -0.3 8.8 -5
v -0.3 8.9 -4.9
v -0.3 8.9 -5
v -0.3 9 -4.9
v -0.3 9 -5
v -0.3 9.1 -4.8
v -0.3 9.1 -4.9
v -0.3 9.1 -5
v -0.3 9.2 -4.6
v -0.3 9.2 -4.8
v -0.3 9.2 -4.9
v -0.3 9.3 -4.5
v -0.3 9.3 -4.6
v -0.3 9.3 -4.8
v -0.3 9.4 -4.4
v -0.3 9.4 -4.5
v -0.3 9.4 -4.6
v -0.3 9.5 -4.2
v -0.3 9.5 -4.4
v -0.3 9.5 -4.5
v -0.3 9.6 -4.1
v -0.3 9.6 -4.2
v -0.3 9.6 -4.4
v -0.3 9.7 -4
v -0.3 9.7 -4.1
v -0.3 9.7 -4.2
v -0.3 9.8 -4
v -0.3 9.8 -4.1
v -0.3 9.9 -4.2
v -0.3 9.9 -4.4
v -0.3 10 -4.2
v -0.3 10 -4.4
v -0.3 10 -4.5
v -0.3 10.1 -4.4
v -0.3 10.1 -4.5
v -0.3 10.1 -4.6
v -0.3 10.2 -4.5
v -0.3 10.2 -4.6
v -0.3 10.2 -4.7
v -0.3 10.3 -4
v -0.3 10.3 -4.1
v -0.3 10.3 -4.6
v -0.3 10.3 -4.7
v -0.3 10.3 -4.8
v -0.3 10.4 -4.1
v -0.3 10.4 -4.2
v -0.3 10.4 -4.7
v -0.3 10.4 -4.8
v -0.3 10.4 -4.9
v -0.3 10.5 -4.2
v -0.3 10.5 -4.3
v -0.3 10.5 -4.8
v -0.3 10.5 -4.9
v -0.3 10.5 -5
v -0.3 10.6 -4
v -0.3 10.6 -4.2
v -0.3 10.6 -4.3
v -0.3 10.6 -4.4
v -0.3 10.6 -4.9
v -0.3 10.6 -5
v -0.3 10.7 -4.2
v -0.3 10.7 -4.3
v -0.3 10.7 -4.4
v -0.3 10.7 -4.5
v -0.3 10.8 -4.4
v -0.3 10.8 -4.5
v -0.3 10.8 -4.6
v -0.3 10.9 -4.3
v -0.3 10.9 -4.4
v -0.3 10.9 -4.5
v -0.3 10.9 -4.6
v -0.3 10.9 -4.7
v -0.3 11 -4.4
v -0.3 11 -4.5
v -0.3 11 -4.6
v -0.3 11 -4.7
v -0.3 11 -4.8
v -0.3 11.1 -4.5
v -0.3 11.1 -4.6
v -0.3 11.1 -4.7
v -0.3 11.1 -4.8
v -0.3 11.1 -4.9
v -0.3 11.2 -4
v -0.3 11.2 -4.1
v -0.3 11.2 -4.6
v -0.3 11.2 -4.7
v -0.3 11.2 -4.8
v -0.3 11.2 -4.9
v -0.3 11.2 -5
v -0.3 11.3 -4.7
v -0.3 11.3 -4.8
v -0.3 11.3 -4.9
v -0.3 11.4 -4
v -0.3 11.4 -4.1
v -0.3 11.4 -4.2
v -0.3 11.4 -4.8
v -0.3 11.4 -4.9
v -0.3 11.5 -4.1
v -0.3 11.5 -4.2
v -0.3 11.5 -4.3
v -0.3 11.5 -4.9
v -0.3 11.5 -5
v -0.3 11.6 -4.2
v -0.3 11.6 -4.3
v -0.3 11.6 -4.4
v -0.3 11.7 -4.3
v -0.3 11.7 -4.4
v -0.3 11.7 -4.6
v -0.3 11.8 -4.4
v -0.3 11.8 -4.6
v -0.3 11.8 -4.7
v -0.3 11.9 -4.6
v -0.3 11.9 -4.7
v -0.3 11.9 -4.8
v -0.3 11.9 -4.9
v -0.3 11.9 -5
v -0.3 12 -4.7
v -0.3 12 -4.8
v -0.3 12 -4.9
v -0.3 12.1 -4
v -0.3 12.1 -4.1
v -0.3 12.1 -4.8
v -0.3 12.1 -5
v -0.3 12.2 -4
v -0.3 12.2 -4.1
v -0.3 12.2 -4.2
v -0.3 12.2 -4.6
v -0.3 12.2 -4.8
v -0.3 12.3 -4.1
v -0.3 12.3 -4.2
v -0.3 12.3 -4.3
v -0.3 12.3 -4.6
v -0.3 12.3 -4.8
v -0.3 12.3 -5
v -0.3 12.5 -4
v -0.3 12.5 -4.2
v -0.3 12.5 -4.3
v -0.3 12.5 -4.4
v -0.3 12.5 -4.7
v -0.3 12.5 -4.8
v -0.3 12.5 -4.9
v -0.3 12.5 -5
v -0.3 12.6 -4
v -0.3 12.6 -4.2
v -0.3 12.6 -4.3
v -0.3 12.6 -4.4
v -0.3 12.6 -4.5
v -0.3 12.6 -4.6
v -0.3 12.6 -4.7
v -0.3 12.6 -4.8
v -0.3 12.6 -4.9
v -0.3 12.7 -4.2
v -0.3 12.7 -4.4
v -0.3 12.7 -4.5
v -0.3 12.7 -4.6
v -0.3 12.7 -4.7
v -0.3 12.7 -5
v -0.3 12.9 -4.2
v -0.3 12.9 -4.4
v -0.3 12.9 -4.5
v -0.3 12.9 -4.6
v -0.3 12.9 -4.7
v -0.3 12.9 -5
v -0.3 13 -4
v -0.3 13 -4.2
v -0.3 13 -4.3
v -0.3 13 -4.4
v -0.3 13 -4.5
v -0.3 13 -4.6
v -0.3 13 -4.7
v -0.3 13 -4.8
v -0.3 13 -4.9
v -0.3 13.1 -4
v -0.3 13.1 -4.2
v -0.3 13.1 -4.3
v -0.3 13.1 -4.4
v -0.3 13.1 -4.7
v -0.3 13.1 -4.8
v -0.3 13.1 -4.9
v -0.3 13.1 -5
v -0.3 13.3 -4.1
v -0.3 13.3 -4.2
v -0.3 13.3 -4.3
v -0.3 13.3 -4.6
v -0.3 13.3 -4.8
v -0.3 13.3 -5
v -0.3 13.4 -4
v -0.3 13.4 -4.1
v -0.3 13.4 -4.2
v -0.3 13.4 -4.6
v -0.3 13.4 -4.8
v -0.3 13.5 -4
v -0.3 13.5 -4.1
v -0.3 13.5 -4.8
v -0.3 13.5 -5
v -0.3 13.6 -4.7
v -0.3 13.6 -4.8
v -0.3 13.6 -4.9
v -0.3 13.7 -4.6
v -0.3 13.7 -4.7
v -0.3 13.7 -4.8
v -0.3 13.7 -4.9
v -0.3 13.7 -5
v -0.3 13.8 -4.4
v -0.3 13.8 -4.6
v -0.3 13.8 -4.7
v -0.3 13.9 -4.3
v -0.3 13.9 -4.4
v -0.3 13.9 -4.6
v -0.3 14 -4.2
v -0.3 14 -4.3
v -0.3 14 -4.4
v -0.3 14.1 -4.1
v -0.3 14.1 -4.2
v -0.3 14.1 -4.3
v -0.3 14.1 -4.9
v -0.3 14.1 -5
v -0.3 14.2 -4
v -0.3 14.2 -4.1
v -0.3 14.2 -4.2
v -0.3 14.2 -4.8
v -0.3 14.2 -4.9
v -0.3 14.3 -4.7
v -0.3 14.3 -4.8
v -0.3 14.3 -4.9
v -0.3 14.4 -4
v -0.3 14.4 -4.1
v -0.3 14.4 -4.6
v -0.3 14.4 -4.7
v -0.3 14.4 -4.8
v -0.3 14.4 -4.9
v -0.3 14.4 -5
v -0.3 14.5 -4.5
v -0.3 14.5 -4.6
v -0.3 14.5 -4.7
v -0.3 14.5 -4.8
v -0.3 14.5 -4.9
v -0.3 14.6 -4.4
v -0.3 14.6 -4.5
v -0.3 14.6 -4.6
v -0.3 14.6 -4.7
v -0.3 14.6 -4.8
v -0.3 14.7 -4.3
v -0.3 14.7 -4.4
v -0.3 14.7 -4.5
v -0.3 14.7 -4.6
v -0.3 14.7 -4.7
v -0.3 14.8 -4.4
v -0.3 14.8 -4.5
v -0.3 14.8 -4.6
v -0.3 14.9 -4.2
v -0.3 14.9 -4.3
v -0.3 14.9 -4.4
v -0.3 14.9 -4.5
v -0.3 15 -4
v -0.3 15 -4.2
v -0.3 15 -4.3
v -0.3 15 -4.4
v -0.3 15 -4.9
v -0.3 15 -5
v -0.3 15.1 -4.2
v -0.3 15.1 -4.3
v -0.3 15.1 -4.8
v -0.3 15.1 -4.9
v -0.3 15.1 -5
v -0.3 15.2 -4.1
v -0.3 15.2 -4.2
v -0.3 15.2 -4.7
v -0.3 15.2 -4.8
v -0.3 15.2 -4.9
v -0.3 15.3 -4
v -0.3 15.3 -4.1
v -0.3 15.3 -4.6
v -0.3 15.3 -4.7
v -0.3 15.3 -4.8
v -0.3 15.4 -4.5
v -0.3 15.4 -4.6
v -0.3 15.4 -4.7
v -0.3 15.5 -4.4
v -0.3 15.5 -4.5
v -0.3 15.5 -4.6
v -0.3 15.6 -4.2
v -0.3 15.6 -4.4
v -0.3 15.6 -4.5
v -0.3 15.7 -4.2
v -0.3 15.7 -4.4
v -0.3 15.8 -4
v -0.3 15.8 -4.1
v -0.3 15.9 -4
v -0.3 15.9 -4.1
v -0.3 15.9 -4.2
v -0.3 16 -4.1
v -0.3 16 -4.2
v -0.3 16 -4.4
v -0.3 16.1 -4.2
v -0.3 16.1 -4.4
v -0.3 16.1 -4.5
v -0.3 16.2 -4.4
v -0.3 16.2 -4.5
v -0.3 16.2 -4.6
v -0.3 16.3 -4.5
v -0.3 16.3 -4.6
v -0.3 16.3 -4.8
v -0.3 16.4 -4.6
v -0.3 16.4 -4.8
v -0.3 16.4 -4.9
v -0.3 16.5 -4.8
v -0.3 16.5 -4.9
v -0.3 16.5 -5
v -0.3 16.6 -4.9
v -0.3 16.6 -5
v -0.3 16.8 -4.9
v -0.3 16.8 -5
v -0.3 16.9 -4.9
v -0.3 16.9 -5
v -0.3 17.5 -4
v -0.3 17.5 -4.1
v -0.3 17.6 -4.9
v -0.3 17.6 -5
v -0.3 17.8 -4.9
v -0.3 17.8 -5
v -0.3 17.9 -4
v -0.3 17.9 -4.1
v -0.3 17.9 -4.2
v -0.3 18.3 -4
v -0.3 18.3 -4.1
v -0.3 18.3 -4.2
v -0.3 18.5 -4
v -0.3 18.5 -4.1
v -0.3 18.7 -4
v -0.3 18.7 -4.2
v -0.3 18.8 -4
v -0.3 18.8 -4.2
v -0.3 18.8 -4.4
v -0.3 18.9 -4.2
v -0.3 18.9 -4.4
v -0.3 18.9 -4.6
v -0.3 19 -4.4
v -0.3 19 -4.6
v -0.3 19 -4.8
v -0.3 19.1 -4.6
v -0.3 19.1 -4.8
v -0.3 19.1 -5
v -0.3 19.2 -4.8
v -0.3 19.2 -5
v -0.3 19.4 -4.9
v -0.3 19.4 -5
v -0.3 19.6 -4.9
v -0.3 19.6 -5
v -0.3 19.7 -4.7
v -0.3 19.7 -4.9
v -0.3 19.7 -5
v -0.3 19.8 -4.4
v -0.3 19.8 -4.7
v -0.3 19.8 -4.9
v -0.3 19.8 -5
v -0.3 19.9 -4.2
v -0.3 19.9 -4.4
v -0.3 19.9 -4.7
v -0.3 20 -4
v -0.3 20 -4.2
v -0.3 20 -4.4
v -0.3 20.1 -4
v -0.3 20.1 -4.2
v -0.3 20.3 -4.8
v -0.3 20.3 -4.9
v -0.3 20.3 -5
v -0.3 20.8 -4.9
v -0.3 20.8 -5
v -0.3 20.9 -4.6
v -0.3 20.9 -4.8
v -0.3 20.9 -5
v -0.3 21 -4.4
v -0.3 21 -4.6
v -0.3 21 -4.7
v -0.3 21.1 -4.1
v -0.3 21.1 -4.4
v -0.3 21.1 -4.6
v -0.3 21.2 -4
v -0.3 21.2 -4.1
v -0.3 21.2 -4.4
v -0.3 21.2 -4.6
v -0.3 21.2 -4.7
v -0.3 21.2 -4.8
v -0.3 21.3 -4
v -0.3 21.3 -4.1
v -0.3 21.7 -4.9
v -0.3 21.7 -5
v -0.3 21.8 -4.9
v -0.3 21.8 -5
v -0.3 22.1 -4.5
v -0.3 22.1 -4.6
v -0.3 22.1 -4.7
v -0.3 22.7 -4.4
v -0.3 22.7 -4.5
v -0.3 22.7 -4.6
v -0.3 23.1 -4.9
v -0.3 23.1 -5
v -0.3 23.2 -4.3
v -0.3 23.2 -4.4
v -0.3 23.2 -4.5
v -0.3 23.4 -4
v -0.3 23.4 -4.1
v -0.3 23.4 -4.9
v -0.3 23.4 -5
v -0.3 23.5 -4
v -0.3 23.5 -4.1
v -0.3 23.7 -4.1
v -0.3 23.7 -4.3
v -0.3 23.7 -4.4
v -0.3 23.9 -4.1
v -0.3 23.9 -4.2
v -0.3 23.9 -4.8
v -0.3 23.9 -5
v -0.3 24 -4
v -0.3 24 -4.1
v -0.3 24 -4.3
v -0.3 24 -4.8
v -0.3 24 -5
v -0.3 24.1 -4.1
v -0.3 24.1 -4.2
v -0.3 24.1 -4.3
v -0.3 24.1 -4.8
v -0.3 24.2 -4
v -0.3 24.2 -4.1
v -0.3 24.3 -4.8
v -0.3 24.3 -5
v -0.3 24.4 -4.2
v -0.3 24.4 -4.3
v -0.3 24.4 -4.4
v -0.3 24.4 -4.7
v -0.3 24.4 -4.8
v -0.3 24.4 -4.9
v -0.3 24.4 -5
v -0.3 24.5 -4.3
v -0.3 24.5 -4.4
v -0.3 24.5 -4.5
v -0.3 24.5 -4.6
v -0.3 24.5 -4.7
v -0.3 24.5 -4.8
v -0.3 24.5 -4.9
v -0.3 24.6 -4
v -0.3 24.6 -4.1
v -0.3 24.6 -4.2
v -0.3 24.6 -4.4
v -0.3 24.6 -4.5
v -0.3 24.6 -4.6
v -0.3 24.6 -4.7
v -0.3 24.6 -4.8
v -0.3 24.7 -4.4
v -0.3 24.7 -4.5
v -0.3 24.7 -4.6
v -0.3 24.7 -4.7
v -0.3 24.8 -4.3
v -0.3 24.8 -4.4
v -0.3 24.8 -4.6
v -0.3 24.8 -4.7
v -0.3 24.9 -4.6
v -0.3 24.9 -4.7
v -0.3 24.9 -4.8
v -0.3 25 -4.1
v -0.3 25 -4.3
v -0.3 25 -4.4
v -0.3 25 -4.7
v -0.3 25 -4.8
v -0.3 25 -4.9
v -0.3 25.1 -4.2
v -0.3 25.1 -4.3
v -0.3 25.1 -4.8
v -0.3 25.1 -4.9
v -0.3 25.1 -5
v -0.3 25.2 -4.1
v -0.3 25.2 -4.2
v -0.3 25.2 -4.9
v -0.3 25.2 -5
v -0.3 25.3 -4
v -0.3 25.3 -4.1
v -0.3 25.6 -4
v -0.3 25.6 -5
v 0.3 0 -4
v 0.3 0 -5
v 0.3 0.3 -4
v 0.3 0.3 -4.1
v 0.3 0.4 -4.1
v 0.3 0.4 -4.2
v 0.3 0.5 -4.2
v 0.3 0.5 -4.3
v 0.3 0.6 -4.1
v 0.3 0.6 -4.3
v 0.3 0.6 -4.4
v 0.3 0.8 -4.3
v 0.3 0.8 -4.4
v 0.3 0.8 -4.6
v 0.3 0.9 -4.4
v 0.3 0.9 -4.6
v 0.3 0.9 -4.7
v 0.3 1 -4
v 0.3 1 -4.1
v 0.3 1 -4.2
v 0.3 1 -4.7
v 0.3 1 -4.8
v 0.3 1.1 -4.6
v 0.3 1.1 -4.7
v 0.3 1.1 -4.8
v 0.3 1.1 -4.9
v 0.3 1.2 -4.7
v 0.3 1.2 -4.8
v 0.3 1.2 -4.9
v 0.3 1.2 -5
v 0.3 1.3 -4
v 0.3 1.3 -4.1
v 0.3 1.3 -4.8
v 0.3 1.3 -5
v 0.3 1.4 -4
v 0.3 1.4 -4.1
v 0.3 1.5 -4.1
v 0.3 1.5 -4.2
v 0.3 1.5 -4.3
v 0.3 1.7 -4.1
v 0.3 1.7 -4.2
v 0.3 1.9 -4.1
v 0.3 1.9 -4.3
v 0.3 1.9 -4.4
v 0.3 2 -4.9
v 0.3 2 -5
v 0.3 2.1 -4
v 0.3 2.1 -4.1
v 0.3 2.1 -4.9
v 0.3 2.1 -5
v 0.3 2.2 -4
v 0.3 2.2 -4.1
v 0.3 2.2 -4.9
v 0.3 2.2 -5
v 0.3 2.4 -4.3
v 0.3 2.4 -4.4
v 0.3 2.4 -4.5
v 0.3 2.5 -4.9
v 0.3 2.5 -5
v 0.3 2.6 -4.9
v 0.3 2.6 -5
v 0.3 2.7 -4.9
v 0.3 2.7 -5
v 0.3 2.9 -4.4
v 0.3 2.9 -4.5
v 0.3 2.9 -4.6
v 0.3 2.9 -4.9
v 0.3 2.9 -5
v 0.3 3 -4.9
v 0.3 3 -5
v 0.3 3.5 -4.4
v 0.3 3.5 -4.5
v 0.3 3.5 -4.6
v 0.3 3.5 -4.7
v 0.3 3.6 -4.4
v 0.3 3.6 -4.5
v 0.3 3.8 -4.9
v 0.3 3.8 -5
v 0.3 3.9 -4.9
v 0.3 3.9 -5
v 0.3 4.3 -4
v 0.3 4.3 -4.1
v 0.3 4.4 -4
v 0.3 4.4 -4.1
v 0.3 4.4 -4.4
v 0.3 4.4 -4.6
v 0.3 4.4 -4.7
v 0.3 4.4 -4.8
v 0.3 4.5 -4.1
v 0.3 4.5 -4.4
v 0.3 4.5 -4.6
v 0.3 4.6 -4.4
v 0.3 4.6 -4.6
v 0.3 4.6 -4.7
v 0.3 4.7 -4.6
v 0.3 4.7 -4.8
v 0.3 4.7 -5
v 0.3 4.8 -4.9
v 0.3 4.8 -5
v 0.3 5.3 -4.8
v 0.3 5.3 -4.9
v 0.3 5.3 -5
v 0.3 5.5 -4
v 0.3 5.5 -4.1
v 0.3 5.6 -4
v 0.3 5.6 -4.1
v 0.3 5.8 -4.9
v 0.3 5.8 -5
v 0.3 5.9 -4.9
v 0.3 5.9 -5
v 0.3 6.2 -4.9
v 0.3 6.2 -5
v 0.3 6.4 -4.8
v 0.3 6.4 -5
v 0.3 6.5 -4.6
v 0.3 6.5 -4.8
v 0.3 6.5 -5
v 0.3 6.6 -4.4
v 0.3 6.6 -4.6
v 0.3 6.6 -4.8
v 0.3 6.7 -4.2
v 0.3 6.7 -4.4
v 0.3 6.7 -4.6
v 0.3 6.8 -4
v 0.3 6.8 -4.2
v 0.3 6.8 -4.4
v 0.3 6.8 -4.6
v 0.3 6.9 -4
v 0.3 6.9 -4.6
v 0.3 7.3 -4.2
v 0.3 7.3 -4.6
v 0.3 7.4 -4.2
v 0.3 7.4 -4.6
v 0.3 7.4 -5
v 0.3 7.5 -4.6
v 0.3 7.5 -5
v 0.3 8 -4.9
v 0.3 8 -5
v 0.3 8.1 -4.9
v 0.3 8.1 -5
v 0.3 8.2 -4.9
v 0.3 8.2 -5
v 0.3 8.3 -4.9
v 0.3 8.3 -5
v 0.3 8.4 -4.9
v 0.3 8.4 -5
v 0.3 8.6 -4.9
v 0.3 8.6 -5
v 0.3 8.7 -4.9
v 0.3 8.7 -5
v 0.3 8.9 -4.9
v 0.3 8.9 -5
v 0.3 9 -4.9
v 0.3 9 -5
v 0.3 9.1 -4.9
v 0.3 9.1 -5
v 0.3 9.2 -4.9
v 0.3 9.2 -5
v 0.3 10.3 -4
v 0.3 10.3 -4.1
v 0.3 10.4 -4
v 0.3 10.4 -4.1
v 0.3 10.4 -4.2
v 0.3 10.5 -4
v 0.3 10.5 -4.1
v 0.3 10.5 -4.2
v 0.3 10.5 -4.3
v 0.3 10.6 -4
v 0.3 10.6 -4.1
v 0.3 10.6 -4.2
v 0.3 10.6 -4.3
v 0.3 10.6 -4.4
v 0.3 10.7 -4.3
v 0.3 10.7 -4.4
v 0.3 10.7 -4.5
v 0.3 10.8 -4.4
v 0.3 10.8 -4.5
v 0.3 10.8 -4.6
v 0.3 10.9 -4.5
v 0.3 10.9 -4.6
v 0.3 10.9 -4.7
v 0.3 11 -4.6
v 0.3 11 -4.7
v 0.3 11 -4.8
v 0.3 11.1 -4.7
v 0.3 11.1 -4.8
v 0.3 11.1 -4.9
v 0.3 11.2 -4
v 0.3 11.2 -4.1
v 0.3 11.2 -4.8
v 0.3 11.2 -4.9
v 0.3 11.2 -5
v 0.3 11.4 -4
v 0.3 11.4 -4.1
v 0.3 11.4 -4.2
v 0.3 11.5 -4.1
v 0.3 11.5 -4.2
v 0.3 11.5 -4.3
v 0.3 11.5 -4.9
v 0.3 11.5 -5
v 0.3 11.6 -4.2
v 0.3 11.6 -4.3
v 0.3 11.6 -4.4
v 0.3 11.7 -4.3
v 0.3 11.7 -4.4
v 0.3 11.7 -4.6
v 0.3 11.8 -4.4
v 0.3 11.8 -4.6
v 0.3 11.8 -4.7
v 0.3 11.9 -4.6
v 0.3 11.9 -4.7
v 0.3 11.9 -4.8
v 0.3 11.9 -4.9
v 0.3 11.9 -5
v 0.3 12 -4.3
v 0.3 12 -4.7
v 0.3 12 -4.8
v 0.3 12 -4.9
v 0.3 12.1 -4.3
v 0.3 12.1 -5
v 0.3 12.2 -4.9
v 0.3 12.2 -5
v 0.3 12.3 -4.9
v 0.3 12.3 -5
v 0.3 12.5 -4
v 0.3 12.5 -4.2
v 0.3 12.5 -4.9
v 0.3 12.5 -5
v 0.3 12.6 -4
v 0.3 12.6 -4.2
v 0.3 12.6 -4.9
v 0.3 12.7 -4
v 0.3 12.7 -4.2
v 0.3 12.7 -4.7
v 0.3 12.7 -5
v 0.3 12.9 -4
v 0.3 12.9 -4.2
v 0.3 12.9 -4.7
v 0.3 12.9 -5
v 0.3 13 -4
v 0.3 13 -4.2
v 0.3 13 -4.9
v 0.3 13.1 -4
v 0.3 13.1 -4.2
v 0.3 13.1 -4.9
v 0.3 13.1 -5
v 0.3 13.3 -4.9
v 0.3 13.3 -5
v 0.3 13.4 -4.9
v 0.3 13.4 -5
v 0.3 13.5 -4.3
v 0.3 13.5 -5
v 0.3 13.6 -4.3
v 0.3 13.6 -4.7
v 0.3 13.6 -4.8
v 0.3 13.6 -4.9
v 0.3 13.7 -4.6
v 0.3 13.7 -4.7
v 0.3 13.7 -4.8
v 0.3 13.7 -4.9
v 0.3 13.7 -5
v 0.3 13.8 -4.4
v 0.3 13.8 -4.6
v 0.3 13.8 -4.7
v 0.3 13.9 -4.3
v 0.3 13.9 -4.4
v 0.3 13.9 -4.6
v 0.3 14 -4.2
v 0.3 14 -4.3
v 0.3 14 -4.4
v 0.3 14.1 -4.1
v 0.3 14.1 -4.2
v 0.3 14.1 -4.3
v 0.3 14.1 -4.9
v 0.3 14.1 -5
v 0.3 14.2 -4
v 0.3 14.2 -4.1
v 0.3 14.2 -4.2
v 0.3 14.4 -4
v 0.3 14.4 -4.1
v 0.3 14.4 -4.8
v 0.3 14.4 -4.9
v 0.3 14.4 -5
v 0.3 14.5 -4.7
v 0.3 14.5 -4.8
v 0.3 14.5 -4.9
v 0.3 14.6 -4.6
v 0.3 14.6 -4.7
v 0.3 14.6 -4.8
v 0.3 14.7 -4.5
v 0.3 14.7 -4.6
v 0.3 14.7 -4.7
v 0.3 14.8 -4.4
v 0.3 14.8 -4.5
v 0.3 14.8 -4.6
v 0.3 14.9 -4.3
v 0.3 14.9 -4.4
v 0.3 14.9 -4.5
v 0.3 15 -4
v 0.3 15 -4.1
v 0.3 15 -4.2
v 0.3 15 -4.3
v 0.3 15 -4.4
v 0.3 15.1 -4
v 0.3 15.1 -4.1
v 0.3 15.1 -4.2
v 0.3 15.1 -4.3
v 0.3 15.2 -4
v 0.3 15.2 -4.1
v 0.3 15.2 -4.2
v 0.3 15.3 -4
v 0.3 15.3 -4.1
v 0.3 16.4 -4.9
v 0.3 16.4 -5
v 0.3 16.5 -4.9
v 0.3 16.5 -5
v 0.3 17.2 -4.9
v 0.3 17.2 -5
v 0.3 17.3 -4.9
v 0.3 17.3 -5
v 0.3 17.4 -4.9
v 0.3 17.4 -5
v 0.3 18.1 -4.6
v 0.3 18.1 -5
v 0.3 18.2 -4.2
v 0.3 18.2 -4.6
v 0.3 18.2 -5
v 0.3 18.3 -4.2
v 0.3 18.3 -4.6
v 0.3 18.7 -4
v 0.3 18.7 -4.6
v 0.3 18.8 -4
v 0.3 18.8 -4.2
v 0.3 18.8 -4.4
v 0.3 18.8 -4.6
v 0.3 18.9 -4.2
v 0.3 18.9 -4.4
v 0.3 18.9 -4.6
v 0.3 19 -4.4
v 0.3 19 -4.6
v 0.3 19 -4.8
v 0.3 19.1 -4.6
v 0.3 19.1 -4.8
v 0.3 19.1 -5
v 0.3 19.2 -4.8
v 0.3 19.2 -5
v 0.3 19.4 -4.9
v 0.3 19.4 -5
v 0.3 19.7 -4.9
v 0.3 19.7 -5
v 0.3 19.8 -4.9
v 0.3 19.8 -5
v 0.3 20 -4
v 0.3 20 -4.1
v 0.3 20.1 -4
v 0.3 20.1 -4.1
v 0.3 20.3 -4.8
v 0.3 20.3 -4.9
v 0.3 20.3 -5
v 0.3 20.8 -4.9
v 0.3 20.8 -5
v 0.3 20.9 -4.6
v 0.3 20.9 -4.8
v 0.3 20.9 -5
v 0.3 21 -4.4
v 0.3 21 -4.6
v 0.3 21 -4.7
v 0.3 21.1 -4.1
v 0.3 21.1 -4.4
v 0.3 21.1 -4.6
v 0.3 21.2 -4
v 0.3 21.2 -4.1
v 0.3 21.2 -4.4
v 0.3 21.2 -4.6
v 0.3 21.2 -4.7
v 0.3 21.2 -4.8
v 0.3 21.3 -4
v 0.3 21.3 -4.1
v 0.3 21.7 -4.9
v 0.3 21.7 -5
v 0.3 21.8 -4.9
v 0.3 21.8 -5
v 0.3 22 -4.4
v 0.3 22 -4.5
v 0.3 22.1 -4.4
v 0.3 22.1 -4.5
v 0.3 22.1 -4.6
v 0.3 22.1 -4.7
v 0.3 22.7 -4.4
v 0.3 22.7 -4.5
v 0.3 22.7 -4.6
v 0.3 23.1 -4.9
v 0.3 23.1 -5
v 0.3 23.2 -4.3
v 0.3 23.2 -4.4
v 0.3 23.2 -4.5
v 0.3 23.4 -4
v 0.3 23.4 -4.1
v 0.3 23.4 -4.9
v 0.3 23.4 -5
v 0.3 23.5 -4
v 0.3 23.5 -4.1
v 0.3 23.7 -4.1
v 0.3 23.7 -4.3
v 0.3 23.7 -4.4
v 0.3 23.9 -4.1
v 0.3 23.9 -4.2
v 0.3 24.1 -4.1
v 0.3 24.1 -4.2
v 0.3 24.1 -4.3
v 0.3 24.2 -4
v 0.3 24.2 -4.1
v 0.3 24.3 -4
v 0.3 24.3 -4.1
v 0.3 24.3 -4.8
v 0.3 24.3 -5
v 0.3 24.4 -4.7
v 0.3 24.4 -4.8
v 0.3 24.4 -4.9
v 0.3 24.4 -5
v 0.3 24.5 -4.6
v 0.3 24.5 -4.7
v 0.3 24.5 -4.8
v 0.3 24.5 -4.9
v 0.3 24.6 -4
v 0.3 24.6 -4.1
v 0.3 24.6 -4.2
v 0.3 24.6 -4.7
v 0.3 24.6 -4.8
v 0.3 24.7 -4.4
v 0.3 24.7 -4.6
v 0.3 24.7 -4.7
v 0.3 24.8 -4.3
v 0.3 24.8 -4.4
v 0.3 24.8 -4.6
v 0.3 25 -4.1
v 0.3 25 -4.3
v 0.3 25 -4.4
v 0.3 25.1 -4.2
v 0.3 25.1 -4.3
v 0.3 25.2 -4.1
v 0.3 25.2 -4.2
v 0.3 25.3 -4
v 0.3 25.3 -4.1
v 0.3 25.6 -4
v 0.3 25.6 -5
v -0.3 0 -4
v -0.3 0.3 -4
v -0.3 1 -4
v -0.3 1.4 -4
v -0.3 1.6 -4
v -0.3 2.1 -4
v -0.3 2.2 -4
v -0.3 4.3 -4
v -0.3 4.4 -4
v -0.3 5.5 -4
v -0.3 5.6 -4
v -0.3 6.8 -4
v -0.3 6.9 -4
v -0.3 7.1 -4
v -0.3 7.3 -4
v -0.3 7.7 -4
v -0.3 8.1 -4
v -0.3 9.7 -4
v -0.3 9.8 -4
v -0.3 10.3 -4
v -0.3 10.6 -4
v -0.3 11.2 -4
v -0.3 11.4 -4
v -0.3 12.1 -4
v -0.3 12.2 -4
v -0.3 12.5 -4
v -0.3 12.6 -4
v -0.3 13 -4
v -0.3 13.1 -4
v -0.3 13.4 -4
v -0.3 13.5 -4
v -0.3 14.2 -4
v -0.3 14.4 -4
v -0.3 15 -4
v -0.3 15.3 -4
v -0.3 15.8 -4
v -0.3 15.9 -4
v -0.3 17.5 -4
v -0.3 17.9 -4
v -0.3 18.3 -4
v -0.3 18.5 -4
v -0.3 18.7 -4
v -0.3 18.8 -4
v -0.3 20 -4
v -0.3 20.1 -4
v -0.3 21.2 -4
v -0.3 21.3 -4
v -0.3 23.4 -4
v -0.3 23.5 -4
v -0.3 24 -4
v -0.3 24.2 -4
v -0.3 24.6 -4
v -0.3 25.3 -4
v -0.3 25.6 -4
v -0.2 0.3 -4
v -0.2 1 -4
v -0.2 2.1 -4
v -0.2 2.2 -4
v -0.2 6.8 -4
v -0.2 6.9 -4
v -0.2 7.1 -4
v -0.2 7.2 -4
v -0.2 7.3 -4
v -0.2 7.7 -4
v -0.2 7.8 -4
v -0.2 7.9 -4
v -0.2 8.1 -4
v -0.2 9.7 -4
v -0.2 9.8 -4
v -0.2 10.3 -4
v -0.2 10.6 -4
v -0.2 10.7 -4
v -0.2 11 -4
v -0.2 11.2 -4
v -0.2 11.4 -4
v -0.2 12.1 -4
v -0.2 12.2 -4
v -0.2 12.4 -4
v -0.2 12.5 -4
v -0.2 12.6 -4
v -0.2 13 -4
v -0.2 13.1 -4
v -0.2 13.2 -4
v -0.2 13.4 -4
v -0.2 13.5 -4
v -0.2 14.2 -4
v -0.2 14.4 -4
v -0.2 14.6 -4
v -0.2 14.9 -4
v -0.2 15 -4
v -0.2 15.3 -4
v -0.2 15.8 -4
v -0.2 15.9 -4
v -0.2 17.5 -4
v -0.2 17.7 -4
v -0.2 17.8 -4
v -0.2 17.9 -4
v -0.2 18.3 -4
v -0.2 18.4 -4
v -0.2 18.5 -4
v -0.2 18.7 -4
v -0.2 18.8 -4
v -0.2 23.4 -4
v -0.2 23.5 -4
v -0.2 24.6 -4
v -0.2 25.3 -4
v -0.1 4.2 -4
v -0.1 4.3 -4
v -0.1 4.4 -4
v -0.1 7 -4
v -0.1 7.1 -4
v -0.1 7.2 -4
v -0.1 7.7 -4
v -0.1 7.8 -4
v -0.1 7.9 -4
v -0.1 10.6 -4
v -0.1 10.7 -4
v -0.1 11 -4
v -0.1 11.2 -4
v -0.1 12.4 -4
v -0.1 12.5 -4
v -0.1 12.6 -4
v -0.1 13 -4
v -0.1 13.1 -4
v -0.1 13.2 -4
v -0.1 14.4 -4
v -0.1 14.6 -4
v -0.1 14.9 -4
v -0.1 15 -4
v -0.1 17.7 -4
v -0.1 17.8 -4
v -0.1 17.9 -4
v -0.1 18.4 -4
v -0.1 18.5 -4
v -0.1 18.6 -4
v -0.1 21.2 -4
v -0.1 21.3 -4
v -0.1 21.4 -4
v 0 1.3 -4
v 0 1.4 -4
v 0 1.5 -4
v 0 6.9 -4
v 0 7 -4
v 0 7.1 -4
v 0 12.5 -4
v 0 12.6 -4
v 0 12.7 -4
v 0 12.9 -4
v 0 13 -4
v 0 13.1 -4
v 0 18.5 -4
v 0 18.6 -4
v 0 18.7 -4
v 0 24.1 -4
v 0 24.2 -4
v 0 24.3 -4
v 0.1 4.2 -4
v 0.1 4.3 -4
v 0.1 4.4 -4
v 0.1 7.6 -4
v 0.1 7.7 -4
v 0.1 7.8 -4
v 0.1 10.6 -4
v 0.1 10.7 -4
v 0.1 11 -4
v 0.1 11.2 -4
v 0.1 12.6 -4
v 0.1 12.7 -4
v 0.1 12.9 -4
v 0.1 13 -4
v 0.1 14.4 -4
v 0.1 14.6 -4
v 0.1 14.9 -4
v 0.1 15 -4
v 0.1 17.8 -4
v 0.1 17.9 -4
v 0.1 18 -4
v 0.1 21.2 -4
v 0.1 21.3 -4
v 0.1 21.4 -4
v 0.2 0.3 -4
v 0.2 1 -4
v 0.2 1.5 -4
v 0.2 1.6 -4
v 0.2 2.1 -4
v 0.2 2.2 -4
v 0.2 6.8 -4
v 0.2 6.9 -4
v 0.2 7 -4
v 0.2 7.6 -4
v 0.2 7.7 -4
v 0.2 10.3 -4
v 0.2 10.4 -4
v 0.2 10.5 -4
v 0.2 10.6 -4
v 0.2 10.7 -4
v 0.2 11 -4
v 0.2 11.2 -4
v 0.2 11.4 -4
v 0.2 12.5 -4
v 0.2 12.6 -4
v 0.2 13 -4
v 0.2 13.1 -4
v 0.2 14.2 -4
v 0.2 14.4 -4
v 0.2 14.6 -4
v 0.2 14.9 -4
v 0.2 15 -4
v 0.2 15.1 -4
v 0.2 15.2 -4
v 0.2 15.3 -4
v 0.2 17.9 -4
v 0.2 18 -4
v 0.2 18.6 -4
v 0.2 18.7 -4
v 0.2 18.8 -4
v 0.2 23.4 -4
v 0.2 23.5 -4
v 0.2 24 -4
v 0.2 24.1 -4
v 0.2 24.6 -4
v 0.2 25.3 -4
v 0.3 0 -4
v 0.3 0.3 -4
v 0.3 1 -4
v 0.3 1.3 -4
v 0.3 1.4 -4
v 0.3 2.1 -4
v 0.3 2.2 -4
v 0.3 4.3 -4
v 0.3 4.4 -4
v 0.3 5.5 -4
v 0.3 5.6 -4
v 0.3 6.8 -4
v 0.3 6.9 -4
v 0.3 10.3 -4
v 0.3 10.4 -4
v 0.3 10.5 -4
v 0.3 10.6 -4
v 0.3 11.2 -4
v 0.3 11.4 -4
v 0.3 12.5 -4
v 0.3 12.6 -4
v 0.3 12.7 -4
v 0.3 12.9 -4
v 0.3 13 -4
v 0.3 13.1 -4
v 0.3 14.2 -4
v 0.3 14.4 -4
v 0.3 15 -4
v 0.3 15.1 -4
v 0.3 15.2 -4
v 0.3 15.3 -4
v 0.3 18.7 -4
v 0.3 18.8 -4
v 0.3 20 -4
v 0.3 20.1 -4
v 0.3 21.2 -4
v 0.3 21.3 -4
v 0.3 23.4 -4
v 0.3 23.5 -4
v 0.3 24.2 -4
v 0.3 24.3 -4
v 0.3 24.6 -4
v 0.3 25.3 -4
v 0.3 25.6 -4
v -0.3 0 -5
v -0.3 0.4 -5
v -0.3 0.5 -5
v -0.3 1.2 -5
v -0.3 1.3 -5
v -0.3 1.6 -5
v -0.3 1.7 -5
v -0.3 2 -5
v -0.3 2.1 -5
v -0.3 2.2 -5
v -0.3 2.5 -5
v -0.3 2.6 -5
v -0.3 2.7 -5
v -0.3 2.9 -5
v -0.3 3 -5
v -0.3 3.8 -5
v -0.3 3.9 -5
v -0.3 4.7 -5
v -0.3 4.8 -5
v -0.3 5.3 -5
v -0.3 5.8 -5
v -0.3 5.9 -5
v -0.3 6 -5
v -0.3 6.2 -5
v -0.3 6.4 -5
v -0.3 6.5 -5
v -0.3 7.8 -5
v -0.3 8 -5
v -0.3 8.1 -5
v -0.3 8.3 -5
v -0.3 8.4 -5
v -0.3 8.6 -5
v -0.3 8.7 -5
v -0.3 8.8 -5
v -0.3 8.9 -5
v -0.3 9 -5
v -0.3 9.1 -5
v -0.3 10.5 -5
v -0.3 10.6 -5
v -0.3 11.2 -5
v -0.3 11.5 -5
v -0.3 11.9 -5
v -0.3 12.1 -5
v -0.3 12.3 -5
v -0.3 12.5 -5
v -0.3 12.7 -5
v -0.3 12.9 -5
v -0.3 13.1 -5
v -0.3 13.3 -5
v -0.3 13.5 -5
v -0.3 13.7 -5
v -0.3 14.1 -5
v -0.3 14.4 -5
v -0.3 15 -5
v -0.3 15.1 -5
v -0.3 16.5 -5
v -0.3 16.6 -5
v -0.3 16.8 -5
v -0.3 16.9 -5
v -0.3 17.6 -5
v -0.3 17.8 -5
v -0.3 19.1 -5
v -0.3 19.2 -5
v -0.3 19.4 -5
v -0.3 19.6 -5
v -0.3 19.7 -5
v -0.3 19.8 -5
v -0.3 20.3 -5
v -0.3 20.8 -5
v -0.3 20.9 -5
v -0.3 21.7 -5
v -0.3 21.8 -5
v -0.3 23.1 -5
v -0.3 23.4 -5
v -0.3 23.9 -5
v -0.3 24 -5
v -0.3 24.3 -5
v -0.3 24.4 -5
v -0.3 25.1 -5
v -0.3 25.2 -5
v -0.3 25.6 -5
v -0.2 0.4 -5
v -0.2 0.5 -5
v -0.2 1.6 -5
v -0.2 1.7 -5
v -0.2 2 -5
v -0.2 2.1 -5
v -0.2 2.6 -5
v -0.2 2.7 -5
v -0.2 2.9 -5
v -0.2 3 -5
v -0.2 4.7 -5
v -0.2 4.8 -5
v -0.2 5.3 -5
v -0.2 5.8 -5
v -0.2 5.9 -5
v -0.2 6 -5
v -0.2 6.1 -5
v -0.2 6.2 -5
v -0.2 6.3 -5
v -0.2 6.4 -5
v -0.2 6.5 -5
v -0.2 7.7 -5
v -0.2 7.8 -5
v -0.2 8 -5
v -0.2 8.1 -5
v -0.2 8.3 -5
v -0.2 8.4 -5
v -0.2 8.6 -5
v -0.2 8.7 -5
v -0.2 8.8 -5
v -0.2 8.9 -5
v -0.2 9 -5
v -0.2 10.5 -5
v -0.2 10.6 -5
v -0.2 11.2 -5
v -0.2 11.4 -5
v -0.2 11.8 -5
v -0.2 11.9 -5
v -0.2 12.1 -5
v -0.2 12.3 -5
v -0.2 12.4 -5
v -0.2 13.2 -5
v -0.2 13.3 -5
v -0.2 13.5 -5
v -0.2 13.7 -5
v -0.2 13.8 -5
v -0.2 14.2 -5
v -0.2 14.4 -5
v -0.2 15 -5
v -0.2 15.1 -5
v -0.2 16.8 -5
v -0.2 16.9 -5
v -0.2 17 -5
v -0.2 17.5 -5
v -0.2 17.6 -5
v -0.2 17.8 -5
v -0.2 17.9 -5
v -0.2 19.1 -5
v -0.2 19.2 -5
v -0.2 19.3 -5
v -0.2 19.4 -5
v -0.2 19.5 -5
v -0.2 19.6 -5
v -0.2 19.7 -5
v -0.2 19.8 -5
v -0.2 20.3 -5
v -0.2 20.8 -5
v -0.2 20.9 -5
v -0.2 23.9 -5
v -0.2 24 -5
v -0.2 25.1 -5
v -0.2 25.2 -5
v -0.1 2.2 -5
v -0.1 2.3 -5
v -0.1 6 -5
v -0.1 6.1 -5
v -0.1 6.3 -5
v -0.1 6.4 -5
v -0.1 7.6 -5
v -0.1 7.7 -5
v -0.1 7.8 -5
v -0.1 8.5 -5
v -0.1 8.6 -5
v -0.1 8.7 -5
v -0.1 11.5 -5
v -0.1 11.8 -5
v -0.1 11.9 -5
v -0.1 12.2 -5
v -0.1 12.3 -5
v -0.1 12.4 -5
v -0.1 12.5 -5
v -0.1 12.6 -5
v -0.1 13 -5
v -0.1 13.1 -5
v -0.1 13.2 -5
v -0.1 13.3 -5
v -0.1 13.4 -5
v -0.1 13.7 -5
v -0.1 13.8 -5
v -0.1 14.1 -5
v -0.1 16.9 -5
v -0.1 17 -5
v -0.1 17.1 -5
v -0.1 17.8 -5
v -0.1 17.9 -5
v -0.1 18 -5
v -0.1 19.2 -5
v -0.1 19.3 -5
v -0.1 19.5 -5
v -0.1 19.6 -5
v -0.1 23.3 -5
v -0.1 23.4 -5
v 0 7.5 -5
v 0 7.6 -5
v 0 7.7 -5
v 0 8 -5
v 0 8.1 -5
v 0 8.2 -5
v 0 8.4 -5
v 0 8.5 -5
v 0 8.6 -5
v 0 12.1 -5
v 0 12.2 -5
v 0 12.3 -5
v 0 13.3 -5
v 0 13.4 -5
v 0 13.5 -5
v 0 17 -5
v 0 17.1 -5
v 0 17.2 -5
v 0 17.4 -5
v 0 17.5 -5
v 0 17.6 -5
v 0 17.9 -5
v 0 18 -5
v 0 18.1 -5
v 0.1 2.2 -5
v 0.1 2.3 -5
v 0.1 6 -5
v 0.1 6.1 -5
v 0.1 6.3 -5
v 0.1 6.4 -5
v 0.1 7.4 -5
v 0.1 7.5 -5
v 0.1 7.6 -5
v 0.1 11.5 -5
v 0.1 11.8 -5
v 0.1 11.9 -5
v 0.1 12.2 -5
v 0.1 12.3 -5
v 0.1 12.4 -5
v 0.1 12.5 -5
v 0.1 12.6 -5
v 0.1 13 -5
v 0.1 13.1 -5
v 0.1 13.2 -5
v 0.1 13.3 -5
v 0.1 13.4 -5
v 0.1 13.7 -5
v 0.1 13.8 -5
v 0.1 14.1 -5
v 0.1 18 -5
v 0.1 18.1 -5
v 0.1 18.2 -5
v 0.1 19.2 -5
v 0.1 19.3 -5
v 0.1 19.5 -5
v 0.1 19.6 -5
v 0.1 23.3 -5
v 0.1 23.4 -5
v 0.2 2 -5
v 0.2 2.1 -5
v 0.2 2.6 -5
v 0.2 2.7 -5
v 0.2 2.9 -5
v 0.2 3 -5
v 0.2 4.7 -5
v 0.2 4.8 -5
v 0.2 5.3 -5
v 0.2 5.8 -5
v 0.2 5.9 -5
v 0.2 6.1 -5
v 0.2 6.2 -5
v 0.2 6.3 -5
v 0.2 6.4 -5
v 0.2 6.5 -5
v 0.2 8 -5
v 0.2 8.1 -5
v 0.2 8.2 -5
v 0.2 8.3 -5
v 0.2 8.4 -5
v 0.2 8.5 -5
v 0.2 8.6 -5
v 0.2 8.7 -5
v 0.2 8.9 -5
v 0.2 9 -5
v 0.2 9.1 -5
v 0.2 9.2 -5
v 0.2 11.2 -5
v 0.2 11.4 -5
v 0.2 11.8 -5
v 0.2 11.9 -5
v 0.2 12.1 -5
v 0.2 12.2 -5
v 0.2 13.4 -5
v 0.2 13.5 -5
v 0.2 13.7 -5
v 0.2 13.8 -5
v 0.2 14.2 -5
v 0.2 14.4 -5
v 0.2 16.4 -5
v 0.2 16.5 -5
v 0.2 16.6 -5
v 0.2 17.1 -5
v 0.2 17.2 -5
v 0.2 17.3 -5
v 0.2 17.4 -5
v 0.2 17.5 -5
v 0.2 19.1 -5
v 0.2 19.2 -5
v 0.2 19.3 -5
v 0.2 19.4 -5
v 0.2 19.5 -5
v 0.2 19.7 -5
v 0.2 19.8 -5
v 0.2 20.3 -5
v 0.2 20.8 -5
v 0.2 20.9 -5
v 0.3 0 -5
v 0.3 1.2 -5
v 0.3 1.3 -5
v 0.3 2 -5
v 0.3 2.1 -5
v 0.3 2.2 -5
v 0.3 2.5 -5
v 0.3 2.6 -5
v 0.3 2.7 -5
v 0.3 2.9 -5
v 0.3 3 -5
v 0.3 3.8 -5
v 0.3 3.9 -5
v 0.3 4.7 -5
v 0.3 4.8 -5
v 0.3 5.3 -5
v 0.3 5.8 -5
v 0.3 5.9 -5
v 0.3 6.2 -5
v 0.3 6.4 -5
v 0.3 6.5 -5
v 0.3 7.4 -5
v 0.3 7.5 -5
v 0.3 8 -5
v 0.3 8.1 -5
v 0.3 8.2 -5
v 0.3 8.3 -5
v 0.3 8.4 -5
v 0.3 8.6 -5
v 0.3 8.7 -5
v 0.3 8.9 -5
v 0.3 9 -5
v 0.3 9.1 -5
v 0.3 9.2 -5
v 0.3 11.2 -5
v 0.3 11.5 -5
v 0.3 11.9 -5
v 0.3 12.1 -5
v 0.3 12.2 -5
v 0.3 12.3 -5
v 0.3 12.5 -5
v 0.3 12.7 -5
v 0.3 12.9 -5
v 0.3 13.1 -5
v 0.3 13.3 -5
v 0.3 13.4 -5
v 0.3 13.5 -5
v 0.3 13.7 -5
v 0.3 14.1 -5
v 0.3 14.4 -5
v 0.3 16.4 -5
v 0.3 16.5 -5
v 0.3 17.2 -5
v 0.3 17.3 -5
v 0.3 17.4 -5
v 0.3 18.1 -5
v 0.3 18.2 -5
v 0.3 19.1 -5
v 0.3 19.2 -5
v 0.3 19.4 -5
v 0.3 19.7 -5
v 0.3 19.8 -5
v 0.3 20.3 -5
v 0.3 20.8 -5
v 0.3 20.9 -5
v 0.3 21.7 -5
v 0.3 21.8 -5
v 0.3 23.1 -5
v 0.3 23.4 -5
v 0.3 24.3 -5
v 0.3 24.4 -5
v 0.3 25.6 -5
v -0.3 0 -4
v 0.3 0 -4
v -0.3 0 -5
v 0.3 0 -5
v -0.3 25.6 -4
v 0.3 25.6 -4
v -0.3 25.6 -5
v 0.3 25.6 -5

# faces
f 3/1/1 2/1/1 1/1/1
f 4/1/1 2/1/1 3/1/1
f 5/3/1 4/3/1 3/3/1
f 5/1/1 2/1/1 4/1/1
f 6/1/1 2/1/1 5/1/1
f 7/1/1 2/1/1 6/1/1
f 8/1/1 2/1/1 7/1/1
f 9/3/1 6/3/1 5/3/1
f 9/1/1 7/1/1 6/1/1
f 10/1/1 7/1/1 9/1/1
f 11/1/1 7/1/1 10/1/1
f 12/3/1 8/3/1 7/3/1
f 12/1/1 7/1/1 11/1/1
f 13/3/1 8/3/1 12/3/1
f 14/3/1 5/3/1 3/3/1
f 14/3/1 9/3/1 5/3/1
f 14/3/1 10/3/1 9/3/1
f 15/1/1 11/1/1 10/1/1
f 15/3/1 10/3/1 14/3/1
f 16/1/1 11/1/1 15/1/1
f 17/1/1 11/1/1 16/1/1
f 18/3/1 12/3/1 11/3/1
f 18/1/1 11/1/1 17/1/1
f 19/1/1 13/1/1 12/1/1
f 19/3/1 12/3/1 18/3/1
f 20/1/1 17/1/1 16/1/1
f 21/3/1 18/3/1 17/3/1
f 21/1/1 17/1/1 20/1/1
f 22/1/1 19/1/1 18/1/1
f 22/3/1 18/3/1 21/3/1
f 23/1/1 15/1/1 14/1/1
f 23/3/1 16/3/1 15/3/1
f 24/1/1 20/1/1 16/1/1
f 24/3/1 16/3/1 23/3/1
f 25/3/1 21/3/1 20/3/1
f 25/1/1 20/1/1 24/1/1
f 26/1/1 22/1/1 21/1/1
f 26/3/1 21/3/1 25/3/1
f 27/3/1 25/3/1 24/3/1
f 27/1/1 24/1/1 23/1/1
f 28/3/1 25/3/1 27/3/1
f 29/1/1 26/1/1 25/1/1
f 29/3/1 25/3/1 28/3/1
f 30/1/1 22/1/1 26/1/1
f 30/1/1 26/1/1 29/1/1
f 31/3/1 14/3/1 3/3/1
f 32/1/1 23/1/1 14/1/1
f 32/3/1 14/3/1 31/3/1
f 32/1/1 28/1/1 27/1/1
f 32/1/1 27/1/1 23/1/1
f 33/1/1 28/1/1 32/1/1
f 34/1/1 28/1/1 33/1/1
f 35/3/1 29/3/1 28/3/1
f 35/1/1 28/1/1 34/1/1
f 35/3/1 30/3/1 29/3/1
f 36/3/1 30/3/1 35/3/1
f 37/1/1 22/1/1 30/1/1
f 37/3/1 30/3/1 36/3/1
f 38/1/1 19/1/1 22/1/1
f 38/1/1 22/1/1 37/1/1
f 39/1/1 34/1/1 33/1/1
f 40/3/1 35/3/1 34/3/1
f 40/1/1 34/1/1 39/1/1
f 41/1/1 36/1/1 35/1/1
f 41/3/1 35/3/1 40/3/1
f 42/3/1 37/3/1 36/3/1
f 42/1/1 36/1/1 41/1/1
f 42/3/1 38/3/1 37/3/1
f 43/3/1 38/3/1 42/3/1
f 44/1/1 19/1/1 38/1/1
f 44/3/1 38/3/1 43/3/1
f 45/1/1 13/1/1 19/1/1
f 45/1/1 19/1/1 44/1/1
f 46/3/1 33/3/1 32/3/1
f 46/1/1 39/1/1 33/1/1
f 47/3/1 40/3/1 39/3/1
f 47/1/1 39/1/1 46/1/1
f 48/1/1 41/1/1 40/1/1
f 48/3/1 40/3/1 47/3/1
f 48/1/1 43/1/1 42/1/1
f 48/1/1 42/1/1 41/1/1
f 49/3/1 44/3/1 43/3/1
f 49/1/1 43/1/1 48/1/1
f 49/3/1 45/3/1 44/3/1
f 50/3/1 45/3/1 49/3/1
f 51/1/1 13/1/1 45/1/1
f 51/3/1 45/3/1 50/3/1
f 52/1/1 13/1/1 51/1/1
f 53/1/1 48/1/1 47/1/1
f 53/1/1 50/1/1 49/1/1
f 53/3/1 52/3/1 51/3/1
f 53/3/1 51/3/1 50/3/1
f 53/1/1 49/1/1 48/1/1
f 54/3/1 52/3/1 53/3/1
f 55/1/1 32/1/1 31/1/1
f 56/3/1 46/3/1 32/3/1
f 56/1/1 32/1/1 55/1/1
f 56/3/1 47/3/1 46/3/1
f 57/3/1 56/3/1 55/3/1
f 57/3/1 47/3/1 56/3/1
f 58/3/1 47/3/1 57/3/1
f 59/1/1 54/1/1 53/1/1
f 59/3/1 47/3/1 58/3/1
f 59/1/1 53/1/1 47/1/1
f 60/1/1 54/1/1 59/1/1
f 61/3/1 57/3/1 55/3/1
f 62/1/1 58/1/1 57/1/1
f 62/3/1 57/3/1 61/3/1
f 63/3/1 59/3/1 58/3/1
f 63/3/1 60/3/1 59/3/1
f 64/1/1 54/1/1 60/1/1
f 64/3/1 60/3/1 63/3/1
f 65/1/1 54/1/1 64/1/1
f 66/1/1 58/1/1 62/1/1
f 66/1/1 62/1/1 61/1/1
f 67/3/1 63/3/1 58/3/1
f 67/1/1 58/1/1 66/1/1
f 68/3/1 65/3/1 64/3/1
f 68/1/1 64/1/1 63/1/1
f 69/3/1 65/3/1 68/3/1
f 70/1/1 66/1/1 61/1/1
f 70/3/1 67/3/1 66/3/1
f 71/3/1 63/3/1 67/3/1
f 71/3/1 67/3/1 70/3/1
f 71/1/1 69/1/1 68/1/1
f 71/1/1 68/1/1 63/1/1
f 72/1/1 69/1/1 71/1/1
f 73/1/1 69/1/1 72/1/1
f 74/1/1 69/1/1 73/1/1
f 75/1/1 70/1/1 61/1/1
f 75/1/1 71/1/1 70/1/1
f 76/1/1 71/1/1 75/1/1
f 77/2/1 74/2/1 73/2/1
f 77/1/1 73/1/1 72/1/1
f 78/2/1 74/2/1 77/2/1
f 79/3/1 76/3/1 75/3/1
f 80/1/1 71/1/1 76/1/1
f 80/3/1 76/3/1 79/3/1
f 81/1/1 77/1/1 72/1/1
f 81/1/1 78/1/1 77/1/1
f 82/1/1 78/1/1 81/1/1
f 83/3/1 72/3/1 71/3/1
f 83/1/1 71/1/1 80/1/1
f 83/1/1 80/1/1 79/1/1
f 84/1/1 81/1/1 72/1/1
f 84/3/1 72/3/1 83/3/1
f 85/1/1 81/1/1 84/1/1
f 86/3/1 82/3/1 81/3/1
f 86/1/1 81/1/1 85/1/1
f 87/3/1 82/3/1 86/3/1
f 88/1/1 86/1/1 85/1/1
f 88/1/1 87/1/1 86/1/1
f 89/1/1 87/1/1 88/1/1
f 90/1/1 88/1/1 85/1/1
f 90/2/1 89/2/1 88/2/1
f 91/2/1 89/2/1 90/2/1
f 92/3/1 85/3/1 84/3/1
f 92/1/1 84/1/1 83/1/1
f 93/1/1 91/1/1 90/1/1
f 93/3/1 85/3/1 92/3/1
f 93/1/1 90/1/1 85/1/1
f 94/1/1 91/1/1 93/1/1
f 95/1/1 91/1/1 94/1/1
f 96/1/1 91/1/1 95/1/1
f 97/1/1 95/1/1 94/1/1
f 97/2/1 96/2/1 95/2/1
f 98/2/1 96/2/1 97/2/1
f 99/1/1 93/1/1 92/1/1
f 99/3/1 94/3/1 93/3/1
f 100/1/1 98/1/1 97/1/1
f 100/3/1 94/3/1 99/3/1
f 100/1/1 97/1/1 94/1/1
f 101/1/1 98/1/1 100/1/1
f 102/1/1 98/1/1 101/1/1
f 103/1/1 98/1/1 102/1/1
f 104/1/1 102/1/1 101/1/1
f 104/3/1 103/3/1 102/3/1
f 105/3/1 103/3/1 104/3/1
f 106/1/1 83/1/1 79/1/1
f 106/1/1 92/1/1 83/1/1
f 106/1/1 99/1/1 92/1/1
f 106/1/1 100/1/1 99/1/1
f 107/1/1 100/1/1 106/1/1
f 108/3/1 107/3/1 106/3/1
f 109/1/1 100/1/1 107/1/1
f 109/3/1 107/3/1 108/3/1
f 110/1/1 100/1/1 109/1/1
f 111/3/1 101/3/1 100/3/1
f 111/1/1 100/1/1 110/1/1
f 112/1/1 105/1/1 104/1/1
f 112/3/1 101/3/1 111/3/1
f 112/1/1 104/1/1 101/1/1
f 113/1/1 105/1/1 112/1/1
f 114/1/1 109/1/1 108/1/1
f 114/3/1 110/3/1 109/3/1
f 115/1/1 111/1/1 110/1/1
f 115/3/1 110/3/1 114/3/1
f 115/1/1 112/1/1 111/1/1
f 116/1/1 112/1/1 115/1/1
f 117/1/1 115/1/1 114/1/1
f 117/3/1 116/3/1 115/3/1
f 118/1/1 112/1/1 116/1/1
f 118/3/1 116/3/1 117/3/1
f 119/3/1 113/3/1 112/3/1
f 119/1/1 112/1/1 118/1/1
f 120/1/1 118/1/1 117/1/1
f 120/3/1 119/3/1 118/3/1
f 121/1/1 105/1/1 113/1/1
f 121/3/1 119/3/1 120/3/1
f 121/3/1 113/3/1 119/3/1
f 122/1/1 105/1/1 121/1/1
f 123/3/1 122/3/1 121/3/1
f 124/3/1 122/3/1 123/3/1
f 125/1/1 121/1/1 120/1/1
f 125/3/1 123/3/1 121/3/1
f 126/1/1 124/1/1 123/1/1
f 126/3/1 123/3/1 125/3/1
f 127/1/1 124/1/1 126/1/1
f 128/1/1 114/1/1 108/1/1
f 128/1/1 120/1/1 117/1/1
f 128/1/1 117/1/1 114/1/1
f 128/1/1 126/1/1 125/1/1
f 128/1/1 125/1/1 120/1/1
f 129/1/1 126/1/1 128/1/1
f 130/4/1 129/4/1 128/4/1
f 131/1/1 126/1/1 129/1/1
f 131/4/1 129/4/1 130/4/1
f 132/1/1 126/1/1 131/1/1
f 133/1/1 131/1/1 130/1/1
f 133/4/1 132/4/1 131/4/1
f 134/1/1 126/1/1 132/1/1
f 134/4/1 132/4/1 133/4/1
f 135/1/1 126/1/1 134/1/1
f 136/1/1 134/1/1 133/1/1
f 136/4/1 135/4/1 134/4/1
f 137/1/1 126/1/1 135/1/1
f 137/4/1 135/4/1 136/4/1
f 138/3/1 127/3/1 126/3/1
f 138/1/1 126/1/1 137/1/1
f 139/3/1 127/3/1 138/3/1
f 140/1/1 137/1/1 136/1/1
f 140/4/1 138/4/1 137/4/1
f 141/1/1 139/1/1 138/1/1
f 141/4/1 138/4/1 140/4/1
f 142/1/1 139/1/1 141/1/1
f 143/1/1 141/1/1 140/1/1
f 143/4/1 142/4/1 141/4/1
f 144/4/1 142/4/1 143/4/1
f 145/1/1 143/1/1 140/1/1
f 145/3/1 144/3/1 143/3/1
f 146/3/1 144/3/1 145/3/1
f 147/1/1 145/1/1 140/1/1
f 147/1/1 146/1/1 145/1/1
f 148/1/1 146/1/1 147/1/1
f 149/1/1 140/1/1 136/1/1
f 149/1/1 147/1/1 140/1/1
f 150/3/1 148/3/1 147/3/1
f 150/1/1 147/1/1 149/1/1
f 151/3/1 148/3/1 150/3/1
f 152/1/1 136/1/1 133/1/1
f 152/1/1 149/1/1 136/1/1
f 153/3/1 150/3/1 149/3/1
f 153/1/1 149/1/1 152/1/1
f 154/1/1 151/1/1 150/1/1
f 154/3/1 150/3/1 153/3/1
f 155/1/1 133/1/1 130/1/1
f 155/1/1 152/1/1 133/1/1
f 156/3/1 153/3/1 152/3/1
f 156/1/1 152/1/1 155/1/1
f 157/1/1 154/1/1 153/1/1
f 157/3/1 153/3/1 156/3/1
f 158/1/1 155/1/1 130/1/1
f 159/3/1 156/3/1 155/3/1
f 159/1/1 155/1/1 158/1/1
f 160/1/1 157/1/1 156/1/1
f 160/3/1 156/3/1 159/3/1
f 161/3/1 159/3/1 158/3/1
f 162/1/1 160/1/1 159/1/1
f 162/3/1 159/3/1 161/3/1
f 163/1/1 162/1/1 161/1/1
f 164/1/1 162/1/1 163/1/1
f 165/4/1 164/4/1 163/4/1
f 166/1/1 162/1/1 164/1/1
f 166/4/1 164/4/1 165/4/1
f 167/1/1 160/1/1 162/1/1
f 167/1/1 162/1/1 166/1/1
f 168/1/1 166/1/1 165/1/1
f 169/4/1 167/4/1 166/4/1
f 169/1/1 166/1/1 168/1/1
f 170/1/1 160/1/1 167/1/1
f 170/4/1 167/4/1 169/4/1
f 171/1/1 151/1/1 154/1/1
f 171/1/1 160/1/1 170/1/1
f 171/1/1 170/1/1 169/1/1
f 171/1/1 154/1/1 157/1/1
f 171/1/1 157/1/1 160/1/1
f 172/1/1 151/1/1 171/1/1
f 173/1/1 171/1/1 169/1/1
f 173/3/1 172/3/1 171/3/1
f 174/3/1 172/3/1 173/3/1
f 175/4/1 169/4/1 168/4/1
f 176/1/1 173/1/1 169/1/1
f 176/4/1 169/4/1 175/4/1
f 177/2/1 174/2/1 173/2/1
f 177/1/1 173/1/1 176/1/1
f 178/2/1 174/2/1 177/2/1
f 179/1/1 176/1/1 175/1/1
f 179/1/1 177/1/1 176/1/1
f 179/1/1 178/1/1 177/1/1
f 180/1/1 178/1/1 179/1/1
f 181/1/1 179/1/1 175/1/1
f 181/2/1 180/2/1 179/2/1
f 182/2/1 180/2/1 181/2/1
f 183/1/1 181/1/1 175/1/1
f 183/1/1 182/1/1 181/1/1
f 184/1/1 182/1/1 183/1/1
f 185/1/1 183/1/1 175/1/1
f 185/2/1 184/2/1 183/2/1
f 186/2/1 184/2/1 185/2/1
f 187/1/1 185/1/1 175/1/1
f 187/4/1 186/4/1 185/4/1
f 188/4/1 186/4/1 187/4/1
f 189/1/1 187/1/1 175/1/1
f 189/1/1 188/1/1 187/1/1
f 190/1/1 188/1/1 189/1/1
f 191/1/1 189/1/1 175/1/1
f 191/2/1 190/2/1 189/2/1
f 192/2/1 190/2/1 191/2/1
f 193/1/1 191/1/1 175/1/1
f 194/4/1 192/4/1 191/4/1
f 194/1/1 191/1/1 193/1/1
f 195/4/1 192/4/1 194/4/1
f 196/1/1 193/1/1 175/1/1
f 197/4/1 194/4/1 193/4/1
f 197/1/1 193/1/1 196/1/1
f 198/1/1 195/1/1 194/1/1
f 198/4/1 194/4/1 197/4/1
f 199/1/1 196/1/1 175/1/1
f 200/4/1 197/4/1 196/4/1
f 200/1/1 196/1/1 199/1/1
f 201/1/1 198/1/1 197/1/1
f 201/4/1 197/4/1 200/4/1
f 202/1/1 199/1/1 175/1/1
f 203/4/1 200/4/1 199/4/1
f 203/1/1 199/1/1 202/1/1
f 204/1/1 201/1/1 200/1/1
f 204/4/1 200/4/1 203/4/1
f 205/1/1 202/1/1 175/1/1
f 206/4/1 203/4/1 202/4/1
f 206/1/1 202/1/1 205/1/1
f 207/1/1 204/1/1 203/1/1
f 207/4/1 203/4/1 206/4/1
f 208/1/1 205/1/1 175/1/1
f 209/4/1 206/4/1 205/4/1
f 209/1/1 205/1/1 208/1/1
f 210/1/1 207/1/1 206/1/1
f 210/4/1 206/4/1 209/4/1
f 211/1/1 208/1/1 175/1/1
f 212/4/1 209/4/1 208/4/1
f 212/1/1 208/1/1 211/1/1
f 213/1/1 210/1/1 209/1/1
f 213/4/1 209/4/1 212/4/1
f 214/4/1 212/4/1 211/4/1
f 215/1/1 213/1/1 212/1/1
f 215/4/1 212/4/1 214/4/1
f 216/1/1 210/1/1 213/1/1
f 216/1/1 213/1/1 215/1/1
f 216/1/1 215/1/1 214/1/1
f 217/1/1 207/1/1 210/1/1
f 217/1/1 210/1/1 216/1/1
f 218/1/1 216/1/1 214/1/1
f 218/3/1 217/3/1 216/3/1
f 219/1/1 207/1/1 217/1/1
f 219/3/1 217/3/1 218/3/1
f 220/1/1 204/1/1 207/1/1
f 220/1/1 207/1/1 219/1/1
f 221/1/1 219/1/1 218/1/1
f 221/3/1 220/3/1 219/3/1
f 222/1/1 204/1/1 220/1/1
f 222/3/1 220/3/1 221/3/1
f 223/1/1 201/1/1 204/1/1
f 223/1/1 204/1/1 222/1/1
f 224/1/1 222/1/1 221/1/1
f 224/3/1 223/3/1 222/3/1
f 225/1/1 201/1/1 223/1/1
f 225/3/1 223/3/1 224/3/1
f 226/1/1 201/1/1 225/1/1
f 227/1/1 224/1/1 221/1/1
f 227/1/1 221/1/1 218/1/1
f 227/1/1 218/1/1 214/1/1
f 227/1/1 225/1/1 224/1/1
f 228/1/1 225/1/1 227/1/1
f 229/3/1 226/3/1 225/3/1
f 229/1/1 225/1/1 228/1/1
f 230/1/1 201/1/1 226/1/1
f 230/3/1 226/3/1 229/3/1
f 231/1/1 198/1/1 201/1/1
f 231/1/1 201/1/1 230/1/1
f 232/1/1 230/1/1 229/1/1
f 232/1/1 229/1/1 228/1/1
f 232/3/1 228/3/1 227/3/1
f 233/1/1 230/1/1 232/1/1
f 234/3/1 231/3/1 230/3/1
f 234/1/1 230/1/1 233/1/1
f 235/1/1 198/1/1 231/1/1
f 235/3/1 231/3/1 234/3/1
f 236/1/1 195/1/1 198/1/1
f 236/1/1 198/1/1 235/1/1
f 237/1/1 235/1/1 234/1/1
f 237/1/1 234/1/1 233/1/1
f 237/3/1 233/3/1 232/3/1
f 238/1/1 235/1/1 237/1/1
f 239/3/1 236/3/1 235/3/1
f 239/1/1 235/1/1 238/1/1
f 240/1/1 195/1/1 236/1/1
f 240/3/1 236/3/1 239/3/1
f 241/1/1 195/1/1 240/1/1
f 242/3/1 238/3/1 237/3/1
f 242/3/1 232/3/1 227/3/1
f 242/3/1 237/3/1 232/3/1
f 243/3/1 238/3/1 242/3/1
f 244/1/1 239/1/1 238/1/1
f 244/3/1 238/3/1 243/3/1
f 244/1/1 240/1/1 239/1/1
f 245/1/1 240/1/1 244/1/1
f 246/3/1 241/3/1 240/3/1
f 246/1/1 240/1/1 245/1/1
f 247/3/1 241/3/1 246/3/1
f 248/1/1 243/1/1 242/1/1
f 248/3/1 245/3/1 244/3/1
f 248/3/1 244/3/1 243/3/1
f 249/3/1 245/3/1 248/3/1
f 250/1/1 247/1/1 246/1/1
f 250/3/1 245/3/1 249/3/1
f 250/1/1 246/1/1 245/1/1
f 251/1/1 247/1/1 250/1/1
f 252/3/1 250/3/1 249/3/1
f 252/3/1 251/3/1 250/3/1
f 253/1/1 247/1/1 251/1/1
f 253/3/1 251/3/1 252/3/1
f 254/1/1 247/1/1 253/1/1
f 255/1/1 249/1/1 248/1/1
f 255/3/1 252/3/1 249/3/1
f 256/1/1 253/1/1 252/1/1
f 256/3/1 252/3/1 255/3/1
f 257/3/1 254/3/1 253/3/1
f 257/1/1 253/1/1 256/1/1
f 258/1/1 247/1/1 254/1/1
f 258/3/1 254/3/1 257/3/1
f 259/1/1 247/1/1 258/1/1
f 260/3/1 257/3/1 256/3/1
f 260/1/1 256/1/1 255/1/1
f 261/1/1 258/1/1 257/1/1
f 261/3/1 257/3/1 260/3/1
f 262/3/1 259/3/1 258/3/1
f 262/1/1 258/1/1 261/1/1
f 263/1/1 247/1/1 259/1/1
f 263/3/1 259/3/1 262/3/1
f 264/1/1 247/1/1 263/1/1
f 265/3/1 262/3/1 261/3/1
f 265/1/1 261/1/1 260/1/1
f 266/1/1 263/1/1 262/1/1
f 266/3/1 262/3/1 265/3/1
f 267/3/1 264/3/1 263/3/1
f 267/1/1 263/1/1 266/1/1
f 268/1/1 247/1/1 264/1/1
f 268/3/1 264/3/1 267/3/1
f 269/1/1 247/1/1 268/1/1
f 270/1/1 248/1/1 242/1/1
f 270/1/1 266/1/1 265/1/1
f 270/1/1 255/1/1 248/1/1
f 270/1/1 260/1/1 255/1/1
f 270/1/1 265/1/1 260/1/1
f 271/1/1 266/1/1 270/1/1
f 272/3/1 267/3/1 266/3/1
f 272/1/1 266/1/1 271/1/1
f 273/1/1 268/1/1 267/1/1
f 273/3/1 267/3/1 272/3/1
f 274/3/1 269/3/1 268/3/1
f 274/1/1 268/1/1 273/1/1
f 275/1/1 247/1/1 269/1/1
f 275/3/1 269/3/1 274/3/1
f 276/1/1 247/1/1 275/1/1
f 277/3/1 274/3/1 273/3/1
f 277/1/1 273/1/1 272/1/1
f 277/1/1 272/1/1 271/1/1
f 278/1/1 275/1/1 274/1/1
f 278/3/1 274/3/1 277/3/1
f 279/3/1 276/3/1 275/3/1
f 279/1/1 275/1/1 278/1/1
f 280/3/1 271/3/1 270/3/1
f 281/1/1 278/1/1 277/1/1
f 281/3/1 271/3/1 280/3/1
f 281/1/1 277/1/1 271/1/1
f 282/1/1 278/1/1 281/1/1
f 283/3/1 279/3/1 278/3/1
f 283/1/1 278/1/1 282/1/1
f 284/3/1 276/3/1 279/3/1
f 284/3/1 279/3/1 283/3/1
f 285/3/1 282/3/1 281/3/1
f 285/1/1 281/1/1 280/1/1
f 286/1/1 283/1/1 282/1/1
f 286/3/1 282/3/1 285/3/1
f 286/1/1 284/1/1 283/1/1
f 287/1/1 284/1/1 286/1/1
f 288/3/1 276/3/1 284/3/1
f 288/1/1 284/1/1 287/1/1
f 289/3/1 276/3/1 288/3/1
f 290/3/1 287/3/1 286/3/1
f 290/1/1 286/1/1 285/1/1
f 291/1/1 289/1/1 288/1/1
f 291/3/1 287/3/1 290/3/1
f 291/1/1 288/1/1 287/1/1
f 292/1/1 289/1/1 291/1/1
f 293/1/1 291/1/1 290/1/1
f 293/3/1 292/3/1 291/3/1
f 294/1/1 289/1/1 292/1/1
f 294/3/1 292/3/1 293/3/1
f 295/1/1 289/1/1 294/1/1
f 296/1/1 294/1/1 293/1/1
f 296/3/1 295/3/1 294/3/1
f 297/1/1 289/1/1 295/1/1
f 297/3/1 295/3/1 296/3/1
f 298/1/1 289/1/1 297/1/1
f 299/1/1 297/1/1 296/1/1
f 299/3/1 298/3/1 297/3/1
f 300/1/1 289/1/1 298/1/1
f 300/3/1 298/3/1 299/3/1
f 301/1/1 289/1/1 300/1/1
f 302/1/1 289/1/1 301/1/1
f 303/1/1 289/1/1 302/1/1
f 304/1/1 300/1/1 299/1/1
f 304/3/1 301/3/1 300/3/1
f 305/1/1 302/1/1 301/1/1
f 305/3/1 301/3/1 304/3/1
f 306/3/1 303/3/1 302/3/1
f 306/1/1 302/1/1 305/1/1
f 307/1/1 285/1/1 280/1/1
f 307/1/1 290/1/1 285/1/1
f 307/1/1 293/1/1 290/1/1
f 307/1/1 304/1/1 299/1/1
f 307/1/1 305/1/1 304/1/1
f 307/1/1 296/1/1 293/1/1
f 307/1/1 299/1/1 296/1/1
f 308/1/1 305/1/1 307/1/1
f 309/3/1 306/3/1 305/3/1
f 309/1/1 305/1/1 308/1/1
f 310/3/1 303/3/1 306/3/1
f 310/3/1 306/3/1 309/3/1
f 311/4/1 308/4/1 307/4/1
f 312/1/1 309/1/1 308/1/1
f 312/4/1 308/4/1 311/4/1
f 312/1/1 310/1/1 309/1/1
f 313/1/1 310/1/1 312/1/1
f 314/1/1 310/1/1 313/1/1
f 315/1/1 310/1/1 314/1/1
f 316/1/1 312/1/1 311/1/1
f 316/4/1 313/4/1 312/4/1
f 317/1/1 314/1/1 313/1/1
f 317/4/1 313/4/1 316/4/1
f 318/1/1 314/1/1 317/1/1
f 319/4/1 315/4/1 314/4/1
f 319/1/1 314/1/1 318/1/1
f 320/1/1 310/1/1 315/1/1
f 320/4/1 315/4/1 319/4/1
f 321/1/1 310/1/1 320/1/1
f 322/1/1 316/1/1 311/1/1
f 322/1/1 317/1/1 316/1/1
f 323/4/1 318/4/1 317/4/1
f 323/1/1 317/1/1 322/1/1
f 324/1/1 319/1/1 318/1/1
f 324/4/1 318/4/1 323/4/1
f 324/1/1 320/1/1 319/1/1
f 325/1/1 320/1/1 324/1/1
f 326/1/1 320/1/1 325/1/1
f 327/4/1 321/4/1 320/4/1
f 327/1/1 320/1/1 326/1/1
f 328/4/1 321/4/1 327/4/1
f 329/4/1 321/4/1 328/4/1
f 330/3/1 323/3/1 322/3/1
f 331/1/1 324/1/1 323/1/1
f 331/3/1 323/3/1 330/3/1
f 332/4/1 325/4/1 324/4/1
f 332/1/1 324/1/1 331/1/1
f 333/1/1 326/1/1 325/1/1
f 333/4/1 325/4/1 332/4/1
f 334/1/1 326/1/1 333/1/1
f 335/1/1 326/1/1 334/1/1
f 336/4/1 327/4/1 326/4/1
f 336/1/1 326/1/1 335/1/1
f 337/1/1 328/1/1 327/1/1
f 337/4/1 327/4/1 336/4/1
f 338/3/1 329/3/1 328/3/1
f 338/1/1 328/1/1 337/1/1
f 339/3/1 332/3/1 331/3/1
f 339/1/1 331/1/1 330/1/1
f 339/3/1 333/3/1 332/3/1
f 340/4/1 334/4/1 333/4/1
f 340/3/1 333/3/1 339/3/1
f 341/3/1 335/3/1 334/3/1
f 341/4/1 334/4/1 340/4/1
f 342/4/1 336/4/1 335/4/1
f 342/3/1 335/3/1 341/3/1
f 343/3/1 338/3/1 337/3/1
f 343/4/1 336/4/1 342/4/1
f 343/3/1 337/3/1 336/3/1
f 344/3/1 329/3/1 338/3/1
f 344/3/1 338/3/1 343/3/1
f 345/1/1 340/1/1 339/1/1
f 345/1/1 341/1/1 340/1/1
f 345/1/1 339/1/1 330/1/1
f 346/1/1 341/1/1 345/1/1
f 347/4/1 342/4/1 341/4/1
f 347/1/1 341/1/1 346/1/1
f 348/1/1 343/1/1 342/1/1
f 348/4/1 342/4/1 347/4/1
f 348/1/1 344/1/1 343/1/1
f 349/1/1 344/1/1 348/1/1
f 350/1/1 344/1/1 349/1/1
f 351/1/1 345/1/1 330/1/1
f 352/3/1 346/3/1 345/3/1
f 352/1/1 345/1/1 351/1/1
f 353/3/1 346/3/1 352/3/1
f 354/4/1 347/4/1 346/4/1
f 354/3/1 346/3/1 353/3/1
f 355/3/1 348/3/1 347/3/1
f 355/4/1 347/4/1 354/4/1
f 356/4/1 349/4/1 348/4/1
f 356/3/1 348/3/1 355/3/1
f 357/3/1 350/3/1 349/3/1
f 357/4/1 349/4/1 356/4/1
f 358/3/1 350/3/1 357/3/1
f 359/3/1 350/3/1 358/3/1
f 360/3/1 352/3/1 351/3/1
f 361/1/1 353/1/1 352/1/1
f 361/3/1 352/3/1 360/3/1
f 362/4/1 354/4/1 353/4/1
f 362/1/1 353/1/1 361/1/1
f 363/1/1 355/1/1 354/1/1
f 363/4/1 354/4/1 362/4/1
f 363/1/1 356/1/1 355/1/1
f 363/1/1 357/1/1 356/1/1
f 364/4/1 358/4/1 357/4/1
f 364/1/1 357/1/1 363/1/1
f 365/1/1 359/1/1 358/1/1
f 365/4/1 358/4/1 364/4/1
f 366/3/1 350/3/1 359/3/1
f 366/1/1 359/1/1 365/1/1
f 367/3/1 350/3/1 366/3/1
f 368/1/1 361/1/1 360/1/1
f 369/4/1 362/4/1 361/4/1
f 369/1/1 361/1/1 368/1/1
f 370/1/1 364/1/1 363/1/1
f 370/4/1 362/4/1 369/4/1
f 370/1/1 365/1/1 364/1/1
f 370/1/1 363/1/1 362/1/1
f 371/1/1 365/1/1 370/1/1
f 372/4/1 367/4/1 366/4/1
f 372/1/1 365/1/1 371/1/1
f 372/4/1 366/4/1 365/4/1
f 373/4/1 367/4/1 372/4/1
f 374/1/1 368/1/1 360/1/1
f 375/4/1 369/4/1 368/4/1
f 375/1/1 368/1/1 374/1/1
f 376/1/1 371/1/1 370/1/1
f 376/4/1 369/4/1 375/4/1
f 376/1/1 370/1/1 369/1/1
f 377/4/1 372/4/1 371/4/1
f 377/1/1 371/1/1 376/1/1
f 378/1/1 373/1/1 372/1/1
f 378/4/1 372/4/1 377/4/1
f 379/4/1 375/4/1 374/4/1
f 380/1/1 377/1/1 376/1/1
f 380/4/1 375/4/1 379/4/1
f 380/1/1 376/1/1 375/1/1
f 380/1/1 378/1/1 377/1/1
f 381/1/1 373/1/1 378/1/1
f 381/1/1 378/1/1 380/1/1
f 382/1/1 373/1/1 381/1/1
f 383/1/1 380/1/1 379/1/1
f 383/1/1 381/1/1 380/1/1
f 384/3/1 382/3/1 381/3/1
f 384/1/1 381/1/1 383/1/1
f 385/3/1 382/3/1 384/3/1
f 386/1/1 383/1/1 379/1/1
f 387/3/1 384/3/1 383/3/1
f 387/1/1 383/1/1 386/1/1
f 388/1/1 385/1/1 384/1/1
f 388/3/1 384/3/1 387/3/1
f 389/3/1 382/3/1 385/3/1
f 389/1/1 385/1/1 388/1/1
f 390/3/1 382/3/1 389/3/1
f 391/1/1 386/1/1 379/1/1
f 392/3/1 387/3/1 386/3/1
f 392/1/1 386/1/1 391/1/1
f 393/1/1 388/1/1 387/1/1
f 393/3/1 387/3/1 392/3/1
f 393/1/1 389/1/1 388/1/1
f 393/1/1 390/1/1 389/1/1
f 394/1/1 391/1/1 379/1/1
f 395/3/1 392/3/1 391/3/1
f 395/1/1 391/1/1 394/1/1
f 396/1/1 393/1/1 392/1/1
f 396/3/1 392/3/1 395/3/1
f 397/1/1 394/1/1 379/1/1
f 398/3/1 395/3/1 394/3/1
f 398/1/1 394/1/1 397/1/1
f 399/1/1 396/1/1 395/1/1
f 399/3/1 395/3/1 398/3/1
f 400/1/1 397/1/1 379/1/1
f 401/3/1 398/3/1 397/3/1
f 401/1/1 397/1/1 400/1/1
f 402/1/1 399/1/1 398/1/1
f 402/3/1 398/3/1 401/3/1
f 403/1/1 393/1/1 396/1/1
f 403/1/1 399/1/1 402/1/1
f 403/1/1 390/1/1 393/1/1
f 403/1/1 396/1/1 399/1/1
f 404/1/1 390/1/1 403/1/1
f 405/1/1 400/1/1 379/1/1
f 406/3/1 401/3/1 400/3/1
f 406/1/1 400/1/1 405/1/1
f 407/1/1 402/1/1 401/1/1
f 407/3/1 401/3/1 406/3/1
f 407/1/1 403/1/1 402/1/1
f 408/1/1 403/1/1 407/1/1
f 409/3/1 404/3/1 403/3/1
f 409/1/1 403/1/1 408/1/1
f 410/1/1 408/1/1 407/1/1
f 410/1/1 407/1/1 406/1/1
f 411/3/1 409/3/1 408/3/1
f 411/1/1 408/1/1 410/1/1
f 412/3/1 404/3/1 409/3/1
f 412/3/1 409/3/1 411/3/1
f 413/3/1 406/3/1 405/3/1
f 414/1/1 410/1/1 406/1/1
f 414/3/1 406/3/1 413/3/1
f 415/1/1 410/1/1 414/1/1
f 416/3/1 411/3/1 410/3/1
f 416/1/1 410/1/1 415/1/1
f 417/1/1 412/1/1 411/1/1
f 417/3/1 411/3/1 416/3/1
f 418/3/1 404/3/1 412/3/1
f 418/1/1 412/1/1 417/1/1
f 419/3/1 404/3/1 418/3/1
f 420/1/1 415/1/1 414/1/1
f 420/1/1 414/1/1 413/1/1
f 421/3/1 416/3/1 415/3/1
f 421/1/1 415/1/1 420/1/1
f 422/1/1 417/1/1 416/1/1
f 422/3/1 416/3/1 421/3/1
f 423/3/1 418/3/1 417/3/1
f 423/1/1 417/1/1 422/1/1
f 424/1/1 419/1/1 418/1/1
f 424/3/1 418/3/1 423/3/1
f 425/1/1 420/1/1 413/1/1
f 426/3/1 421/3/1 420/3/1
f 426/1/1 420/1/1 425/1/1
f 427/1/1 422/1/1 421/1/1
f 427/3/1 421/3/1 426/3/1
f 428/3/1 423/3/1 422/3/1
f 428/1/1 422/1/1 427/1/1
f 429/1/1 424/1/1 423/1/1
f 429/3/1 423/3/1 428/3/1
f 430/1/1 425/1/1 413/1/1
f 431/3/1 426/3/1 425/3/1
f 431/1/1 425/1/1 430/1/1
f 432/1/1 427/1/1 426/1/1
f 432/3/1 426/3/1 431/3/1
f 433/3/1 428/3/1 427/3/1
f 433/1/1 427/1/1 432/1/1
f 434/1/1 429/1/1 428/1/1
f 434/3/1 428/3/1 433/3/1
f 435/3/1 431/3/1 430/3/1
f 435/1/1 432/1/1 431/1/1
f 436/3/1 433/3/1 432/3/1
f 436/1/1 432/1/1 435/1/1
f 437/1/1 434/1/1 433/1/1
f 437/3/1 433/3/1 436/3/1
f 438/1/1 430/1/1 413/1/1
f 439/3/1 436/3/1 435/3/1
f 439/1/1 430/1/1 438/1/1
f 439/3/1 435/3/1 430/3/1
f 440/3/1 436/3/1 439/3/1
f 441/1/1 437/1/1 436/1/1
f 441/3/1 436/3/1 440/3/1
f 442/1/1 438/1/1 413/1/1
f 443/3/1 440/3/1 439/3/1
f 443/1/1 438/1/1 442/1/1
f 443/3/1 439/3/1 438/3/1
f 444/3/1 440/3/1 443/3/1
f 445/1/1 441/1/1 440/1/1
f 445/3/1 440/3/1 444/3/1
f 446/1/1 424/1/1 429/1/1
f 446/1/1 441/1/1 445/1/1
f 446/1/1 419/1/1 424/1/1
f 446/1/1 429/1/1 434/1/1
f 446/1/1 434/1/1 437/1/1
f 446/1/1 437/1/1 441/1/1
f 447/1/1 419/1/1 446/1/1
f 448/3/1 443/3/1 442/3/1
f 448/3/1 444/3/1 443/3/1
f 449/1/1 445/1/1 444/1/1
f 449/3/1 444/3/1 448/3/1
f 449/1/1 446/1/1 445/1/1
f 450/1/1 446/1/1 449/1/1
f 451/3/1 447/3/1 446/3/1
f 451/1/1 446/1/1 450/1/1
f 452/3/1 447/3/1 451/3/1
f 453/3/1 448/3/1 442/3/1
f 454/1/1 450/1/1 449/1/1
f 454/3/1 448/3/1 453/3/1
f 454/1/1 449/1/1 448/1/1
f 455/1/1 450/1/1 454/1/1
f 456/3/1 451/3/1 450/3/1
f 456/1/1 450/1/1 455/1/1
f 457/1/1 452/1/1 451/1/1
f 457/3/1 451/3/1 456/3/1
f 458/3/1 453/3/1 442/3/1
f 459/1/1 455/1/1 454/1/1
f 459/3/1 453/3/1 458/3/1
f 459/1/1 454/1/1 453/1/1
f 460/1/1 455/1/1 459/1/1
f 461/3/1 456/3/1 455/3/1
f 461/1/1 455/1/1 460/1/1
f 462/1/1 457/1/1 456/1/1
f 462/3/1 456/3/1 461/3/1
f 463/1/1 460/1/1 459/1/1
f 463/1/1 459/1/1 458/1/1
f 464/3/1 461/3/1 460/3/1
f 464/1/1 460/1/1 463/1/1
f 465/1/1 462/1/1 461/1/1
f 465/3/1 461/3/1 464/3/1
f 466/1/1 463/1/1 458/1/1
f 467/3/1 464/3/1 463/3/1
f 467/1/1 463/1/1 466/1/1
f 468/1/1 465/1/1 464/1/1
f 468/3/1 464/3/1 467/3/1
f 469/1/1 466/1/1 458/1/1
f 470/3/1 467/3/1 466/3/1
f 470/1/1 466/1/1 469/1/1
f 471/1/1 468/1/1 467/1/1
f 471/3/1 467/3/1 470/3/1
f 472/1/1 469/1/1 458/1/1
f 472/3/1 470/3/1 469/3/1
f 473/1/1 471/1/1 470/1/1
f 473/3/1 470/3/1 472/3/1
f 474/1/1 472/1/1 458/1/1
f 474/1/1 473/1/1 472/1/1
f 475/1/1 473/1/1 474/1/1
f 476/4/1 475/4/1 474/4/1
f 477/1/1 473/1/1 475/1/1
f 477/4/1 475/4/1 476/4/1
f 478/1/1 473/1/1 477/1/1
f 479/1/1 477/1/1 476/1/1
f 479/4/1 478/4/1 477/4/1
f 480/1/1 473/1/1 478/1/1
f 480/4/1 478/4/1 479/4/1
f 481/1/1 471/1/1 473/1/1
f 481/1/1 473/1/1 480/1/1
f 482/1/1 480/1/1 479/1/1
f 482/4/1 481/4/1 480/4/1
f 483/1/1 471/1/1 481/1/1
f 483/4/1 481/4/1 482/4/1
f 484/1/1 468/1/1 471/1/1
f 484/1/1 471/1/1 483/1/1
f 485/1/1 483/1/1 482/1/1
f 485/4/1 484/4/1 483/4/1
f 486/1/1 468/1/1 484/1/1
f 486/4/1 484/4/1 485/4/1
f 487/1/1 465/1/1 468/1/1
f 487/1/1 468/1/1 486/1/1
f 488/1/1 486/1/1 485/1/1
f 488/4/1 487/4/1 486/4/1
f 489/1/1 465/1/1 487/1/1
f 489/4/1 487/4/1 488/4/1
f 490/1/1 457/1/1 462/1/1
f 490/1/1 465/1/1 489/1/1
f 490/1/1 462/1/1 465/1/1
f 491/1/1 489/1/1 488/1/1
f 491/4/1 490/4/1 489/4/1
f 492/1/1 457/1/1 490/1/1
f 492/4/1 490/4/1 491/4/1
f 493/1/1 452/1/1 457/1/1
f 493/1/1 457/1/1 492/1/1
f 494/1/1 492/1/1 491/1/1
f 494/4/1 493/4/1 492/4/1
f 495/1/1 452/1/1 493/1/1
f 495/4/1 493/4/1 494/4/1
f 496/1/1 452/1/1 495/1/1
f 497/1/1 495/1/1 494/1/1
f 497/4/1 496/4/1 495/4/1
f 498/4/1 496/4/1 497/4/1
f 499/1/1 497/1/1 494/1/1
f 499/1/1 498/1/1 497/1/1
f 500/1/1 498/1/1 499/1/1
f 501/1/1 499/1/1 494/1/1
f 501/4/1 500/4/1 499/4/1
f 502/4/1 500/4/1 501/4/1
f 503/1/1 494/1/1 491/1/1
f 503/1/1 491/1/1 488/1/1
f 503/1/1 502/1/1 501/1/1
f 503/1/1 501/1/1 494/1/1
f 503/1/1 479/1/1 476/1/1
f 503/1/1 488/1/1 485/1/1
f 503/1/1 485/1/1 482/1/1
f 503/1/1 482/1/1 479/1/1
f 504/1/1 502/1/1 503/1/1
f 505/1/1 502/1/1 504/1/1
f 506/1/1 502/1/1 505/1/1
f 507/1/1 505/1/1 504/1/1
f 507/3/1 506/3/1 505/3/1
f 508/3/1 506/3/1 507/3/1
f 509/4/1 504/4/1 503/4/1
f 510/1/1 507/1/1 504/1/1
f 510/4/1 504/4/1 509/4/1
f 510/1/1 508/1/1 507/1/1
f 511/1/1 508/1/1 510/1/1
f 512/1/1 510/1/1 509/1/1
f 513/4/1 511/4/1 510/4/1
f 513/1/1 510/1/1 512/1/1
f 514/1/1 508/1/1 511/1/1
f 514/4/1 511/4/1 513/4/1
f 515/4/1 513/4/1 512/4/1
f 516/1/1 514/1/1 513/1/1
f 516/4/1 513/4/1 515/4/1
f 517/1/1 516/1/1 515/1/1
f 518/1/1 508/1/1 514/1/1
f 518/1/1 516/1/1 517/1/1
f 518/1/1 514/1/1 516/1/1
f 519/3/1 518/3/1 517/3/1
f 520/1/1 508/1/1 518/1/1
f 520/3/1 518/3/1 519/3/1
f 521/1/1 508/1/1 520/1/1
f 522/1/1 520/1/1 519/1/1
f 522/3/1 521/3/1 520/3/1
f 523/1/1 508/1/1 521/1/1
f 523/3/1 521/3/1 522/3/1
f 524/1/1 508/1/1 523/1/1
f 525/1/1 523/1/1 522/1/1
f 525/3/1 524/3/1 523/3/1
f 526/1/1 508/1/1 524/1/1
f 526/3/1 524/3/1 525/3/1
f 527/1/1 508/1/1 526/1/1
f 528/1/1 526/1/1 525/1/1
f 528/3/1 527/3/1 526/3/1
f 529/1/1 508/1/1 527/1/1
f 529/3/1 527/3/1 528/3/1
f 530/1/1 508/1/1 529/1/1
f 531/1/1 529/1/1 528/1/1
f 531/3/1 530/3/1 529/3/1
f 532/3/1 530/3/1 531/3/1
f 533/1/1 532/1/1 531/1/1
f 534/1/1 532/1/1 533/1/1
f 535/1/1 533/1/1 531/1/1
f 535/3/1 534/3/1 533/3/1
f 536/3/1 534/3/1 535/3/1
f 537/1/1 531/1/1 528/1/1
f 537/1/1 535/1/1 531/1/1
f 538/4/1 536/4/1 535/4/1
f 538/1/1 535/1/1 537/1/1
f 539/4/1 536/4/1 538/4/1
f 540/1/1 525/1/1 522/1/1
f 540/1/1 528/1/1 525/1/1
f 540/1/1 537/1/1 528/1/1
f 541/4/1 538/4/1 537/4/1
f 541/1/1 537/1/1 540/1/1
f 542/1/1 539/1/1 538/1/1
f 542/4/1 538/4/1 541/4/1
f 543/1/1 539/1/1 542/1/1
f 544/1/1 522/1/1 519/1/1
f 544/1/1 540/1/1 522/1/1
f 545/4/1 541/4/1 540/4/1
f 545/1/1 540/1/1 544/1/1
f 546/1/1 542/1/1 541/1/1
f 546/4/1 541/4/1 545/4/1
f 547/1/1 544/1/1 519/1/1
f 548/4/1 545/4/1 544/4/1
f 548/1/1 544/1/1 547/1/1
f 549/1/1 546/1/1 545/1/1
f 549/4/1 545/4/1 548/4/1
f 550/4/1 548/4/1 547/4/1
f 551/1/1 549/1/1 548/1/1
f 551/4/1 548/4/1 550/4/1
f 552/1/1 542/1/1 546/1/1
f 552/1/1 549/1/1 551/1/1
f 552/1/1 551/1/1 550/1/1
f 552/1/1 546/1/1 549/1/1
f 553/3/1 543/3/1 542/3/1
f 553/1/1 542/1/1 552/1/1
f 554/3/1 543/3/1 553/3/1
f 555/3/1 553/3/1 552/3/1
f 555/1/1 554/1/1 553/1/1
f 556/1/1 554/1/1 555/1/1
f 557/1/1 552/1/1 550/1/1
f 558/3/1 555/3/1 552/3/1
f 558/1/1 552/1/1 557/1/1
f 558/3/1 556/3/1 555/3/1
f 559/3/1 556/3/1 558/3/1
f 560/1/1 557/1/1 550/1/1
f 561/3/1 558/3/1 557/3/1
f 561/1/1 557/1/1 560/1/1
f 562/3/1 558/3/1 561/3/1
f 563/1/1 560/1/1 550/1/1
f 564/3/1 561/3/1 560/3/1
f 564/1/1 560/1/1 563/1/1
f 565/1/1 562/1/1 561/1/1
f 565/3/1 561/3/1 564/3/1
f 566/1/1 563/1/1 550/1/1
f 567/3/1 564/3/1 563/3/1
f 567/1/1 563/1/1 566/1/1
f 568/1/1 565/1/1 564/1/1
f 568/3/1 564/3/1 567/3/1
f 569/1/1 562/1/1 565/1/1
f 569/1/1 565/1/1 568/1/1
f 570/3/1 558/3/1 562/3/1
f 570/1/1 562/1/1 569/1/1
f 571/1/1 559/1/1 558/1/1
f 571/3/1 558/3/1 570/3/1
f 572/3/1 567/3/1 566/3/1
f 573/1/1 569/1/1 568/1/1
f 573/3/1 567/3/1 572/3/1
f 573/1/1 568/1/1 567/1/1
f 574/1/1 571/1/1 570/1/1
f 574/1/1 559/1/1 571/1/1
f 575/1/1 559/1/1 574/1/1
f 576/1/1 574/1/1 570/1/1
f 576/3/1 575/3/1 574/3/1
f 577/3/1 575/3/1 576/3/1
f 578/1/1 569/1/1 573/1/1
f 578/1/1 573/1/1 572/1/1
f 579/3/1 570/3/1 569/3/1
f 579/1/1 569/1/1 578/1/1
f 580/1/1 577/1/1 576/1/1
f 580/3/1 570/3/1 579/3/1
f 580/1/1 576/1/1 570/1/1
f 581/1/1 578/1/1 572/1/1
f 582/3/1 579/3/1 578/3/1
f 582/1/1 578/1/1 581/1/1
f 583/1/1 580/1/1 579/1/1
f 583/3/1 579/3/1 582/3/1
f 584/1/1 577/1/1 580/1/1
f 584/1/1 580/1/1 583/1/1
f 584/1/1 583/1/1 582/1/1
f 585/1/1 577/1/1 584/1/1
f 586/1/1 581/1/1 572/1/1
f 587/3/1 582/3/1 581/3/1
f 587/1/1 581/1/1 586/1/1
f 588/1/1 584/1/1 582/1/1
f 588/3/1 582/3/1 587/3/1
f 589/1/1 586/1/1 572/1/1
f 590/1/1 586/1/1 589/1/1
f 591/1/1 584/1/1 588/1/1
f 591/3/1 585/3/1 584/3/1
f 591/1/1 588/1/1 587/1/1
f 592/3/1 585/3/1 591/3/1
f 593/3/1 590/3/1 589/3/1
f 594/1/1 586/1/1 590/1/1
f 594/3/1 590/3/1 593/3/1
f 595/1/1 594/1/1 593/1/1
f 595/1/1 586/1/1 594/1/1
f 596/3/1 587/3/1 586/3/1
f 596/1/1 586/1/1 595/1/1
f 597/1/1 591/1/1 587/1/1
f 597/3/1 587/3/1 596/3/1
f 597/1/1 592/1/1 591/1/1
f 598/1/1 595/1/1 593/1/1
f 598/3/1 596/3/1 595/3/1
f 599/3/1 596/3/1 598/3/1
f 600/1/1 592/1/1 597/1/1
f 600/1/1 597/1/1 596/1/1
f 601/1/1 592/1/1 600/1/1
f 602/1/1 599/1/1 598/1/1
f 602/1/1 598/1/1 593/1/1
f 603/1/1 599/1/1 602/1/1
f 604/3/1 596/3/1 599/3/1
f 604/1/1 600/1/1 596/1/1
f 605/3/1 601/3/1 600/3/1
f 605/1/1 600/1/1 604/1/1
f 606/3/1 601/3/1 605/3/1
f 607/1/1 599/1/1 603/1/1
f 607/3/1 603/3/1 602/3/1
f 608/3/1 604/3/1 599/3/1
f 608/1/1 599/1/1 607/1/1
f 608/3/1 605/3/1 604/3/1
f 609/3/1 605/3/1 608/3/1
f 610/1/1 606/1/1 605/1/1
f 610/3/1 605/3/1 609/3/1
f 611/3/1 607/3/1 602/3/1
f 611/3/1 609/3/1 608/3/1
f 611/3/1 608/3/1 607/3/1
f 612/3/1 609/3/1 611/3/1
f 613/1/1 606/1/1 610/1/1
f 613/1/1 610/1/1 609/1/1
f 614/1/1 606/1/1 613/1/1
f 615/3/1 609/3/1 612/3/1
f 616/1/1 613/1/1 609/1/1
f 616/3/1 609/3/1 615/3/1
f 617/1/1 613/1/1 616/1/1
f 618/1/1 613/1/1 617/1/1
f 619/3/1 614/3/1 613/3/1
f 619/1/1 613/1/1 618/1/1
f 620/3/1 614/3/1 619/3/1
f 621/3/1 614/3/1 620/3/1
f 622/1/1 616/1/1 615/1/1
f 622/3/1 617/3/1 616/3/1
f 623/1/1 618/1/1 617/1/1
f 623/3/1 617/3/1 622/3/1
f 624/1/1 618/1/1 623/1/1
f 625/1/1 618/1/1 624/1/1
f 626/3/1 619/3/1 618/3/1
f 626/1/1 618/1/1 625/1/1
f 626/3/1 620/3/1 619/3/1
f 627/3/1 620/3/1 626/3/1
f 628/1/1 621/1/1 620/1/1
f 628/3/1 620/3/1 627/3/1
f 629/1/1 612/1/1 611/1/1
f 630/3/1 615/3/1 612/3/1
f 630/1/1 612/1/1 629/1/1
f 631/1/1 622/1/1 615/1/1
f 631/3/1 615/3/1 630/3/1
f 631/1/1 623/1/1 622/1/1
f 632/3/1 624/3/1 623/3/1
f 632/1/1 623/1/1 631/1/1
f 633/1/1 625/1/1 624/1/1
f 633/3/1 624/3/1 632/3/1
f 634/3/1 627/3/1 626/3/1
f 634/1/1 625/1/1 633/1/1
f 634/3/1 626/3/1 625/3/1
f 635/3/1 627/3/1 634/3/1
f 636/1/1 628/1/1 627/1/1
f 636/3/1 627/3/1 635/3/1
f 637/1/1 633/1/1 632/1/1
f 637/1/1 632/1/1 631/1/1
f 637/1/1 631/1/1 630/1/1
f 638/3/1 634/3/1 633/3/1
f 638/1/1 633/1/1 637/1/1
f 638/3/1 635/3/1 634/3/1
f 639/3/1 635/3/1 638/3/1
f 640/1/1 636/1/1 635/1/1
f 640/3/1 635/3/1 639/3/1
f 641/1/1 637/1/1 630/1/1
f 642/3/1 639/3/1 638/3/1
f 642/1/1 637/1/1 641/1/1
f 642/3/1 638/3/1 637/3/1
f 643/1/1 640/1/1 639/1/1
f 643/3/1 639/3/1 642/3/1
f 644/1/1 636/1/1 640/1/1
f 644/1/1 640/1/1 643/1/1
f 645/1/1 643/1/1 642/1/1
f 645/3/1 644/3/1 643/3/1
f 646/1/1 636/1/1 644/1/1
f 646/3/1 644/3/1 645/3/1
f 647/1/1 628/1/1 636/1/1
f 647/1/1 636/1/1 646/1/1
f 648/3/1 630/3/1 629/3/1
f 648/1/1 641/1/1 630/1/1
f 649/3/1 642/3/1 641/3/1
f 649/1/1 641/1/1 648/1/1
f 650/1/1 646/1/1 645/1/1
f 650/3/1 642/3/1 649/3/1
f 650/1/1 645/1/1 642/1/1
f 651/3/1 647/3/1 646/3/1
f 651/1/1 646/1/1 650/1/1
f 652/1/1 628/1/1 647/1/1
f 652/3/1 647/3/1 651/3/1
f 653/1/1 621/1/1 628/1/1
f 653/1/1 628/1/1 652/1/1
f 654/3/1 649/3/1 648/3/1
f 655/1/1 652/1/1 651/1/1
f 655/3/1 649/3/1 654/3/1
f 655/1/1 651/1/1 650/1/1
f 655/1/1 650/1/1 649/1/1
f 656/3/1 653/3/1 652/3/1
f 656/1/1 652/1/1 655/1/1
f 657/1/1 621/1/1 653/1/1
f 657/3/1 653/3/1 656/3/1
f 658/1/1 621/1/1 657/1/1
f 659/3/1 654/3/1 648/3/1
f 659/3/1 648/3/1 629/3/1
f 660/1/1 655/1/1 654/1/1
f 660/3/1 654/3/1 659/3/1
f 660/1/1 656/1/1 655/1/1
f 660/1/1 657/1/1 656/1/1
f 661/3/1 658/3/1 657/3/1
f 661/1/1 657/1/1 660/1/1
f 662/3/1 658/3/1 661/3/1
f 663/3/1 659/3/1 629/3/1
f 664/1/1 660/1/1 659/1/1
f 664/3/1 659/3/1 663/3/1
f 664/1/1 661/1/1 660/1/1
f 664/1/1 662/1/1 661/1/1
f 665/1/1 664/1/1 663/1/1
f 666/1/1 662/1/1 664/1/1
f 666/1/1 664/1/1 665/1/1
f 667/1/2 668/1/2 669/1/2
f 669/1/2 668/1/2 670/1/2
f 669/3/2 670/3/2 671/3/2
f 670/1/2 668/1/2 671/1/2
f 671/1/2 668/1/2 672/1/2
f 671/3/2 672/3/2 673/3/2
f 672/1/2 668/1/2 673/1/2
f 673/1/2 668/1/2 674/1/2
f 669/3/2 671/3/2 675/3/2
f 671/3/2 673/3/2 675/3/2
f 673/3/2 674/3/2 675/3/2
f 674/1/2 668/1/2 676/1/2
f 675/3/2 674/3/2 676/3/2
f 676/1/2 668/1/2 677/1/2
f 675/1/2 676/1/2 678/1/2
f 676/3/2 677/3/2 678/3/2
f 677/1/2 668/1/2 679/1/2
f 678/3/2 677/3/2 679/3/2
f 679/1/2 668/1/2 680/1/2
f 678/1/2 679/1/2 681/1/2
f 679/3/2 680/3/2 681/3/2
f 680/1/2 668/1/2 682/1/2
f 681/3/2 680/3/2 682/3/2
f 682/1/2 668/1/2 683/1/2
f 669/3/2 675/3/2 684/3/2
f 675/1/2 678/1/2 685/1/2
f 684/3/2 675/3/2 685/3/2
f 678/1/2 681/1/2 685/1/2
f 681/1/2 682/1/2 685/1/2
f 685/1/2 682/1/2 686/1/2
f 683/1/2 668/1/2 687/1/2
f 682/3/2 683/3/2 687/3/2
f 687/1/2 668/1/2 688/1/2
f 686/1/2 682/1/2 689/1/2
f 682/3/2 687/3/2 689/3/2
f 687/3/2 688/3/2 689/3/2
f 689/3/2 688/3/2 690/3/2
f 688/1/2 668/1/2 691/1/2
f 690/3/2 688/3/2 691/3/2
f 691/1/2 668/1/2 692/1/2
f 689/1/2 690/1/2 693/1/2
f 690/3/2 691/3/2 693/3/2
f 691/3/2 692/3/2 693/3/2
f 693/3/2 692/3/2 694/3/2
f 692/1/2 668/1/2 695/1/2
f 694/3/2 692/3/2 695/3/2
f 695/1/2 668/1/2 696/1/2
f 684/1/2 685/1/2 697/1/2
f 685/3/2 686/3/2 698/3/2
f 697/1/2 685/1/2 698/1/2
f 693/1/2 694/1/2 699/1/2
f 694/3/2 695/3/2 699/3/2
f 695/3/2 696/3/2 699/3/2
f 699/3/2 696/3/2 700/3/2
f 697/3/2 698/3/2 701/3/2
f 698/3/2 686/3/2 702/3/2
f 701/3/2 698/3/2 702/3/2
f 701/1/2 702/1/2 703/1/2
f 702/3/2 686/3/2 703/3/2
f 686/1/2 689/1/2 704/1/2
f 703/3/2 686/3/2 704/3/2
f 689/1/2 693/1/2 704/1/2
f 699/1/2 700/1/2 704/1/2
f 693/1/2 699/1/2 704/1/2
f 704/1/2 700/1/2 705/1/2
f 701/1/2 703/1/2 706/1/2
f 703/1/2 704/1/2 706/1/2
f 704/3/2 705/3/2 707/3/2
f 706/1/2 704/1/2 707/1/2
f 701/1/2 706/1/2 708/1/2
f 706/3/2 707/3/2 708/3/2
f 705/1/2 700/1/2 709/1/2
f 708/3/2 707/3/2 709/3/2
f 707/3/2 705/3/2 709/3/2
f 709/1/2 700/1/2 710/1/2
f 710/1/2 700/1/2 711/1/2
f 711/1/2 700/1/2 712/1/2
f 701/1/2 708/1/2 713/1/2
f 708/1/2 709/1/2 713/1/2
f 713/1/2 709/1/2 714/1/2
f 711/2/2 712/2/2 715/2/2
f 710/1/2 711/1/2 715/1/2
f 715/2/2 712/2/2 716/2/2
f 713/3/2 714/3/2 717/3/2
f 714/1/2 709/1/2 718/1/2
f 717/3/2 714/3/2 718/3/2
f 710/1/2 715/1/2 719/1/2
f 715/1/2 716/1/2 719/1/2
f 719/1/2 716/1/2 720/1/2
f 709/3/2 710/3/2 721/3/2
f 718/1/2 709/1/2 721/1/2
f 717/1/2 718/1/2 721/1/2
f 710/1/2 719/1/2 722/1/2
f 721/3/2 710/3/2 722/3/2
f 722/1/2 719/1/2 723/1/2
f 719/3/2 720/3/2 724/3/2
f 723/1/2 719/1/2 724/1/2
f 724/3/2 720/3/2 725/3/2
f 723/1/2 724/1/2 726/1/2
f 724/1/2 725/1/2 726/1/2
f 726/1/2 725/1/2 727/1/2
f 723/1/2 726/1/2 728/1/2
f 726/2/2 727/2/2 728/2/2
f 728/2/2 727/2/2 729/2/2
f 722/3/2 723/3/2 730/3/2
f 721/1/2 722/1/2 730/1/2
f 728/1/2 729/1/2 731/1/2
f 730/3/2 723/3/2 731/3/2
f 723/1/2 728/1/2 731/1/2
f 731/1/2 729/1/2 732/1/2
f 732/1/2 729/1/2 733/1/2
f 733/1/2 729/1/2 734/1/2
f 732/1/2 733/1/2 735/1/2
f 733/2/2 734/2/2 735/2/2
f 735/2/2 734/2/2 736/2/2
f 721/1/2 730/1/2 737/1/2
f 730/1/2 731/1/2 737/1/2
f 731/3/2 732/3/2 738/3/2
f 737/1/2 731/1/2 738/1/2
f 735/1/2 736/1/2 739/1/2
f 738/3/2 732/3/2 739/3/2
f 732/1/2 735/1/2 739/1/2
f 739/1/2 736/1/2 740/1/2
f 737/3/2 738/3/2 741/3/2
f 721/1/2 737/1/2 741/1/2
f 738/1/2 739/1/2 742/1/2
f 741/3/2 738/3/2 742/3/2
f 740/1/2 736/1/2 743/1/2
f 743/1/2 736/1/2 744/1/2
f 740/1/2 743/1/2 745/1/2
f 743/3/2 744/3/2 745/3/2
f 745/3/2 744/3/2 746/3/2
f 717/1/2 721/1/2 747/1/2
f 721/1/2 741/1/2 747/1/2
f 741/1/2 742/1/2 747/1/2
f 747/1/2 742/1/2 748/1/2
f 747/3/2 748/3/2 749/3/2
f 748/1/2 742/1/2 750/1/2
f 749/3/2 748/3/2 750/3/2
f 750/1/2 742/1/2 751/1/2
f 742/1/2 739/1/2 752/1/2
f 751/1/2 742/1/2 752/1/2
f 739/3/2 740/3/2 752/3/2
f 745/1/2 746/1/2 753/1/2
f 752/3/2 740/3/2 753/3/2
f 740/1/2 745/1/2 753/1/2
f 753/1/2 746/1/2 754/1/2
f 750/3/2 751/3/2 755/3/2
f 749/1/2 750/1/2 755/1/2
f 751/1/2 752/1/2 756/1/2
f 755/3/2 751/3/2 756/3/2
f 752/1/2 753/1/2 756/1/2
f 756/1/2 753/1/2 757/1/2
f 755/1/2 756/1/2 758/1/2
f 756/3/2 757/3/2 758/3/2
f 757/1/2 753/1/2 759/1/2
f 758/3/2 757/3/2 759/3/2
f 753/3/2 754/3/2 760/3/2
f 759/1/2 753/1/2 760/1/2
f 758/1/2 759/1/2 761/1/2
f 759/3/2 760/3/2 761/3/2
f 754/1/2 746/1/2 762/1/2
f 761/3/2 760/3/2 762/3/2
f 760/3/2 754/3/2 762/3/2
f 762/1/2 746/1/2 763/1/2
f 762/3/2 763/3/2 764/3/2
f 764/3/2 763/3/2 765/3/2
f 761/1/2 762/1/2 766/1/2
f 762/3/2 764/3/2 766/3/2
f 764/1/2 765/1/2 767/1/2
f 766/3/2 764/3/2 767/3/2
f 767/1/2 765/1/2 768/1/2
f 758/1/2 761/1/2 769/1/2
f 755/1/2 758/1/2 769/1/2
f 749/1/2 755/1/2 769/1/2
f 766/1/2 767/1/2 769/1/2
f 761/1/2 766/1/2 769/1/2
f 769/1/2 767/1/2 770/1/2
f 769/4/2 770/4/2 771/4/2
f 770/1/2 767/1/2 772/1/2
f 771/4/2 770/4/2 772/4/2
f 767/3/2 768/3/2 773/3/2
f 772/1/2 767/1/2 773/1/2
f 771/1/2 772/1/2 773/1/2
f 773/3/2 768/3/2 774/3/2
f 771/1/2 773/1/2 775/1/2
f 773/1/2 774/1/2 775/1/2
f 775/1/2 774/1/2 776/1/2
f 771/1/2 775/1/2 777/1/2
f 775/3/2 776/3/2 777/3/2
f 777/3/2 776/3/2 778/3/2
f 771/1/2 777/1/2 779/1/2
f 777/1/2 778/1/2 779/1/2
f 779/1/2 778/1/2 780/1/2
f 771/1/2 779/1/2 781/1/2
f 779/3/2 780/3/2 782/3/2
f 781/1/2 779/1/2 782/1/2
f 782/3/2 780/3/2 783/3/2
f 771/1/2 781/1/2 784/1/2
f 781/3/2 782/3/2 785/3/2
f 784/1/2 781/1/2 785/1/2
f 782/1/2 783/1/2 786/1/2
f 785/3/2 782/3/2 786/3/2
f 771/1/2 784/1/2 787/1/2
f 784/3/2 785/3/2 788/3/2
f 787/1/2 784/1/2 788/1/2
f 785/1/2 786/1/2 789/1/2
f 788/3/2 785/3/2 789/3/2
f 771/1/2 787/1/2 790/1/2
f 787/3/2 788/3/2 791/3/2
f 790/1/2 787/1/2 791/1/2
f 788/1/2 789/1/2 792/1/2
f 791/3/2 788/3/2 792/3/2
f 789/1/2 786/1/2 793/1/2
f 792/1/2 789/1/2 793/1/2
f 791/3/2 792/3/2 794/3/2
f 790/3/2 791/3/2 794/3/2
f 792/3/2 793/3/2 794/3/2
f 793/1/2 786/1/2 795/1/2
f 794/3/2 793/3/2 795/3/2
f 794/1/2 795/1/2 796/1/2
f 795/1/2 786/1/2 797/1/2
f 796/1/2 795/1/2 797/1/2
f 794/1/2 796/1/2 798/1/2
f 796/3/2 797/3/2 798/3/2
f 797/1/2 786/1/2 799/1/2
f 798/3/2 797/3/2 799/3/2
f 786/1/2 783/1/2 800/1/2
f 799/1/2 786/1/2 800/1/2
f 798/1/2 799/1/2 801/1/2
f 799/3/2 800/3/2 801/3/2
f 801/3/2 800/3/2 802/3/2
f 801/1/2 802/1/2 803/1/2
f 803/1/2 802/1/2 804/1/2
f 801/1/2 803/1/2 805/1/2
f 803/2/2 804/2/2 805/2/2
f 805/2/2 804/2/2 806/2/2
f 801/1/2 805/1/2 807/1/2
f 805/1/2 806/1/2 807/1/2
f 807/1/2 806/1/2 808/1/2
f 801/1/2 807/1/2 809/1/2
f 807/3/2 808/3/2 809/3/2
f 809/3/2 808/3/2 810/3/2
f 801/1/2 809/1/2 811/1/2
f 809/4/2 810/4/2 811/4/2
f 811/4/2 810/4/2 812/4/2
f 801/1/2 811/1/2 813/1/2
f 811/1/2 812/1/2 813/1/2
f 813/1/2 812/1/2 814/1/2
f 801/1/2 813/1/2 815/1/2
f 813/2/2 814/2/2 815/2/2
f 815/2/2 814/2/2 816/2/2
f 801/1/2 815/1/2 817/1/2
f 815/1/2 816/1/2 817/1/2
f 817/1/2 816/1/2 818/1/2
f 801/1/2 817/1/2 819/1/2
f 817/2/2 818/2/2 819/2/2
f 819/2/2 818/2/2 820/2/2
f 801/1/2 819/1/2 821/1/2
f 819/1/2 820/1/2 821/1/2
f 821/1/2 820/1/2 822/1/2
f 801/1/2 821/1/2 823/1/2
f 821/4/2 822/4/2 823/4/2
f 823/4/2 822/4/2 824/4/2
f 794/1/2 798/1/2 825/1/2
f 798/1/2 801/1/2 825/1/2
f 823/1/2 824/1/2 825/1/2
f 801/1/2 823/1/2 825/1/2
f 825/1/2 824/1/2 826/1/2
f 825/3/2 826/3/2 827/3/2
f 826/1/2 824/1/2 828/1/2
f 827/3/2 826/3/2 828/3/2
f 828/1/2 824/1/2 829/1/2
f 827/1/2 828/1/2 830/1/2
f 828/3/2 829/3/2 831/3/2
f 830/1/2 828/1/2 831/1/2
f 829/1/2 824/1/2 832/1/2
f 831/3/2 829/3/2 832/3/2
f 832/1/2 824/1/2 833/1/2
f 830/3/2 831/3/2 834/3/2
f 831/1/2 832/1/2 835/1/2
f 834/3/2 831/3/2 835/3/2
f 832/3/2 833/3/2 836/3/2
f 835/1/2 832/1/2 836/1/2
f 833/1/2 824/1/2 837/1/2
f 836/3/2 833/3/2 837/3/2
f 837/1/2 824/1/2 838/1/2
f 835/1/2 836/1/2 839/1/2
f 834/1/2 835/1/2 839/1/2
f 837/3/2 838/3/2 839/3/2
f 836/1/2 837/1/2 839/1/2
f 838/1/2 824/1/2 840/1/2
f 839/3/2 838/3/2 840/3/2
f 840/1/2 824/1/2 841/1/2
f 839/1/2 840/1/2 842/1/2
f 840/3/2 841/3/2 842/3/2
f 841/1/2 824/1/2 843/1/2
f 842/3/2 841/3/2 843/3/2
f 843/1/2 824/1/2 844/1/2
f 842/1/2 843/1/2 845/1/2
f 843/3/2 844/3/2 845/3/2
f 844/1/2 824/1/2 846/1/2
f 845/3/2 844/3/2 846/3/2
f 846/1/2 824/1/2 847/1/2
f 845/1/2 846/1/2 848/1/2
f 846/3/2 847/3/2 848/3/2
f 847/1/2 824/1/2 849/1/2
f 848/3/2 847/3/2 849/3/2
f 849/1/2 824/1/2 850/1/2
f 848/1/2 849/1/2 851/1/2
f 849/3/2 850/3/2 851/3/2
f 850/1/2 824/1/2 852/1/2
f 851/3/2 850/3/2 852/3/2
f 852/1/2 824/1/2 853/1/2
f 834/1/2 839/1/2 854/1/2
f 839/1/2 842/1/2 854/1/2
f 842/1/2 845/1/2 854/1/2
f 851/1/2 852/1/2 854/1/2
f 848/1/2 851/1/2 854/1/2
f 845/1/2 848/1/2 854/1/2
f 854/1/2 852/1/2 855/1/2
f 852/3/2 853/3/2 856/3/2
f 855/1/2 852/1/2 856/1/2
f 853/1/2 824/1/2 857/1/2
f 856/3/2 853/3/2 857/3/2
f 857/1/2 824/1/2 858/1/2
f 854/3/2 855/3/2 859/3/2
f 855/1/2 856/1/2 860/1/2
f 859/3/2 855/3/2 860/3/2
f 856/1/2 857/1/2 860/1/2
f 860/1/2 857/1/2 861/1/2
f 859/1/2 860/1/2 862/1/2
f 860/3/2 861/3/2 862/3/2
f 861/1/2 857/1/2 863/1/2
f 862/3/2 861/3/2 863/3/2
f 863/1/2 857/1/2 864/1/2
f 857/3/2 858/3/2 865/3/2
f 864/1/2 857/1/2 865/1/2
f 865/3/2 858/3/2 866/3/2
f 863/3/2 864/3/2 867/3/2
f 862/1/2 863/1/2 867/1/2
f 865/1/2 866/1/2 868/1/2
f 867/3/2 864/3/2 868/3/2
f 864/1/2 865/1/2 868/1/2
f 868/1/2 866/1/2 869/1/2
f 867/1/2 868/1/2 870/1/2
f 868/3/2 869/3/2 870/3/2
f 869/1/2 866/1/2 871/1/2
f 870/3/2 869/3/2 871/3/2
f 871/1/2 866/1/2 872/1/2
f 870/1/2 871/1/2 873/1/2
f 871/3/2 872/3/2 873/3/2
f 872/1/2 866/1/2 874/1/2
f 873/3/2 872/3/2 874/3/2
f 874/1/2 866/1/2 875/1/2
f 873/1/2 874/1/2 876/1/2
f 874/3/2 875/3/2 876/3/2
f 875/1/2 866/1/2 877/1/2
f 876/3/2 875/3/2 877/3/2
f 877/1/2 866/1/2 878/1/2
f 878/1/2 866/1/2 879/1/2
f 879/1/2 866/1/2 880/1/2
f 867/1/2 870/1/2 881/1/2
f 870/1/2 873/1/2 881/1/2
f 873/1/2 876/1/2 881/1/2
f 876/1/2 877/1/2 881/1/2
f 877/3/2 878/3/2 882/3/2
f 881/1/2 877/1/2 882/1/2
f 878/1/2 879/1/2 883/1/2
f 882/3/2 878/3/2 883/3/2
f 879/3/2 880/3/2 884/3/2
f 883/1/2 879/1/2 884/1/2
f 882/3/2 883/3/2 885/3/2
f 881/3/2 882/3/2 885/3/2
f 883/3/2 884/3/2 885/3/2
f 867/1/2 881/1/2 885/1/2
f 884/3/2 880/3/2 886/3/2
f 885/3/2 884/3/2 886/3/2
f 885/1/2 886/1/2 887/1/2
f 887/1/2 886/1/2 888/1/2
f 885/1/2 887/1/2 889/1/2
f 887/4/2 888/4/2 889/4/2
f 889/4/2 888/4/2 890/4/2
f 859/1/2 862/1/2 891/1/2
f 862/1/2 867/1/2 891/1/2
f 889/1/2 890/1/2 891/1/2
f 885/1/2 889/1/2 891/1/2
f 867/1/2 885/1/2 891/1/2
f 891/1/2 890/1/2 892/1/2
f 892/1/2 890/1/2 893/1/2
f 893/1/2 890/1/2 894/1/2
f 891/3/2 892/3/2 895/3/2
f 892/1/2 893/1/2 896/1/2
f 895/3/2 892/3/2 896/3/2
f 893/3/2 894/3/2 897/3/2
f 896/1/2 893/1/2 897/1/2
f 895/1/2 896/1/2 898/1/2
f 896/3/2 897/3/2 899/3/2
f 898/1/2 896/1/2 899/1/2
f 899/3/2 897/3/2 900/3/2
f 897/3/2 894/3/2 901/3/2
f 900/3/2 897/3/2 901/3/2
f 899/3/2 900/3/2 902/3/2
f 898/3/2 899/3/2 902/3/2
f 902/3/2 900/3/2 903/3/2
f 900/1/2 901/1/2 904/1/2
f 903/3/2 900/3/2 904/3/2
f 904/1/2 901/1/2 905/1/2
f 902/1/2 903/1/2 906/1/2
f 903/3/2 904/3/2 907/3/2
f 906/1/2 903/1/2 907/1/2
f 904/3/2 905/3/2 907/3/2
f 907/3/2 905/3/2 908/3/2
f 906/3/2 907/3/2 909/3/2
f 907/1/2 908/1/2 910/1/2
f 909/3/2 907/3/2 910/3/2
f 908/3/2 905/3/2 911/3/2
f 910/1/2 908/1/2 911/1/2
f 911/3/2 905/3/2 912/3/2
f 909/1/2 910/1/2 913/1/2
f 910/1/2 911/1/2 913/1/2
f 911/1/2 912/1/2 913/1/2
f 913/1/2 912/1/2 914/1/2
f 909/1/2 913/1/2 915/1/2
f 913/4/2 914/4/2 915/4/2
f 915/4/2 914/4/2 916/4/2
f 909/1/2 915/1/2 917/1/2
f 915/1/2 916/1/2 917/1/2
f 917/1/2 916/1/2 918/1/2
f 909/1/2 917/1/2 919/1/2
f 917/3/2 918/3/2 919/3/2
f 919/3/2 918/3/2 920/3/2
f 920/3/2 918/3/2 921/3/2
f 921/3/2 918/3/2 922/3/2
f 919/1/2 920/1/2 923/1/2
f 920/3/2 921/3/2 924/3/2
f 923/1/2 920/1/2 924/1/2
f 921/1/2 922/1/2 925/1/2
f 924/3/2 921/3/2 925/3/2
f 922/3/2 918/3/2 926/3/2
f 925/1/2 922/1/2 926/1/2
f 926/3/2 918/3/2 927/3/2
f 919/1/2 923/1/2 928/1/2
f 923/3/2 924/3/2 929/3/2
f 928/1/2 923/1/2 929/1/2
f 924/1/2 925/1/2 930/1/2
f 929/3/2 924/3/2 930/3/2
f 925/1/2 926/1/2 930/1/2
f 926/1/2 927/1/2 930/1/2
f 909/1/2 919/1/2 931/1/2
f 919/1/2 928/1/2 931/1/2
f 928/3/2 929/3/2 932/3/2
f 931/1/2 928/1/2 932/1/2
f 929/1/2 930/1/2 933/1/2
f 932/3/2 929/3/2 933/3/2
f 909/1/2 931/1/2 934/1/2
f 931/3/2 932/3/2 935/3/2
f 934/1/2 931/1/2 935/1/2
f 932/1/2 933/1/2 936/1/2
f 935/3/2 932/3/2 936/3/2
f 909/1/2 934/1/2 937/1/2
f 934/3/2 935/3/2 938/3/2
f 937/1/2 934/1/2 938/1/2
f 935/1/2 936/1/2 939/1/2
f 938/3/2 935/3/2 939/3/2
f 930/1/2 927/1/2 940/1/2
f 939/1/2 936/1/2 940/1/2
f 933/1/2 930/1/2 940/1/2
f 936/1/2 933/1/2 940/1/2
f 940/1/2 927/1/2 941/1/2
f 909/1/2 937/1/2 942/1/2
f 937/3/2 938/3/2 943/3/2
f 942/1/2 937/1/2 943/1/2
f 938/1/2 939/1/2 944/1/2
f 943/3/2 938/3/2 944/3/2
f 939/1/2 940/1/2 944/1/2
f 942/3/2 943/3/2 945/3/2
f 943/1/2 944/1/2 946/1/2
f 945/3/2 943/3/2 946/3/2
f 944/1/2 940/1/2 947/1/2
f 946/1/2 944/1/2 947/1/2
f 940/3/2 941/3/2 948/3/2
f 947/1/2 940/1/2 948/1/2
f 948/3/2 941/3/2 949/3/2
f 945/1/2 946/1/2 950/1/2
f 946/1/2 947/1/2 950/1/2
f 947/3/2 948/3/2 951/3/2
f 950/1/2 947/1/2 951/1/2
f 948/1/2 949/1/2 952/1/2
f 951/3/2 948/3/2 952/3/2
f 945/1/2 950/1/2 953/1/2
f 950/3/2 951/3/2 954/3/2
f 953/1/2 950/1/2 954/1/2
f 951/1/2 952/1/2 955/1/2
f 954/3/2 951/3/2 955/3/2
f 945/1/2 953/1/2 956/1/2
f 953/3/2 954/3/2 957/3/2
f 956/1/2 953/1/2 957/1/2
f 954/1/2 955/1/2 958/1/2
f 957/3/2 954/3/2 958/3/2
f 945/1/2 956/1/2 959/1/2
f 956/3/2 957/3/2 960/3/2
f 959/1/2 956/1/2 960/1/2
f 957/1/2 958/1/2 961/1/2
f 960/3/2 957/3/2 961/3/2
f 945/1/2 959/1/2 962/1/2
f 959/3/2 960/3/2 963/3/2
f 962/1/2 959/1/2 963/1/2
f 960/1/2 961/1/2 964/1/2
f 963/3/2 960/3/2 964/3/2
f 945/1/2 962/1/2 965/1/2
f 965/1/2 962/1/2 966/1/2
f 966/1/2 962/1/2 967/1/2
f 962/3/2 963/3/2 968/3/2
f 967/1/2 962/1/2 968/1/2
f 963/1/2 964/1/2 969/1/2
f 968/3/2 963/3/2 969/3/2
f 965/3/2 966/3/2 970/3/2
f 966/1/2 967/1/2 971/1/2
f 970/3/2 966/3/2 971/3/2
f 967/3/2 968/3/2 972/3/2
f 971/1/2 967/1/2 972/1/2
f 968/1/2 969/1/2 973/1/2
f 972/3/2 968/3/2 973/3/2
f 970/1/2 971/1/2 974/1/2
f 971/3/2 972/3/2 975/3/2
f 974/1/2 971/1/2 975/1/2
f 972/1/2 973/1/2 976/1/2
f 975/3/2 972/3/2 976/3/2
f 974/3/2 975/3/2 977/3/2
f 975/1/2 976/1/2 978/1/2
f 977/3/2 975/3/2 978/3/2
f 955/1/2 952/1/2 979/1/2
f 978/1/2 976/1/2 979/1/2
f 977/1/2 978/1/2 979/1/2
f 952/1/2 949/1/2 979/1/2
f 976/1/2 973/1/2 979/1/2
f 958/1/2 955/1/2 979/1/2
f 969/1/2 964/1/2 979/1/2
f 961/1/2 958/1/2 979/1/2
f 973/1/2 969/1/2 979/1/2
f 964/1/2 961/1/2 979/1/2
f 979/1/2 949/1/2 980/1/2
f 977/1/2 979/1/2 981/1/2
f 979/4/2 980/4/2 981/4/2
f 981/4/2 980/4/2 982/4/2
f 977/1/2 981/1/2 983/1/2
f 981/1/2 982/1/2 983/1/2
f 983/1/2 982/1/2 984/1/2
f 977/1/2 983/1/2 985/1/2
f 983/4/2 984/4/2 985/4/2
f 985/4/2 984/4/2 986/4/2
f 977/1/2 985/1/2 987/1/2
f 985/3/2 986/3/2 987/3/2
f 987/3/2 986/3/2 988/3/2
f 977/1/2 987/1/2 989/1/2
f 987/1/2 988/1/2 989/1/2
f 989/1/2 988/1/2 990/1/2
f 977/1/2 989/1/2 991/1/2
f 989/3/2 990/3/2 992/3/2
f 991/1/2 989/1/2 992/1/2
f 992/3/2 990/3/2 993/3/2
f 977/1/2 991/1/2 994/1/2
f 991/3/2 992/3/2 994/3/2
f 992/1/2 993/1/2 995/1/2
f 994/3/2 992/3/2 995/3/2
f 977/1/2 994/1/2 996/1/2
f 994/1/2 995/1/2 996/1/2
f 995/1/2 993/1/2 997/1/2
f 996/1/2 995/1/2 997/1/2
f 996/3/2 997/3/2 998/3/2
f 998/3/2 997/3/2 999/3/2
f 999/3/2 997/3/2 1000/3/2
f 997/1/2 993/1/2 1001/1/2
f 1000/3/2 997/3/2 1001/3/2
f 999/3/2 1000/3/2 1002/3/2
f 998/1/2 999/1/2 1002/1/2
f 1000/1/2 1001/1/2 1003/1/2
f 1002/3/2 1000/3/2 1003/3/2
f 1001/1/2 993/1/2 1004/1/2
f 1003/1/2 1001/1/2 1004/1/2
f 1002/1/2 1003/1/2 1005/1/2
f 1003/3/2 1004/3/2 1005/3/2
f 1004/1/2 993/1/2 1006/1/2
f 1005/3/2 1004/3/2 1006/3/2
f 1006/1/2 993/1/2 1007/1/2
f 1005/1/2 1006/1/2 1008/1/2
f 1006/3/2 1007/3/2 1008/3/2
f 1007/1/2 993/1/2 1009/1/2
f 1008/3/2 1007/3/2 1009/3/2
f 1009/1/2 993/1/2 1010/1/2
f 1008/1/2 1009/1/2 1011/1/2
f 1009/3/2 1010/3/2 1011/3/2
f 1011/3/2 1010/3/2 1012/3/2
f 1011/1/2 1012/1/2 1013/1/2
f 1013/1/2 1012/1/2 1014/1/2
f 1011/1/2 1013/1/2 1015/1/2
f 1013/3/2 1014/3/2 1015/3/2
f 1015/3/2 1014/3/2 1016/3/2
f 1011/1/2 1015/1/2 1017/1/2
f 1015/1/2 1016/1/2 1017/1/2
f 1017/1/2 1016/1/2 1018/1/2
f 1002/1/2 1005/1/2 1019/1/2
f 998/1/2 1002/1/2 1019/1/2
f 1005/1/2 1008/1/2 1019/1/2
f 1011/1/2 1017/1/2 1019/1/2
f 1008/1/2 1011/1/2 1019/1/2
f 1019/1/2 1017/1/2 1020/1/2
f 1019/4/2 1020/4/2 1021/4/2
f 1020/1/2 1017/1/2 1022/1/2
f 1021/4/2 1020/4/2 1022/4/2
f 1021/1/2 1022/1/2 1023/1/2
f 1022/1/2 1017/1/2 1023/1/2
f 1017/3/2 1018/3/2 1024/3/2
f 1023/1/2 1017/1/2 1024/1/2
f 1024/3/2 1018/3/2 1025/3/2
f 1023/3/2 1024/3/2 1026/3/2
f 1024/1/2 1025/1/2 1026/1/2
f 1026/1/2 1025/1/2 1027/1/2
f 1021/1/2 1023/1/2 1028/1/2
f 1023/3/2 1026/3/2 1029/3/2
f 1028/1/2 1023/1/2 1029/1/2
f 1026/3/2 1027/3/2 1029/3/2
f 1029/3/2 1027/3/2 1030/3/2
f 1021/1/2 1028/1/2 1031/1/2
f 1028/3/2 1029/3/2 1032/3/2
f 1031/1/2 1028/1/2 1032/1/2
f 1032/3/2 1029/3/2 1033/3/2
f 1021/1/2 1031/1/2 1034/1/2
f 1031/3/2 1032/3/2 1035/3/2
f 1034/1/2 1031/1/2 1035/1/2
f 1032/1/2 1033/1/2 1036/1/2
f 1035/3/2 1032/3/2 1036/3/2
f 1021/1/2 1034/1/2 1037/1/2
f 1034/3/2 1035/3/2 1038/3/2
f 1037/1/2 1034/1/2 1038/1/2
f 1035/1/2 1036/1/2 1039/1/2
f 1038/3/2 1035/3/2 1039/3/2
f 1036/1/2 1033/1/2 1040/1/2
f 1039/1/2 1036/1/2 1040/1/2
f 1033/3/2 1029/3/2 1041/3/2
f 1040/1/2 1033/1/2 1041/1/2
f 1029/1/2 1030/1/2 1042/1/2
f 1041/3/2 1029/3/2 1042/3/2
f 1037/3/2 1038/3/2 1043/3/2
f 1039/1/2 1040/1/2 1044/1/2
f 1043/3/2 1038/3/2 1044/3/2
f 1038/1/2 1039/1/2 1044/1/2
f 1041/1/2 1042/1/2 1045/1/2
f 1042/1/2 1030/1/2 1045/1/2
f 1045/1/2 1030/1/2 1046/1/2
f 1041/1/2 1045/1/2 1047/1/2
f 1045/3/2 1046/3/2 1047/3/2
f 1047/3/2 1046/3/2 1048/3/2
f 1044/1/2 1040/1/2 1049/1/2
f 1043/1/2 1044/1/2 1049/1/2
f 1049/1/2 1040/1/2 1050/1/2
f 1043/1/2 1049/1/2 1051/1/2
f 1049/3/2 1050/3/2 1051/3/2
f 1050/1/2 1040/1/2 1052/1/2
f 1051/3/2 1050/3/2 1052/3/2
f 1040/3/2 1041/3/2 1053/3/2
f 1052/1/2 1040/1/2 1053/1/2
f 1047/1/2 1048/1/2 1054/1/2
f 1053/3/2 1041/3/2 1054/3/2
f 1041/1/2 1047/1/2 1054/1/2
f 1051/1/2 1052/1/2 1055/1/2
f 1043/1/2 1051/1/2 1055/1/2
f 1052/3/2 1053/3/2 1056/3/2
f 1055/1/2 1052/1/2 1056/1/2
f 1053/1/2 1054/1/2 1057/1/2
f 1056/3/2 1053/3/2 1057/3/2
f 1054/1/2 1048/1/2 1058/1/2
f 1057/1/2 1054/1/2 1058/1/2
f 1056/1/2 1057/1/2 1058/1/2
f 1058/1/2 1048/1/2 1059/1/2
f 1043/1/2 1055/1/2 1060/1/2
f 1055/3/2 1056/3/2 1061/3/2
f 1060/1/2 1055/1/2 1061/1/2
f 1056/1/2 1058/1/2 1062/1/2
f 1061/3/2 1056/3/2 1062/3/2
f 1043/1/2 1060/1/2 1063/1/2
f 1063/1/2 1060/1/2 1064/1/2
f 1062/1/2 1058/1/2 1065/1/2
f 1058/3/2 1059/3/2 1065/3/2
f 1061/1/2 1062/1/2 1065/1/2
f 1065/3/2 1059/3/2 1066/3/2
f 1063/3/2 1064/3/2 1067/3/2
f 1064/1/2 1060/1/2 1068/1/2
f 1067/3/2 1064/3/2 1068/3/2
f 1067/1/2 1068/1/2 1069/1/2
f 1068/1/2 1060/1/2 1069/1/2
f 1060/3/2 1061/3/2 1070/3/2
f 1069/1/2 1060/1/2 1070/1/2
f 1061/1/2 1065/1/2 1071/1/2
f 1070/3/2 1061/3/2 1071/3/2
f 1065/1/2 1066/1/2 1071/1/2
f 1067/1/2 1069/1/2 1072/1/2
f 1069/3/2 1070/3/2 1072/3/2
f 1072/3/2 1070/3/2 1073/3/2
f 1067/1/2 1072/1/2 1074/1/2
f 1072/1/2 1073/1/2 1074/1/2
f 1073/3/2 1070/3/2 1075/3/2
f 1074/1/2 1073/1/2 1075/1/2
f 1070/1/2 1071/1/2 1076/1/2
f 1075/3/2 1070/3/2 1076/3/2
f 1067/1/2 1074/1/2 1077/1/2
f 1074/3/2 1075/3/2 1078/3/2
f 1077/1/2 1074/1/2 1078/1/2
f 1077/3/2 1078/3/2 1079/3/2
f 1078/3/2 1075/3/2 1080/3/2
f 1079/3/2 1078/3/2 1080/3/2
f 1071/1/2 1066/1/2 1081/1/2
f 1076/1/2 1071/1/2 1081/1/2
f 1075/1/2 1076/1/2 1081/1/2
f 1081/1/2 1066/1/2 1082/1/2
f 1075/1/2 1081/1/2 1083/1/2
f 1081/3/2 1082/3/2 1084/3/2
f 1083/1/2 1081/1/2 1084/1/2
f 1084/3/2 1082/3/2 1085/3/2
f 1085/3/2 1082/3/2 1086/3/2
f 1075/1/2 1083/1/2 1087/1/2
f 1083/3/2 1084/3/2 1088/3/2
f 1087/1/2 1083/1/2 1088/1/2
f 1084/3/2 1085/3/2 1088/3/2
f 1088/3/2 1085/3/2 1089/3/2
f 1085/1/2 1086/1/2 1090/1/2
f 1089/3/2 1085/3/2 1090/3/2
f 1079/1/2 1080/1/2 1091/1/2
f 1080/3/2 1075/3/2 1092/3/2
f 1091/1/2 1080/1/2 1092/1/2
f 1075/1/2 1087/1/2 1093/1/2
f 1092/3/2 1075/3/2 1093/3/2
f 1088/3/2 1089/3/2 1094/3/2
f 1087/3/2 1088/3/2 1094/3/2
f 1089/1/2 1090/1/2 1095/1/2
f 1094/3/2 1089/3/2 1095/3/2
f 1093/1/2 1087/1/2 1096/1/2
f 1092/1/2 1093/1/2 1096/1/2
f 1087/3/2 1094/3/2 1097/3/2
f 1096/1/2 1087/1/2 1097/1/2
f 1094/1/2 1095/1/2 1098/1/2
f 1097/3/2 1094/3/2 1098/3/2
f 1092/1/2 1096/1/2 1099/1/2
f 1096/3/2 1097/3/2 1100/3/2
f 1099/1/2 1096/1/2 1100/1/2
f 1097/1/2 1098/1/2 1101/1/2
f 1100/3/2 1097/3/2 1101/3/2
f 1091/3/2 1092/3/2 1102/3/2
f 1092/1/2 1099/1/2 1102/1/2
f 1099/3/2 1100/3/2 1103/3/2
f 1102/1/2 1099/1/2 1103/1/2
f 1100/1/2 1101/1/2 1104/1/2
f 1103/3/2 1100/3/2 1104/3/2
f 1102/3/2 1103/3/2 1105/3/2
f 1103/1/2 1104/1/2 1106/1/2
f 1105/3/2 1103/3/2 1106/3/2
f 1091/3/2 1102/3/2 1107/3/2
f 1102/3/2 1105/3/2 1107/3/2
f 1105/1/2 1106/1/2 1108/1/2
f 1107/3/2 1105/3/2 1108/3/2
f 1091/3/2 1107/3/2 1109/3/2
f 1107/1/2 1108/1/2 1110/1/2
f 1109/3/2 1107/3/2 1110/3/2
f 1109/1/2 1110/1/2 1111/1/2
f 1090/1/2 1086/1/2 1112/1/2
f 1111/1/2 1110/1/2 1112/1/2
f 1101/1/2 1098/1/2 1112/1/2
f 1110/1/2 1108/1/2 1112/1/2
f 1095/1/2 1090/1/2 1112/1/2
f 1108/1/2 1106/1/2 1112/1/2
f 1106/1/2 1104/1/2 1112/1/2
f 1098/1/2 1095/1/2 1112/1/2
f 1104/1/2 1101/1/2 1112/1/2
f 1167/1/3 1114/1/3 1113/1/3
f 1167/3/3 1115/3/3 1114/3/3
f 1168/1/3 1116/1/3 1115/1/3
f 1168/3/3 1115/3/3 1167/3/3
f 1169/1/3 1118/1/3 1117/1/3
f 1169/3/3 1119/3/3 1118/3/3
f 1170/1/3 1120/1/3 1119/1/3
f 1170/3/3 1119/3/3 1169/3/3
f 1171/1/3 1124/1/3 1123/1/3
f 1171/3/3 1125/3/3 1124/3/3
f 1172/1/3 1126/1/3 1125/1/3
f 1172/3/3 1125/3/3 1171/3/3
f 1173/4/3 1127/4/3 1126/4/3
f 1173/1/3 1126/1/3 1172/1/3
f 1174/4/3 1127/4/3 1173/4/3
f 1175/1/3 1128/1/3 1127/1/3
f 1175/4/3 1127/4/3 1174/4/3
f 1176/4/3 1129/4/3 1128/4/3
f 1176/1/3 1128/1/3 1175/1/3
f 1177/4/3 1129/4/3 1176/4/3
f 1178/4/3 1129/4/3 1177/4/3
f 1179/1/3 1130/1/3 1129/1/3
f 1179/4/3 1129/4/3 1178/4/3
f 1180/4/3 1131/4/3 1130/4/3
f 1180/1/3 1130/1/3 1179/1/3
f 1181/1/3 1132/1/3 1131/1/3
f 1181/4/3 1131/4/3 1180/4/3
f 1182/3/3 1133/3/3 1132/3/3
f 1182/1/3 1132/1/3 1181/1/3
f 1183/1/3 1134/1/3 1133/1/3
f 1183/3/3 1133/3/3 1182/3/3
f 1184/1/3 1134/1/3 1183/1/3
f 1185/1/3 1134/1/3 1184/1/3
f 1186/3/3 1135/3/3 1134/3/3
f 1186/1/3 1134/1/3 1185/1/3
f 1187/1/3 1136/1/3 1135/1/3
f 1187/3/3 1135/3/3 1186/3/3
f 1188/4/3 1137/4/3 1136/4/3
f 1188/1/3 1136/1/3 1187/1/3
f 1189/1/3 1138/1/3 1137/1/3
f 1189/4/3 1137/4/3 1188/4/3
f 1190/1/3 1138/1/3 1189/1/3
f 1191/3/3 1139/3/3 1138/3/3
f 1191/1/3 1138/1/3 1190/1/3
f 1192/1/3 1140/1/3 1139/1/3
f 1192/3/3 1139/3/3 1191/3/3
f 1193/3/3 1141/3/3 1140/3/3
f 1193/1/3 1140/1/3 1192/1/3
f 1194/1/3 1142/1/3 1141/1/3
f 1194/3/3 1141/3/3 1193/3/3
f 1195/1/3 1142/1/3 1194/1/3
f 1196/4/3 1143/4/3 1142/4/3
f 1196/1/3 1142/1/3 1195/1/3
f 1197/1/3 1144/1/3 1143/1/3
f 1197/4/3 1143/4/3 1196/4/3
f 1198/3/3 1145/3/3 1144/3/3
f 1198/1/3 1144/1/3 1197/1/3
f 1199/1/3 1146/1/3 1145/1/3
f 1199/3/3 1145/3/3 1198/3/3
f 1200/1/3 1146/1/3 1199/1/3
f 1201/1/3 1146/1/3 1200/1/3
f 1202/3/3 1147/3/3 1146/3/3
f 1202/1/3 1146/1/3 1201/1/3
f 1203/1/3 1148/1/3 1147/1/3
f 1203/3/3 1147/3/3 1202/3/3
f 1204/4/3 1149/4/3 1148/4/3
f 1204/1/3 1148/1/3 1203/1/3
f 1205/1/3 1150/1/3 1149/1/3
f 1205/4/3 1149/4/3 1204/4/3
f 1206/4/3 1151/4/3 1150/4/3
f 1206/1/3 1150/1/3 1205/1/3
f 1207/4/3 1151/4/3 1206/4/3
f 1208/4/3 1151/4/3 1207/4/3
f 1209/1/3 1152/1/3 1151/1/3
f 1209/4/3 1151/4/3 1208/4/3
f 1210/4/3 1153/4/3 1152/4/3
f 1210/1/3 1152/1/3 1209/1/3
f 1211/4/3 1153/4/3 1210/4/3
f 1212/1/3 1154/1/3 1153/1/3
f 1212/4/3 1153/4/3 1211/4/3
f 1213/3/3 1155/3/3 1154/3/3
f 1213/1/3 1154/1/3 1212/1/3
f 1214/1/3 1156/1/3 1155/1/3
f 1214/3/3 1155/3/3 1213/3/3
f 1215/1/3 1160/1/3 1159/1/3
f 1215/3/3 1161/3/3 1160/3/3
f 1216/1/3 1162/1/3 1161/1/3
f 1216/3/3 1161/3/3 1215/3/3
f 1217/3/3 1165/3/3 1164/3/3
f 1217/1/3 1164/1/3 1163/1/3
f 1218/1/3 1166/1/3 1165/1/3
f 1218/3/3 1165/3/3 1217/3/3
f 1219/1/3 1120/1/3 1170/1/3
f 1219/1/3 1170/1/3 1169/1/3
f 1220/3/3 1121/3/3 1120/3/3
f 1220/1/3 1120/1/3 1219/1/3
f 1221/1/3 1122/1/3 1121/1/3
f 1221/3/3 1121/3/3 1220/3/3
f 1222/1/3 1172/1/3 1171/1/3
f 1222/1/3 1173/1/3 1172/1/3
f 1223/3/3 1174/3/3 1173/3/3
f 1223/1/3 1173/1/3 1222/1/3
f 1224/1/3 1175/1/3 1174/1/3
f 1224/3/3 1174/3/3 1223/3/3
f 1224/1/3 1176/1/3 1175/1/3
f 1224/1/3 1177/1/3 1176/1/3
f 1225/1/3 1177/1/3 1224/1/3
f 1226/4/3 1178/4/3 1177/4/3
f 1226/1/3 1177/1/3 1225/1/3
f 1227/1/3 1179/1/3 1178/1/3
f 1227/4/3 1178/4/3 1226/4/3
f 1227/1/3 1180/1/3 1179/1/3
f 1227/1/3 1181/1/3 1180/1/3
f 1227/1/3 1182/1/3 1181/1/3
f 1227/1/3 1183/1/3 1182/1/3
f 1228/3/3 1184/3/3 1183/3/3
f 1228/1/3 1183/1/3 1227/1/3
f 1229/1/3 1185/1/3 1184/1/3
f 1229/3/3 1184/3/3 1228/3/3
f 1230/3/3 1186/3/3 1185/3/3
f 1230/1/3 1185/1/3 1229/1/3
f 1231/1/3 1187/1/3 1186/1/3
f 1231/3/3 1186/3/3 1230/3/3
f 1231/1/3 1188/1/3 1187/1/3
f 1231/1/3 1190/1/3 1189/1/3
f 1231/1/3 1189/1/3 1188/1/3
f 1232/3/3 1191/3/3 1190/3/3
f 1232/1/3 1190/1/3 1231/1/3
f 1233/1/3 1194/1/3 1193/1/3
f 1233/3/3 1191/3/3 1232/3/3
f 1233/1/3 1192/1/3 1191/1/3
f 1233/1/3 1193/1/3 1192/1/3
f 1234/1/3 1194/1/3 1233/1/3
f 1235/1/3 1194/1/3 1234/1/3
f 1236/3/3 1195/3/3 1194/3/3
f 1236/1/3 1194/1/3 1235/1/3
f 1237/1/3 1199/1/3 1198/1/3
f 1237/3/3 1195/3/3 1236/3/3
f 1237/1/3 1196/1/3 1195/1/3
f 1237/1/3 1197/1/3 1196/1/3
f 1237/1/3 1198/1/3 1197/1/3
f 1238/3/3 1200/3/3 1199/3/3
f 1238/1/3 1199/1/3 1237/1/3
f 1239/1/3 1201/1/3 1200/1/3
f 1239/3/3 1200/3/3 1238/3/3
f 1240/3/3 1202/3/3 1201/3/3
f 1240/1/3 1201/1/3 1239/1/3
f 1241/1/3 1206/1/3 1205/1/3
f 1241/3/3 1202/3/3 1240/3/3
f 1241/1/3 1207/1/3 1206/1/3
f 1241/1/3 1203/1/3 1202/1/3
f 1241/1/3 1204/1/3 1203/1/3
f 1241/1/3 1205/1/3 1204/1/3
f 1242/4/3 1208/4/3 1207/4/3
f 1242/1/3 1207/1/3 1241/1/3
f 1243/1/3 1210/1/3 1209/1/3
f 1243/4/3 1208/4/3 1242/4/3
f 1243/1/3 1209/1/3 1208/1/3
f 1243/1/3 1211/1/3 1210/1/3
f 1244/1/3 1211/1/3 1243/1/3
f 1245/3/3 1212/3/3 1211/3/3
f 1245/1/3 1211/1/3 1244/1/3
f 1246/1/3 1214/1/3 1213/1/3
f 1246/3/3 1212/3/3 1245/3/3
f 1246/1/3 1213/1/3 1212/1/3
f 1247/1/3 1214/1/3 1246/1/3
f 1248/1/3 1158/1/3 1157/1/3
f 1248/3/3 1159/3/3 1158/3/3
f 1249/1/3 1216/1/3 1215/1/3
f 1249/3/3 1159/3/3 1248/3/3
f 1249/1/3 1215/1/3 1159/1/3
f 1250/1/3 1216/1/3 1249/1/3
f 1251/1/3 1116/1/3 1168/1/3
f 1251/1/3 1168/1/3 1167/1/3
f 1252/3/3 1117/3/3 1116/3/3
f 1252/1/3 1116/1/3 1251/1/3
f 1253/3/3 1117/3/3 1252/3/3
f 1254/1/3 1222/1/3 1171/1/3
f 1255/3/3 1223/3/3 1222/3/3
f 1255/1/3 1222/1/3 1254/1/3
f 1256/1/3 1225/1/3 1224/1/3
f 1256/3/3 1223/3/3 1255/3/3
f 1256/1/3 1224/1/3 1223/1/3
f 1257/1/3 1232/1/3 1231/1/3
f 1257/1/3 1231/1/3 1230/1/3
f 1257/3/3 1234/3/3 1233/3/3
f 1257/1/3 1233/1/3 1232/1/3
f 1258/1/3 1235/1/3 1234/1/3
f 1258/3/3 1234/3/3 1257/3/3
f 1259/1/3 1235/1/3 1258/1/3
f 1260/1/3 1235/1/3 1259/1/3
f 1261/3/3 1236/3/3 1235/3/3
f 1261/1/3 1235/1/3 1260/1/3
f 1262/1/3 1237/1/3 1236/1/3
f 1262/3/3 1236/3/3 1261/3/3
f 1262/1/3 1238/1/3 1237/1/3
f 1262/1/3 1239/1/3 1238/1/3
f 1263/1/3 1246/1/3 1245/1/3
f 1263/1/3 1245/1/3 1244/1/3
f 1263/3/3 1247/3/3 1246/3/3
f 1264/1/3 1214/1/3 1247/1/3
f 1264/3/3 1247/3/3 1263/3/3
f 1265/1/3 1214/1/3 1264/1/3
f 1266/3/3 1163/3/3 1162/3/3
f 1267/1/3 1217/1/3 1163/1/3
f 1267/3/3 1163/3/3 1266/3/3
f 1267/1/3 1218/1/3 1217/1/3
f 1268/1/3 1218/1/3 1267/1/3
f 1269/1/3 1219/1/3 1169/1/3
f 1269/3/3 1220/3/3 1219/3/3
f 1270/1/3 1221/1/3 1220/1/3
f 1270/3/3 1220/3/3 1269/3/3
f 1271/1/3 1122/1/3 1221/1/3
f 1271/1/3 1221/1/3 1270/1/3
f 1272/1/3 1225/1/3 1256/1/3
f 1272/1/3 1256/1/3 1255/1/3
f 1273/4/3 1226/4/3 1225/4/3
f 1273/1/3 1225/1/3 1272/1/3
f 1274/1/3 1228/1/3 1227/1/3
f 1274/4/3 1226/4/3 1273/4/3
f 1274/1/3 1229/1/3 1228/1/3
f 1274/1/3 1227/1/3 1226/1/3
f 1275/1/3 1229/1/3 1274/1/3
f 1276/3/3 1230/3/3 1229/3/3
f 1276/1/3 1229/1/3 1275/1/3
f 1277/1/3 1257/1/3 1230/1/3
f 1277/3/3 1230/3/3 1276/3/3
f 1277/1/3 1258/1/3 1257/1/3
f 1278/1/3 1258/1/3 1277/1/3
f 1279/3/3 1259/3/3 1258/3/3
f 1279/1/3 1258/1/3 1278/1/3
f 1280/1/3 1260/1/3 1259/1/3
f 1280/3/3 1259/3/3 1279/3/3
f 1281/3/3 1261/3/3 1260/3/3
f 1281/1/3 1260/1/3 1280/1/3
f 1282/1/3 1262/1/3 1261/1/3
f 1282/3/3 1261/3/3 1281/3/3
f 1283/1/3 1239/1/3 1262/1/3
f 1283/1/3 1262/1/3 1282/1/3
f 1284/3/3 1240/3/3 1239/3/3
f 1284/1/3 1239/1/3 1283/1/3
f 1285/1/3 1242/1/3 1241/1/3
f 1285/3/3 1240/3/3 1284/3/3
f 1285/1/3 1241/1/3 1240/1/3
f 1285/1/3 1243/1/3 1242/1/3
f 1286/1/3 1243/1/3 1285/1/3
f 1287/4/3 1244/4/3 1243/4/3
f 1287/1/3 1243/1/3 1286/1/3
f 1288/1/3 1264/1/3 1263/1/3
f 1288/4/3 1244/4/3 1287/4/3
f 1288/1/3 1263/1/3 1244/1/3
f 1289/1/3 1264/1/3 1288/1/3
f 1290/1/3 1249/1/3 1248/1/3
f 1290/1/3 1248/1/3 1157/1/3
f 1291/3/3 1250/3/3 1249/3/3
f 1291/1/3 1249/1/3 1290/1/3
f 1292/1/3 1216/1/3 1250/1/3
f 1292/3/3 1250/3/3 1291/3/3
f 1293/1/3 1167/1/3 1113/1/3
f 1293/1/3 1251/1/3 1167/1/3
f 1294/1/3 1251/1/3 1293/1/3
f 1295/3/3 1117/3/3 1253/3/3
f 1295/1/3 1253/1/3 1252/1/3
f 1296/1/3 1169/1/3 1117/1/3
f 1296/3/3 1117/3/3 1295/3/3
f 1296/1/3 1270/1/3 1269/1/3
f 1296/1/3 1269/1/3 1169/1/3
f 1297/1/3 1270/1/3 1296/1/3
f 1298/1/3 1270/1/3 1297/1/3
f 1299/1/3 1171/1/3 1123/1/3
f 1299/1/3 1254/1/3 1171/1/3
f 1300/3/3 1255/3/3 1254/3/3
f 1300/1/3 1254/1/3 1299/1/3
f 1301/1/3 1272/1/3 1255/1/3
f 1301/3/3 1255/3/3 1300/3/3
f 1302/4/3 1273/4/3 1272/4/3
f 1302/1/3 1272/1/3 1301/1/3
f 1303/1/3 1275/1/3 1274/1/3
f 1303/4/3 1273/4/3 1302/4/3
f 1303/1/3 1274/1/3 1273/1/3
f 1304/1/3 1275/1/3 1303/1/3
f 1305/1/3 1275/1/3 1304/1/3
f 1306/1/3 1275/1/3 1305/1/3
f 1307/3/3 1276/3/3 1275/3/3
f 1307/1/3 1275/1/3 1306/1/3
f 1308/1/3 1277/1/3 1276/1/3
f 1308/3/3 1276/3/3 1307/3/3
f 1309/3/3 1278/3/3 1277/3/3
f 1309/1/3 1277/1/3 1308/1/3
f 1310/1/3 1280/1/3 1279/1/3
f 1310/3/3 1278/3/3 1309/3/3
f 1310/1/3 1279/1/3 1278/1/3
f 1311/1/3 1280/1/3 1310/1/3
f 1312/1/3 1280/1/3 1311/1/3
f 1313/1/3 1280/1/3 1312/1/3
f 1314/1/3 1283/1/3 1282/1/3
f 1314/1/3 1282/1/3 1281/1/3
f 1315/1/3 1283/1/3 1314/1/3
f 1316/1/3 1283/1/3 1315/1/3
f 1317/3/3 1284/3/3 1283/3/3
f 1317/1/3 1283/1/3 1316/1/3
f 1318/1/3 1285/1/3 1284/1/3
f 1318/3/3 1284/3/3 1317/3/3
f 1319/3/3 1286/3/3 1285/3/3
f 1319/1/3 1285/1/3 1318/1/3
f 1320/1/3 1287/1/3 1286/1/3
f 1320/3/3 1286/3/3 1319/3/3
f 1320/1/3 1288/1/3 1287/1/3
f 1321/1/3 1288/1/3 1320/1/3
f 1322/1/3 1288/1/3 1321/1/3
f 1323/1/3 1288/1/3 1322/1/3
f 1324/4/3 1289/4/3 1288/4/3
f 1324/1/3 1288/1/3 1323/1/3
f 1325/1/3 1264/1/3 1289/1/3
f 1325/4/3 1289/4/3 1324/4/3
f 1326/3/3 1265/3/3 1264/3/3
f 1326/1/3 1264/1/3 1325/1/3
f 1327/1/3 1214/1/3 1265/1/3
f 1327/3/3 1265/3/3 1326/3/3
f 1328/1/3 1156/1/3 1214/1/3
f 1328/1/3 1214/1/3 1327/1/3
f 1329/1/3 1216/1/3 1292/1/3
f 1329/1/3 1292/1/3 1291/1/3
f 1330/1/3 1162/1/3 1216/1/3
f 1330/1/3 1216/1/3 1329/1/3
f 1331/3/3 1266/3/3 1162/3/3
f 1331/1/3 1162/1/3 1330/1/3
f 1332/1/3 1267/1/3 1266/1/3
f 1332/3/3 1266/3/3 1331/3/3
f 1333/1/3 1218/1/3 1268/1/3
f 1334/1/3 1166/1/3 1218/1/3
f 1334/1/3 1218/1/3 1333/1/3
f 1335/1/3 1293/1/3 1113/1/3
f 1336/3/3 1294/3/3 1293/3/3
f 1336/1/3 1293/1/3 1335/1/3
f 1337/1/3 1251/1/3 1294/1/3
f 1337/3/3 1294/3/3 1336/3/3
f 1338/3/3 1252/3/3 1251/3/3
f 1338/1/3 1251/1/3 1337/1/3
f 1339/1/3 1295/1/3 1252/1/3
f 1339/3/3 1252/3/3 1338/3/3
f 1339/1/3 1297/1/3 1296/1/3
f 1339/1/3 1296/1/3 1295/1/3
f 1340/3/3 1298/3/3 1297/3/3
f 1340/1/3 1297/1/3 1339/1/3
f 1341/1/3 1270/1/3 1298/1/3
f 1341/3/3 1298/3/3 1340/3/3
f 1342/3/3 1271/3/3 1270/3/3
f 1342/1/3 1270/1/3 1341/1/3
f 1343/1/3 1122/1/3 1271/1/3
f 1343/3/3 1271/3/3 1342/3/3
f 1344/4/3 1123/4/3 1122/4/3
f 1344/1/3 1122/1/3 1343/1/3
f 1345/1/3 1299/1/3 1123/1/3
f 1345/4/3 1123/4/3 1344/4/3
f 1346/3/3 1300/3/3 1299/3/3
f 1346/1/3 1299/1/3 1345/1/3
f 1347/1/3 1301/1/3 1300/1/3
f 1347/3/3 1300/3/3 1346/3/3
f 1347/1/3 1302/1/3 1301/1/3
f 1347/1/3 1303/1/3 1302/1/3
f 1347/1/3 1304/1/3 1303/1/3
f 1348/3/3 1305/3/3 1304/3/3
f 1348/1/3 1304/1/3 1347/1/3
f 1349/1/3 1306/1/3 1305/1/3
f 1349/3/3 1305/3/3 1348/3/3
f 1350/3/3 1307/3/3 1306/3/3
f 1350/1/3 1306/1/3 1349/1/3
f 1351/1/3 1309/1/3 1308/1/3
f 1351/3/3 1307/3/3 1350/3/3
f 1351/1/3 1308/1/3 1307/1/3
f 1351/1/3 1310/1/3 1309/1/3
f 1352/3/3 1311/3/3 1310/3/3
f 1352/1/3 1310/1/3 1351/1/3
f 1353/1/3 1312/1/3 1311/1/3
f 1353/3/3 1311/3/3 1352/3/3
f 1354/3/3 1313/3/3 1312/3/3
f 1354/1/3 1312/1/3 1353/1/3
f 1355/1/3 1280/1/3 1313/1/3
f 1355/3/3 1313/3/3 1354/3/3
f 1356/3/3 1281/3/3 1280/3/3
f 1356/1/3 1280/1/3 1355/1/3
f 1357/1/3 1314/1/3 1281/1/3
f 1357/3/3 1281/3/3 1356/3/3
f 1358/3/3 1315/3/3 1314/3/3
f 1358/1/3 1314/1/3 1357/1/3
f 1359/1/3 1316/1/3 1315/1/3
f 1359/3/3 1315/3/3 1358/3/3
f 1360/3/3 1317/3/3 1316/3/3
f 1360/1/3 1316/1/3 1359/1/3
f 1361/1/3 1319/1/3 1318/1/3
f 1361/3/3 1317/3/3 1360/3/3
f 1361/1/3 1318/1/3 1317/1/3
f 1361/1/3 1320/1/3 1319/1/3
f 1362/3/3 1321/3/3 1320/3/3
f 1362/1/3 1320/1/3 1361/1/3
f 1363/1/3 1322/1/3 1321/1/3
f 1363/3/3 1321/3/3 1362/3/3
f 1364/3/3 1323/3/3 1322/3/3
f 1364/1/3 1322/1/3 1363/1/3
f 1365/1/3 1325/1/3 1324/1/3
f 1365/3/3 1323/3/3 1364/3/3
f 1365/1/3 1324/1/3 1323/1/3
f 1365/1/3 1326/1/3 1325/1/3
f 1365/1/3 1327/1/3 1326/1/3
f 1366/3/3 1328/3/3 1327/3/3
f 1366/1/3 1327/1/3 1365/1/3
f 1367/1/3 1156/1/3 1328/1/3
f 1367/3/3 1328/3/3 1366/3/3
f 1368/4/3 1157/4/3 1156/4/3
f 1368/1/3 1156/1/3 1367/1/3
f 1369/1/3 1290/1/3 1157/1/3
f 1369/4/3 1157/4/3 1368/4/3
f 1370/3/3 1291/3/3 1290/3/3
f 1370/1/3 1290/1/3 1369/1/3
f 1371/1/3 1329/1/3 1291/1/3
f 1371/3/3 1291/3/3 1370/3/3
f 1372/3/3 1330/3/3 1329/3/3
f 1372/1/3 1329/1/3 1371/1/3
f 1373/1/3 1331/1/3 1330/1/3
f 1373/3/3 1330/3/3 1372/3/3
f 1373/1/3 1332/1/3 1331/1/3
f 1374/1/3 1267/1/3 1332/1/3
f 1374/1/3 1332/1/3 1373/1/3
f 1374/3/3 1268/3/3 1267/3/3
f 1375/1/3 1333/1/3 1268/1/3
f 1375/3/3 1268/3/3 1374/3/3
f 1376/3/3 1334/3/3 1333/3/3
f 1376/1/3 1333/1/3 1375/1/3
f 1377/1/3 1166/1/3 1334/1/3
f 1377/3/3 1334/3/3 1376/3/3
f 1378/1/3 1166/1/3 1377/1/3
f 1379/1/4 1380/1/4 1460/1/4
f 1380/3/4 1381/3/4 1460/3/4
f 1381/1/4 1382/1/4 1461/1/4
f 1460/3/4 1381/3/4 1461/3/4
f 1383/1/4 1384/1/4 1462/1/4
f 1384/3/4 1385/3/4 1462/3/4
f 1385/1/4 1386/1/4 1463/1/4
f 1462/3/4 1385/3/4 1463/3/4
f 1386/2/4 1387/2/4 1464/2/4
f 1463/1/4 1386/1/4 1464/1/4
f 1387/1/4 1388/1/4 1465/1/4
f 1464/2/4 1387/2/4 1465/2/4
f 1389/1/4 1390/1/4 1466/1/4
f 1390/2/4 1391/2/4 1466/2/4
f 1391/1/4 1392/1/4 1467/1/4
f 1466/2/4 1391/2/4 1467/2/4
f 1392/2/4 1393/2/4 1468/2/4
f 1467/1/4 1392/1/4 1468/1/4
f 1393/1/4 1394/1/4 1469/1/4
f 1468/2/4 1393/2/4 1469/2/4
f 1395/1/4 1396/1/4 1470/1/4
f 1396/3/4 1397/3/4 1470/3/4
f 1397/1/4 1398/1/4 1471/1/4
f 1470/3/4 1397/3/4 1471/3/4
f 1398/3/4 1399/3/4 1472/3/4
f 1471/1/4 1398/1/4 1472/1/4
f 1399/1/4 1400/1/4 1473/1/4
f 1472/3/4 1399/3/4 1473/3/4
f 1400/4/4 1401/4/4 1474/4/4
f 1473/1/4 1400/1/4 1474/1/4
f 1401/3/4 1402/3/4 1475/3/4
f 1474/4/4 1401/4/4 1475/4/4
f 1475/3/4 1402/3/4 1476/3/4
f 1402/1/4 1403/1/4 1477/1/4
f 1476/3/4 1402/3/4 1477/3/4
f 1477/1/4 1403/1/4 1478/1/4
f 1403/3/4 1404/3/4 1479/3/4
f 1478/1/4 1403/1/4 1479/1/4
f 1404/1/4 1405/1/4 1480/1/4
f 1479/3/4 1404/3/4 1480/3/4
f 1480/1/4 1405/1/4 1481/1/4
f 1405/3/4 1406/3/4 1482/3/4
f 1481/1/4 1405/1/4 1482/1/4
f 1406/2/4 1407/2/4 1483/2/4
f 1482/3/4 1406/3/4 1483/3/4
f 1407/1/4 1408/1/4 1484/1/4
f 1483/2/4 1407/2/4 1484/2/4
f 1408/2/4 1409/2/4 1485/2/4
f 1484/1/4 1408/1/4 1485/1/4
f 1409/1/4 1410/1/4 1486/1/4
f 1485/2/4 1409/2/4 1486/2/4
f 1410/2/4 1411/2/4 1487/2/4
f 1486/1/4 1410/1/4 1487/1/4
f 1411/4/4 1412/4/4 1488/4/4
f 1487/2/4 1411/2/4 1488/2/4
f 1412/1/4 1413/1/4 1489/1/4
f 1488/4/4 1412/4/4 1489/4/4
f 1413/2/4 1414/2/4 1490/2/4
f 1489/1/4 1413/1/4 1490/1/4
f 1414/4/4 1415/4/4 1491/4/4
f 1490/2/4 1414/2/4 1491/2/4
f 1415/1/4 1416/1/4 1492/1/4
f 1416/3/4 1417/3/4 1492/3/4
f 1417/1/4 1418/1/4 1493/1/4
f 1492/3/4 1417/3/4 1493/3/4
f 1418/3/4 1419/3/4 1494/3/4
f 1493/1/4 1418/1/4 1494/1/4
f 1494/3/4 1419/3/4 1495/3/4
f 1419/1/4 1420/1/4 1496/1/4
f 1420/3/4 1421/3/4 1497/3/4
f 1496/1/4 1420/1/4 1497/1/4
f 1421/1/4 1422/1/4 1498/1/4
f 1497/3/4 1421/3/4 1498/3/4
f 1422/4/4 1423/4/4 1499/4/4
f 1498/1/4 1422/1/4 1499/1/4
f 1499/4/4 1423/4/4 1500/4/4
f 1426/4/4 1427/4/4 1501/4/4
f 1427/1/4 1428/1/4 1502/1/4
f 1501/4/4 1427/4/4 1502/4/4
f 1428/3/4 1429/3/4 1503/3/4
f 1502/1/4 1428/1/4 1503/1/4
f 1429/1/4 1430/1/4 1504/1/4
f 1503/3/4 1429/3/4 1504/3/4
f 1504/1/4 1430/1/4 1505/1/4
f 1430/3/4 1431/3/4 1506/3/4
f 1431/1/4 1432/1/4 1507/1/4
f 1506/3/4 1431/3/4 1507/3/4
f 1432/3/4 1433/3/4 1508/3/4
f 1507/1/4 1432/1/4 1508/1/4
f 1433/1/4 1434/1/4 1509/1/4
f 1508/3/4 1433/3/4 1509/3/4
f 1435/1/4 1436/1/4 1510/1/4
f 1436/4/4 1437/4/4 1510/4/4
f 1437/1/4 1438/1/4 1511/1/4
f 1510/4/4 1437/4/4 1511/4/4
f 1511/1/4 1438/1/4 1512/1/4
f 1512/1/4 1438/1/4 1513/1/4
f 1438/3/4 1439/3/4 1514/3/4
f 1513/1/4 1438/1/4 1514/1/4
f 1439/1/4 1440/1/4 1515/1/4
f 1514/3/4 1439/3/4 1515/3/4
f 1515/1/4 1440/1/4 1516/1/4
f 1440/3/4 1441/3/4 1517/3/4
f 1516/1/4 1440/1/4 1517/1/4
f 1441/1/4 1442/1/4 1518/1/4
f 1517/3/4 1441/3/4 1518/3/4
f 1518/1/4 1442/1/4 1519/1/4
f 1442/3/4 1443/3/4 1520/3/4
f 1519/1/4 1442/1/4 1520/1/4
f 1520/3/4 1443/3/4 1521/3/4
f 1443/4/4 1444/4/4 1522/4/4
f 1521/3/4 1443/3/4 1522/3/4
f 1444/1/4 1445/1/4 1523/1/4
f 1522/4/4 1444/4/4 1523/4/4
f 1445/3/4 1446/3/4 1524/3/4
f 1523/1/4 1445/1/4 1524/1/4
f 1446/1/4 1447/1/4 1525/1/4
f 1524/3/4 1446/3/4 1525/3/4
f 1447/3/4 1448/3/4 1526/3/4
f 1525/1/4 1447/1/4 1526/1/4
f 1448/1/4 1449/1/4 1527/1/4
f 1526/3/4 1448/3/4 1527/3/4
f 1452/1/4 1453/1/4 1528/1/4
f 1453/3/4 1454/3/4 1528/3/4
f 1454/1/4 1455/1/4 1529/1/4
f 1528/3/4 1454/3/4 1529/3/4
f 1457/3/4 1458/3/4 1530/3/4
f 1456/1/4 1457/1/4 1530/1/4
f 1458/1/4 1459/1/4 1531/1/4
f 1530/3/4 1458/3/4 1531/3/4
f 1462/1/4 1463/1/4 1532/1/4
f 1463/1/4 1464/1/4 1532/1/4
f 1388/3/4 1389/3/4 1532/3/4
f 1465/1/4 1388/1/4 1532/1/4
f 1464/1/4 1465/1/4 1532/1/4
f 1532/3/4 1389/3/4 1533/3/4
f 1473/3/4 1474/3/4 1534/3/4
f 1475/3/4 1476/3/4 1534/3/4
f 1474/3/4 1475/3/4 1534/3/4
f 1477/1/4 1478/1/4 1535/1/4
f 1534/3/4 1476/3/4 1535/3/4
f 1476/1/4 1477/1/4 1535/1/4
f 1478/3/4 1479/3/4 1536/3/4
f 1535/1/4 1478/1/4 1536/1/4
f 1480/1/4 1481/1/4 1537/1/4
f 1536/3/4 1479/3/4 1537/3/4
f 1479/1/4 1480/1/4 1537/1/4
f 1537/1/4 1481/1/4 1538/1/4
f 1481/3/4 1482/3/4 1539/3/4
f 1538/1/4 1481/1/4 1539/1/4
f 1482/1/4 1483/1/4 1540/1/4
f 1539/3/4 1482/3/4 1540/3/4
f 1484/1/4 1485/1/4 1541/1/4
f 1485/1/4 1486/1/4 1541/1/4
f 1486/1/4 1487/1/4 1541/1/4
f 1487/4/4 1488/4/4 1542/4/4
f 1541/1/4 1487/1/4 1542/1/4
f 1488/1/4 1489/1/4 1543/1/4
f 1542/4/4 1488/4/4 1543/4/4
f 1489/1/4 1490/1/4 1543/1/4
f 1490/1/4 1491/1/4 1543/1/4
f 1495/3/4 1419/3/4 1544/3/4
f 1419/1/4 1496/1/4 1544/1/4
f 1496/3/4 1497/3/4 1545/3/4
f 1544/1/4 1496/1/4 1545/1/4
f 1497/1/4 1498/1/4 1546/1/4
f 1545/3/4 1497/3/4 1546/3/4
f 1498/1/4 1499/1/4 1546/1/4
f 1546/1/4 1499/1/4 1547/1/4
f 1499/3/4 1500/3/4 1548/3/4
f 1547/1/4 1499/1/4 1548/1/4
f 1500/4/4 1423/4/4 1549/4/4
f 1548/3/4 1500/3/4 1549/3/4
f 1423/3/4 1424/3/4 1550/3/4
f 1549/4/4 1423/4/4 1550/4/4
f 1550/3/4 1424/3/4 1551/3/4
f 1425/3/4 1426/3/4 1552/3/4
f 1426/4/4 1501/4/4 1553/4/4
f 1552/3/4 1426/3/4 1553/3/4
f 1501/3/4 1502/3/4 1554/3/4
f 1553/4/4 1501/4/4 1554/4/4
f 1503/1/4 1504/1/4 1555/1/4
f 1554/3/4 1502/3/4 1555/3/4
f 1502/1/4 1503/1/4 1555/1/4
f 1555/1/4 1504/1/4 1556/1/4
f 1504/3/4 1505/3/4 1557/3/4
f 1556/1/4 1504/1/4 1557/1/4
f 1505/1/4 1430/1/4 1558/1/4
f 1557/3/4 1505/3/4 1558/3/4
f 1430/3/4 1506/3/4 1559/3/4
f 1558/1/4 1430/1/4 1559/1/4
f 1511/4/4 1512/4/4 1560/4/4
f 1510/1/4 1511/1/4 1560/1/4
f 1512/1/4 1513/1/4 1561/1/4
f 1560/4/4 1512/4/4 1561/4/4
f 1561/1/4 1513/1/4 1562/1/4
f 1514/1/4 1515/1/4 1563/1/4
f 1515/3/4 1516/3/4 1563/3/4
f 1517/1/4 1518/1/4 1564/1/4
f 1563/3/4 1516/3/4 1564/3/4
f 1516/1/4 1517/1/4 1564/1/4
f 1564/1/4 1518/1/4 1565/1/4
f 1518/3/4 1519/3/4 1566/3/4
f 1565/1/4 1518/1/4 1566/1/4
f 1519/1/4 1520/1/4 1567/1/4
f 1566/3/4 1519/3/4 1567/3/4
f 1520/1/4 1521/1/4 1567/1/4
f 1521/3/4 1522/3/4 1568/3/4
f 1567/1/4 1521/1/4 1568/1/4
f 1522/3/4 1523/3/4 1568/3/4
f 1523/3/4 1524/3/4 1568/3/4
f 1568/3/4 1524/3/4 1569/3/4
f 1451/3/4 1452/3/4 1570/3/4
f 1452/1/4 1528/1/4 1571/1/4
f 1570/3/4 1452/3/4 1571/3/4
f 1528/1/4 1529/1/4 1571/1/4
f 1537/1/4 1538/1/4 1572/1/4
f 1536/1/4 1537/1/4 1572/1/4
f 1538/3/4 1539/3/4 1573/3/4
f 1572/1/4 1538/1/4 1573/1/4
f 1539/1/4 1540/1/4 1574/1/4
f 1573/3/4 1539/3/4 1574/3/4
f 1483/3/4 1484/3/4 1575/3/4
f 1574/1/4 1540/1/4 1575/1/4
f 1540/1/4 1483/1/4 1575/1/4
f 1484/1/4 1541/1/4 1576/1/4
f 1575/3/4 1484/3/4 1576/3/4
f 1576/1/4 1541/1/4 1577/1/4
f 1577/1/4 1541/1/4 1578/1/4
f 1541/4/4 1542/4/4 1579/4/4
f 1578/1/4 1541/1/4 1579/1/4
f 1542/1/4 1543/1/4 1580/1/4
f 1579/4/4 1542/4/4 1580/4/4
f 1546/1/4 1547/1/4 1581/1/4
f 1545/1/4 1546/1/4 1581/1/4
f 1547/3/4 1548/3/4 1582/3/4
f 1581/1/4 1547/1/4 1582/1/4
f 1548/4/4 1549/4/4 1583/4/4
f 1582/3/4 1548/3/4 1583/3/4
f 1555/3/4 1556/3/4 1584/3/4
f 1554/4/4 1555/4/4 1584/4/4
f 1556/1/4 1557/1/4 1585/1/4
f 1584/3/4 1556/3/4 1585/3/4
f 1557/1/4 1558/1/4 1585/1/4
f 1585/1/4 1558/1/4 1586/1/4
f 1561/4/4 1562/4/4 1587/4/4
f 1560/1/4 1561/1/4 1587/1/4
f 1562/1/4 1513/1/4 1588/1/4
f 1587/4/4 1562/4/4 1588/4/4
f 1588/1/4 1513/1/4 1589/1/4
f 1589/1/4 1513/1/4 1590/1/4
f 1513/3/4 1514/3/4 1591/3/4
f 1590/1/4 1513/1/4 1591/1/4
f 1514/1/4 1563/1/4 1592/1/4
f 1591/3/4 1514/3/4 1592/3/4
f 1563/1/4 1564/1/4 1592/1/4
f 1564/3/4 1565/3/4 1593/3/4
f 1592/1/4 1564/1/4 1593/1/4
f 1565/1/4 1566/1/4 1594/1/4
f 1593/3/4 1565/3/4 1594/3/4
f 1566/1/4 1567/1/4 1594/1/4
f 1594/1/4 1567/1/4 1595/1/4
f 1532/1/4 1533/1/4 1596/1/4
f 1462/1/4 1532/1/4 1596/1/4
f 1533/3/4 1389/3/4 1597/3/4
f 1596/1/4 1533/1/4 1597/1/4
f 1473/3/4 1534/3/4 1598/3/4
f 1534/1/4 1535/1/4 1598/1/4
f 1535/3/4 1536/3/4 1599/3/4
f 1598/1/4 1535/1/4 1599/1/4
f 1536/1/4 1572/1/4 1600/1/4
f 1599/3/4 1536/3/4 1600/3/4
f 1600/1/4 1572/1/4 1601/1/4
f 1601/1/4 1572/1/4 1602/1/4
f 1572/3/4 1573/3/4 1603/3/4
f 1602/1/4 1572/1/4 1603/1/4
f 1573/1/4 1574/1/4 1604/1/4
f 1603/3/4 1573/3/4 1604/3/4
f 1574/1/4 1575/1/4 1604/1/4
f 1575/1/4 1576/1/4 1604/1/4
f 1495/3/4 1544/3/4 1605/3/4
f 1544/3/4 1545/3/4 1605/3/4
f 1545/1/4 1581/1/4 1606/1/4
f 1605/3/4 1545/3/4 1606/3/4
f 1606/1/4 1581/1/4 1607/1/4
f 1581/3/4 1582/3/4 1608/3/4
f 1582/1/4 1583/1/4 1608/1/4
f 1583/4/4 1549/4/4 1609/4/4
f 1608/1/4 1583/1/4 1609/1/4
f 1550/1/4 1551/1/4 1610/1/4
f 1609/4/4 1549/4/4 1610/4/4
f 1549/1/4 1550/1/4 1610/1/4
f 1610/1/4 1551/1/4 1611/1/4
f 1551/3/4 1424/3/4 1612/3/4
f 1611/1/4 1551/1/4 1612/1/4
f 1553/1/4 1554/1/4 1613/1/4
f 1425/3/4 1552/3/4 1613/3/4
f 1552/1/4 1553/1/4 1613/1/4
f 1613/1/4 1554/1/4 1614/1/4
f 1554/4/4 1584/4/4 1615/4/4
f 1614/1/4 1554/1/4 1615/1/4
f 1584/1/4 1585/1/4 1616/1/4
f 1615/4/4 1584/4/4 1616/4/4
f 1585/3/4 1586/3/4 1617/3/4
f 1616/1/4 1585/1/4 1617/1/4
f 1586/1/4 1558/1/4 1618/1/4
f 1558/3/4 1559/3/4 1619/3/4
f 1618/1/4 1558/1/4 1619/1/4
f 1559/3/4 1506/3/4 1620/3/4
f 1619/3/4 1559/3/4 1620/3/4
f 1592/1/4 1593/1/4 1621/1/4
f 1591/1/4 1592/1/4 1621/1/4
f 1594/3/4 1595/3/4 1621/3/4
f 1593/1/4 1594/1/4 1621/1/4
f 1595/1/4 1567/1/4 1622/1/4
f 1621/3/4 1595/3/4 1622/3/4
f 1622/1/4 1567/1/4 1623/1/4
f 1623/1/4 1567/1/4 1624/1/4
f 1567/3/4 1568/3/4 1625/3/4
f 1624/1/4 1567/1/4 1625/1/4
f 1568/1/4 1569/1/4 1626/1/4
f 1625/3/4 1568/3/4 1626/3/4
f 1569/3/4 1524/3/4 1627/3/4
f 1626/1/4 1569/1/4 1627/1/4
f 1570/1/4 1571/1/4 1628/1/4
f 1451/3/4 1570/3/4 1628/3/4
f 1571/1/4 1529/1/4 1629/1/4
f 1628/1/4 1571/1/4 1629/1/4
f 1462/1/4 1596/1/4 1630/1/4
f 1630/1/4 1596/1/4 1631/1/4
f 1389/1/4 1466/1/4 1632/1/4
f 1466/1/4 1467/1/4 1632/1/4
f 1467/1/4 1468/1/4 1632/1/4
f 1468/1/4 1469/1/4 1632/1/4
f 1632/1/4 1469/1/4 1633/1/4
f 1633/1/4 1469/1/4 1634/1/4
f 1469/1/4 1394/1/4 1635/1/4
f 1634/1/4 1469/1/4 1635/1/4
f 1395/1/4 1470/1/4 1636/1/4
f 1470/1/4 1471/1/4 1636/1/4
f 1471/1/4 1472/1/4 1636/1/4
f 1472/1/4 1473/1/4 1636/1/4
f 1636/1/4 1473/1/4 1637/1/4
f 1637/1/4 1473/1/4 1638/1/4
f 1473/3/4 1598/3/4 1639/3/4
f 1638/1/4 1473/1/4 1639/1/4
f 1598/3/4 1599/3/4 1639/3/4
f 1639/3/4 1599/3/4 1640/3/4
f 1599/1/4 1600/1/4 1641/1/4
f 1640/3/4 1599/3/4 1641/3/4
f 1641/1/4 1600/1/4 1642/1/4
f 1600/3/4 1601/3/4 1643/3/4
f 1642/1/4 1600/1/4 1643/1/4
f 1601/1/4 1602/1/4 1644/1/4
f 1643/3/4 1601/3/4 1644/3/4
f 1644/1/4 1602/1/4 1645/1/4
f 1604/1/4 1576/1/4 1646/1/4
f 1603/1/4 1604/1/4 1646/1/4
f 1576/3/4 1577/3/4 1647/3/4
f 1646/1/4 1576/1/4 1647/1/4
f 1577/1/4 1578/1/4 1648/1/4
f 1647/3/4 1577/3/4 1648/3/4
f 1648/1/4 1578/1/4 1649/1/4
f 1578/4/4 1579/4/4 1650/4/4
f 1649/1/4 1578/1/4 1650/1/4
f 1579/1/4 1580/1/4 1651/1/4
f 1650/4/4 1579/4/4 1651/4/4
f 1580/1/4 1543/1/4 1652/1/4
f 1651/1/4 1580/1/4 1652/1/4
f 1543/1/4 1491/1/4 1653/1/4
f 1652/1/4 1543/1/4 1653/1/4
f 1653/1/4 1491/1/4 1654/1/4
f 1491/4/4 1415/4/4 1655/4/4
f 1654/1/4 1491/1/4 1655/1/4
f 1415/1/4 1492/1/4 1656/1/4
f 1655/4/4 1415/4/4 1656/4/4
f 1492/1/4 1493/1/4 1656/1/4
f 1493/1/4 1494/1/4 1656/1/4
f 1494/1/4 1495/1/4 1656/1/4
f 1656/1/4 1495/1/4 1657/1/4
f 1657/1/4 1495/1/4 1658/1/4
f 1495/3/4 1605/3/4 1659/3/4
f 1658/1/4 1495/1/4 1659/1/4
f 1606/3/4 1607/3/4 1660/3/4
f 1605/1/4 1606/1/4 1660/1/4
f 1607/1/4 1581/1/4 1661/1/4
f 1660/3/4 1607/3/4 1661/3/4
f 1581/3/4 1608/3/4 1662/3/4
f 1661/1/4 1581/1/4 1662/1/4
f 1608/4/4 1609/4/4 1663/4/4
f 1662/3/4 1608/3/4 1663/3/4
f 1617/3/4 1586/3/4 1664/3/4
f 1616/4/4 1617/4/4 1664/4/4
f 1586/1/4 1618/1/4 1665/1/4
f 1664/3/4 1586/3/4 1665/3/4
f 1618/3/4 1619/3/4 1666/3/4
f 1665/1/4 1618/1/4 1666/1/4
f 1619/1/4 1620/1/4 1667/1/4
f 1666/3/4 1619/3/4 1667/3/4
f 1620/3/4 1506/3/4 1668/3/4
f 1506/1/4 1507/1/4 1668/1/4
f 1507/1/4 1508/1/4 1668/1/4
f 1508/1/4 1509/1/4 1668/1/4
f 1668/1/4 1509/1/4 1669/1/4
f 1509/1/4 1434/1/4 1670/1/4
f 1669/1/4 1509/1/4 1670/1/4
f 1434/4/4 1435/4/4 1671/4/4
f 1670/1/4 1434/1/4 1671/1/4
f 1560/1/4 1587/1/4 1672/1/4
f 1671/4/4 1435/4/4 1672/4/4
f 1435/1/4 1510/1/4 1672/1/4
f 1510/1/4 1560/1/4 1672/1/4
f 1587/1/4 1588/1/4 1672/1/4
f 1588/4/4 1589/4/4 1673/4/4
f 1672/1/4 1588/1/4 1673/1/4
f 1589/1/4 1590/1/4 1674/1/4
f 1673/4/4 1589/4/4 1674/4/4
f 1674/1/4 1590/1/4 1675/1/4
f 1590/3/4 1591/3/4 1676/3/4
f 1675/1/4 1590/1/4 1676/1/4
f 1591/1/4 1621/1/4 1677/1/4
f 1676/3/4 1591/3/4 1677/3/4
f 1621/1/4 1622/1/4 1677/1/4
f 1623/1/4 1624/1/4 1678/1/4
f 1624/3/4 1625/3/4 1679/3/4
f 1678/1/4 1624/1/4 1679/1/4
f 1625/1/4 1626/1/4 1680/1/4
f 1679/3/4 1625/3/4 1680/3/4
f 1680/1/4 1626/1/4 1681/1/4
f 1626/3/4 1627/3/4 1682/3/4
f 1681/1/4 1626/1/4 1682/1/4
f 1627/3/4 1524/3/4 1683/3/4
f 1682/3/4 1627/3/4 1683/3/4
f 1524/1/4 1525/1/4 1684/1/4
f 1683/3/4 1524/3/4 1684/3/4
f 1525/1/4 1526/1/4 1684/1/4
f 1526/1/4 1527/1/4 1684/1/4
f 1684/1/4 1527/1/4 1685/1/4
f 1685/1/4 1527/1/4 1686/1/4
f 1527/1/4 1449/1/4 1687/1/4
f 1686/1/4 1527/1/4 1687/1/4
f 1379/1/4 1460/1/4 1688/1/4
f 1460/1/4 1461/1/4 1688/1/4
f 1382/3/4 1383/3/4 1689/3/4
f 1688/1/4 1461/1/4 1689/1/4
f 1461/1/4 1382/1/4 1689/1/4
f 1383/1/4 1462/1/4 1690/1/4
f 1689/3/4 1383/3/4 1690/3/4
f 1462/1/4 1630/1/4 1690/1/4
f 1630/2/4 1631/2/4 1691/2/4
f 1690/1/4 1630/1/4 1691/1/4
f 1631/1/4 1596/1/4 1692/1/4
f 1691/2/4 1631/2/4 1692/2/4
f 1596/3/4 1597/3/4 1693/3/4
f 1692/1/4 1596/1/4 1693/1/4
f 1389/1/4 1632/1/4 1694/1/4
f 1693/3/4 1597/3/4 1694/3/4
f 1597/3/4 1389/3/4 1694/3/4
f 1632/2/4 1633/2/4 1695/2/4
f 1694/1/4 1632/1/4 1695/1/4
f 1633/1/4 1634/1/4 1696/1/4
f 1695/2/4 1633/2/4 1696/2/4
f 1634/2/4 1635/2/4 1697/2/4
f 1696/1/4 1634/1/4 1697/1/4
f 1635/1/4 1394/1/4 1698/1/4
f 1697/2/4 1635/2/4 1698/2/4
f 1394/3/4 1395/3/4 1699/3/4
f 1698/1/4 1394/1/4 1699/1/4
f 1395/1/4 1636/1/4 1700/1/4
f 1699/3/4 1395/3/4 1700/3/4
f 1636/3/4 1637/3/4 1701/3/4
f 1700/1/4 1636/1/4 1701/1/4
f 1637/1/4 1638/1/4 1702/1/4
f 1701/3/4 1637/3/4 1702/3/4
f 1638/3/4 1639/3/4 1703/3/4
f 1702/1/4 1638/1/4 1703/1/4
f 1639/1/4 1640/1/4 1704/1/4
f 1703/3/4 1639/3/4 1704/3/4
f 1641/3/4 1642/3/4 1705/3/4
f 1704/1/4 1640/1/4 1705/1/4
f 1640/3/4 1641/3/4 1705/3/4
f 1642/1/4 1643/1/4 1706/1/4
f 1705/3/4 1642/3/4 1706/3/4
f 1643/1/4 1644/1/4 1706/1/4
f 1644/3/4 1645/3/4 1707/3/4
f 1706/1/4 1644/1/4 1707/1/4
f 1645/1/4 1602/1/4 1708/1/4
f 1707/3/4 1645/3/4 1708/3/4
f 1602/3/4 1603/3/4 1709/3/4
f 1708/1/4 1602/1/4 1709/1/4
f 1603/1/4 1646/1/4 1710/1/4
f 1709/3/4 1603/3/4 1710/3/4
f 1646/2/4 1647/2/4 1711/2/4
f 1710/1/4 1646/1/4 1711/1/4
f 1647/1/4 1648/1/4 1712/1/4
f 1711/2/4 1647/2/4 1712/2/4
f 1648/3/4 1649/3/4 1713/3/4
f 1712/1/4 1648/1/4 1713/1/4
f 1649/4/4 1650/4/4 1714/4/4
f 1713/3/4 1649/3/4 1714/3/4
f 1651/1/4 1652/1/4 1715/1/4
f 1714/4/4 1650/4/4 1715/4/4
f 1650/1/4 1651/1/4 1715/1/4
f 1652/2/4 1653/2/4 1716/2/4
f 1715/1/4 1652/1/4 1716/1/4
f 1653/1/4 1654/1/4 1717/1/4
f 1716/2/4 1653/2/4 1717/2/4
f 1654/2/4 1655/2/4 1718/2/4
f 1717/1/4 1654/1/4 1718/1/4
f 1655/1/4 1656/1/4 1719/1/4
f 1718/2/4 1655/2/4 1719/2/4
f 1656/4/4 1657/4/4 1720/4/4
f 1719/1/4 1656/1/4 1720/1/4
f 1657/1/4 1658/1/4 1721/1/4
f 1720/4/4 1657/4/4 1721/4/4
f 1658/3/4 1659/3/4 1722/3/4
f 1721/1/4 1658/1/4 1722/1/4
f 1660/1/4 1661/1/4 1723/1/4
f 1722/3/4 1659/3/4 1723/3/4
f 1605/1/4 1660/1/4 1723/1/4
f 1659/3/4 1605/3/4 1723/3/4
f 1661/3/4 1662/3/4 1724/3/4
f 1723/1/4 1661/1/4 1724/1/4
f 1662/1/4 1663/1/4 1725/1/4
f 1724/3/4 1662/3/4 1725/3/4
f 1663/4/4 1609/4/4 1726/4/4
f 1725/1/4 1663/1/4 1726/1/4
f 1610/1/4 1611/1/4 1727/1/4
f 1726/4/4 1609/4/4 1727/4/4
f 1609/1/4 1610/1/4 1727/1/4
f 1611/3/4 1612/3/4 1728/3/4
f 1727/1/4 1611/1/4 1728/1/4
f 1612/3/4 1424/3/4 1729/3/4
f 1728/3/4 1612/3/4 1729/3/4
f 1424/1/4 1425/1/4 1729/1/4
f 1425/3/4 1613/3/4 1730/3/4
f 1729/1/4 1425/1/4 1730/1/4
f 1613/3/4 1614/3/4 1730/3/4
f 1614/1/4 1615/1/4 1731/1/4
f 1730/3/4 1614/3/4 1731/3/4
f 1615/1/4 1616/1/4 1731/1/4
f 1616/4/4 1664/4/4 1732/4/4
f 1731/1/4 1616/1/4 1732/1/4
f 1664/1/4 1665/1/4 1733/1/4
f 1732/4/4 1664/4/4 1733/4/4
f 1665/3/4 1666/3/4 1734/3/4
f 1733/1/4 1665/1/4 1734/1/4
f 1666/1/4 1667/1/4 1735/1/4
f 1734/3/4 1666/3/4 1735/3/4
f 1667/1/4 1620/1/4 1736/1/4
f 1735/1/4 1667/1/4 1736/1/4
f 1668/3/4 1669/3/4 1736/3/4
f 1620/3/4 1668/3/4 1736/3/4
f 1669/1/4 1670/1/4 1737/1/4
f 1736/3/4 1669/3/4 1737/3/4
f 1670/4/4 1671/4/4 1738/4/4
f 1737/1/4 1670/1/4 1738/1/4
f 1673/1/4 1674/1/4 1739/1/4
f 1738/4/4 1671/4/4 1739/4/4
f 1672/1/4 1673/1/4 1739/1/4
f 1671/1/4 1672/1/4 1739/1/4
f 1674/4/4 1675/4/4 1740/4/4
f 1739/1/4 1674/1/4 1740/1/4
f 1675/3/4 1676/3/4 1741/3/4
f 1740/4/4 1675/4/4 1741/4/4
f 1676/1/4 1677/1/4 1742/1/4
f 1741/3/4 1676/3/4 1742/3/4
f 1677/1/4 1622/1/4 1743/1/4
f 1742/1/4 1677/1/4 1743/1/4
f 1622/3/4 1623/3/4 1743/3/4
f 1623/1/4 1678/1/4 1744/1/4
f 1743/3/4 1623/3/4 1744/3/4
f 1678/3/4 1679/3/4 1745/3/4
f 1744/1/4 1678/1/4 1745/1/4
f 1679/1/4 1680/1/4 1746/1/4
f 1745/3/4 1679/3/4 1746/3/4
f 1680/1/4 1681/1/4 1746/1/4
f 1681/3/4 1682/3/4 1747/3/4
f 1746/1/4 1681/1/4 1747/1/4
f 1682/3/4 1683/3/4 1747/3/4
f 1683/1/4 1684/1/4 1748/1/4
f 1747/3/4 1683/3/4 1748/3/4
f 1684/3/4 1685/3/4 1749/3/4
f 1748/1/4 1684/1/4 1749/1/4
f 1685/1/4 1686/1/4 1750/1/4
f 1749/3/4 1685/3/4 1750/3/4
f 1686/3/4 1687/3/4 1751/3/4
f 1750/1/4 1686/1/4 1751/1/4
f 1687/1/4 1449/1/4 1752/1/4
f 1751/3/4 1687/3/4 1752/3/4
f 1449/3/4 1450/3/4 1753/3/4
f 1752/1/4 1449/1/4 1753/1/4
f 1450/1/4 1451/1/4 1754/1/4
f 1753/3/4 1450/3/4 1754/3/4
f 1628/3/4 1629/3/4 1755/3/4
f 1754/1/4 1451/1/4 1755/1/4
f 1451/3/4 1628/3/4 1755/3/4
f 1629/1/4 1529/1/4 1756/1/4
f 1755/3/4 1629/3/4 1756/3/4
f 1529/1/4 1455/1/4 1757/1/4
f 1756/1/4 1529/1/4 1757/1/4
f 1455/3/4 1456/3/4 1757/3/4
f 1456/1/4 1530/1/4 1758/1/4
f 1757/3/4 1456/3/4 1758/3/4
f 1530/1/4 1531/1/4 1758/1/4
f 1531/1/4 1459/1/4 1759/1/4
f 1758/1/4 1531/1/4 1759/1/4
f 1762/1/5 1761/1/5 1760/1/5
f 1763/1/5 1761/1/5 1762/1/5
f 1764/1/6 1765/1/6 1766/1/6
f 1766/1/6 1765/1/6 1767/1/6
