# MagicaVoxel @ Ephtracy

# group
o 

# material
mtllib stadium-large-complex-23.mtl
usemtl palette

# normals
vn -1 0 0
vn 1 0 0
vn 0 0 1
vn 0 0 -1
vn 0 -1 0
vn 0 1 0

# texcoords
vt 0.970703 0.5
vt 0.974609 0.5
vt 0.978516 0.5
vt 0.982422 0.5

# verts
v -12.8 0 -4
v -12.8 0 -5
v -12.8 1.6 -4
v -12.8 1.6 -4.1
v -12.8 1.7 -4
v -12.8 1.7 -4.1
v -12.8 1.7 -4.3
v -12.8 1.8 -4.1
v -12.8 1.8 -4.3
v -12.8 1.8 -4.5
v -12.8 1.9 -4.3
v -12.8 1.9 -4.5
v -12.8 1.9 -4.7
v -12.8 2 -4
v -12.8 2 -4.1
v -12.8 2 -4.3
v -12.8 2 -4.4
v -12.8 2 -4.5
v -12.8 2 -4.7
v -12.8 2 -4.8
v -12.8 2.1 -4
v -12.8 2.1 -4.1
v -12.8 2.1 -4.3
v -12.8 2.1 -4.4
v -12.8 2.1 -4.7
v -12.8 2.1 -4.8
v -12.8 2.1 -5
v -12.8 2.2 -4.8
v -12.8 2.2 -5
v -12.8 2.3 -4
v -12.8 2.3 -4.1
v -12.8 2.3 -4.3
v -12.8 2.3 -4.4
v -12.8 2.4 -4
v -12.8 2.4 -4.1
v -12.8 2.4 -4.3
v -12.8 2.4 -4.4
v -12.8 2.5 -4
v -12.8 2.5 -4.1
v -12.8 2.5 -4.5
v -12.8 2.6 -4
v -12.8 2.6 -4.1
v -12.8 2.6 -4.3
v -12.8 2.6 -4.4
v -12.8 2.6 -4.5
v -12.8 2.6 -4.8
v -12.8 2.6 -4.9
v -12.8 2.6 -5
v -12.8 2.7 -4
v -12.8 2.7 -4.1
v -12.8 2.7 -4.3
v -12.8 2.7 -4.4
v -12.8 2.7 -4.5
v -12.8 2.7 -4.8
v -12.8 2.7 -4.9
v -12.8 2.7 -5
v -12.8 2.8 -4.8
v -12.8 2.8 -5
v -12.8 2.9 -4
v -12.8 2.9 -4.1
v -12.8 2.9 -4.3
v -12.8 2.9 -4.4
v -12.8 2.9 -4.6
v -12.8 2.9 -4.7
v -12.8 2.9 -4.9
v -12.8 2.9 -5
v -12.8 3 -4
v -12.8 3 -4.1
v -12.8 3 -4.3
v -12.8 3 -4.4
v -12.8 3 -4.6
v -12.8 3 -4.7
v -12.8 3 -4.9
v -12.8 3 -5
v -12.8 3.1 -4.9
v -12.8 3.1 -5
v -12.8 3.2 -4.8
v -12.8 3.2 -4.9
v -12.8 3.2 -5
v -12.8 3.3 -4.6
v -12.8 3.3 -4.8
v -12.8 3.3 -4.9
v -12.8 3.4 -4.5
v -12.8 3.4 -4.6
v -12.8 3.4 -4.8
v -12.8 3.5 -4.4
v -12.8 3.5 -4.5
v -12.8 3.5 -4.6
v -12.8 3.6 -4
v -12.8 3.6 -4.1
v -12.8 3.6 -4.3
v -12.8 3.6 -4.4
v -12.8 3.6 -4.5
v -12.8 3.7 -4
v -12.8 3.7 -4.1
v -12.8 3.7 -4.3
v -12.8 3.7 -4.4
v -12.8 3.8 -4
v -12.8 3.8 -4.1
v -12.8 3.8 -4.3
v -12.8 3.9 -4
v -12.8 3.9 -4.1
v -12.8 5.1 -4
v -12.8 5.1 -4.2
v -12.8 5.2 -4
v -12.8 5.2 -4.2
v -12.8 5.2 -4.4
v -12.8 5.3 -4.2
v -12.8 5.3 -4.4
v -12.8 5.3 -4.6
v -12.8 5.4 -4.4
v -12.8 5.4 -4.6
v -12.8 5.4 -4.9
v -12.8 5.5 -4.6
v -12.8 5.5 -4.9
v -12.8 5.5 -5
v -12.8 5.6 -4.9
v -12.8 5.6 -5
v -12.8 6 -4
v -12.8 6 -4.1
v -12.8 6.1 -4.1
v -12.8 6.1 -5
v -12.8 6.2 -4
v -12.8 6.2 -5
v -12.8 6.6 -4
v -12.8 6.6 -4.1
v -12.8 6.7 -4
v -12.8 6.7 -4.1
v -12.8 6.7 -4.7
v -12.8 6.8 -4.1
v -12.8 6.8 -4.7
v -12.8 6.8 -5
v -12.8 6.9 -4
v -12.8 6.9 -4.2
v -12.8 6.9 -4.7
v -12.8 6.9 -5
v -12.8 7 -4
v -12.8 7 -4.1
v -12.8 7 -4.2
v -12.8 7 -4.8
v -12.8 7.1 -4
v -12.8 7.1 -4.1
v -12.8 7.1 -4.2
v -12.8 7.1 -4.3
v -12.8 7.1 -4.8
v -12.8 7.1 -5
v -12.8 7.2 -4.1
v -12.8 7.2 -4.3
v -12.8 7.2 -4.4
v -12.8 7.2 -4.8
v -12.8 7.2 -5
v -12.8 7.3 -4.3
v -12.8 7.3 -4.4
v -12.8 7.3 -4.6
v -12.8 7.4 -4.4
v -12.8 7.4 -4.6
v -12.8 7.4 -4.7
v -12.8 7.5 -4.6
v -12.8 7.5 -4.7
v -12.8 7.5 -4.9
v -12.8 7.6 -4.7
v -12.8 7.6 -4.9
v -12.8 7.6 -5
v -12.8 7.7 -4.9
v -12.8 7.7 -5
v -12.8 7.8 -4
v -12.8 7.8 -4.1
v -12.8 7.9 -4
v -12.8 7.9 -4.1
v -12.8 7.9 -4.2
v -12.8 8 -4
v -12.8 8 -4.1
v -12.8 8 -4.3
v -12.8 8 -4.4
v -12.8 8.1 -4
v -12.8 8.1 -4.1
v -12.8 8.1 -4.2
v -12.8 8.1 -4.3
v -12.8 8.1 -4.4
v -12.8 8.1 -5
v -12.8 8.2 -4
v -12.8 8.2 -4.2
v -12.8 8.2 -4.3
v -12.8 8.2 -5
v -12.8 8.3 -4
v -12.8 8.3 -4.1
v -12.8 8.3 -4.2
v -12.8 8.3 -4.3
v -12.8 8.3 -4.4
v -12.8 8.4 -4
v -12.8 8.4 -4.1
v -12.8 8.5 -4.3
v -12.8 8.5 -4.4
v -12.8 8.5 -4.5
v -12.8 8.6 -4
v -12.8 8.6 -4.1
v -12.8 8.6 -4.3
v -12.8 8.6 -4.4
v -12.8 8.6 -4.5
v -12.8 8.6 -4.6
v -12.8 8.6 -4.7
v -12.8 8.6 -4.9
v -12.8 8.6 -5
v -12.8 8.7 -4
v -12.8 8.7 -4.1
v -12.8 8.7 -4.3
v -12.8 8.7 -4.4
v -12.8 8.7 -4.5
v -12.8 8.7 -4.6
v -12.8 8.7 -4.7
v -12.8 8.7 -4.9
v -12.8 8.7 -5
v -12.8 8.9 -4
v -12.8 8.9 -4.1
v -12.8 8.9 -4.3
v -12.8 8.9 -4.4
v -12.8 8.9 -4.6
v -12.8 8.9 -4.7
v -12.8 8.9 -4.8
v -12.8 8.9 -4.9
v -12.8 8.9 -5
v -12.8 9 -4
v -12.8 9 -4.1
v -12.8 9 -4.3
v -12.8 9 -4.4
v -12.8 9 -4.6
v -12.8 9 -4.7
v -12.8 9 -4.9
v -12.8 9 -5
v -12.8 9.1 -4.7
v -12.8 9.1 -4.8
v -12.8 9.1 -4.9
v -12.8 9.2 -4.9
v -12.8 9.2 -5
v -12.8 9.3 -4.7
v -12.8 9.3 -4.8
v -12.8 9.4 -4
v -12.8 9.4 -4.7
v -12.8 9.4 -4.9
v -12.8 9.5 -4
v -12.8 9.5 -4.7
v -12.8 9.5 -4.9
v -12.8 9.5 -5
v -12.8 10.1 -4.9
v -12.8 10.1 -5
v -12.8 10.2 -4.7
v -12.8 10.2 -4.9
v -12.8 10.2 -5
v -12.8 10.3 -4
v -12.8 10.3 -4.1
v -12.8 10.3 -4.5
v -12.8 10.3 -4.7
v -12.8 10.3 -4.9
v -12.8 10.4 -4
v -12.8 10.4 -4.1
v -12.8 10.4 -4.2
v -12.8 10.4 -4.3
v -12.8 10.4 -4.5
v -12.8 10.4 -4.7
v -12.8 10.4 -4.9
v -12.8 10.4 -5
v -12.8 10.5 -4.1
v -12.8 10.5 -4.2
v -12.8 10.5 -4.3
v -12.8 10.5 -4.5
v -12.8 10.5 -4.7
v -12.8 10.5 -4.9
v -12.8 10.6 -4
v -12.8 10.6 -4.1
v -12.8 10.6 -4.2
v -12.8 10.6 -4.3
v -12.8 10.6 -4.4
v -12.8 10.6 -4.5
v -12.8 10.6 -4.7
v -12.8 10.6 -5
v -12.8 10.7 -4.2
v -12.8 10.7 -4.3
v -12.8 10.7 -4.4
v -12.8 10.7 -4.5
v -12.8 10.7 -4.7
v -12.8 10.7 -5
v -12.8 10.8 -4
v -12.8 10.8 -4.3
v -12.8 10.8 -4.9
v -12.8 10.8 -5
v -12.8 10.9 -4
v -12.8 10.9 -4.3
v -12.8 10.9 -4.4
v -12.8 10.9 -4.5
v -12.8 10.9 -4.6
v -12.8 10.9 -4.9
v -12.8 11 -4
v -12.8 11 -4.4
v -12.8 11 -4.5
v -12.8 11 -4.6
v -12.8 11 -4.7
v -12.8 11.1 -4.6
v -12.8 11.1 -4.7
v -12.8 11.1 -4.8
v -12.8 11.3 -4
v -12.8 11.3 -4.1
v -12.8 11.3 -4.7
v -12.8 11.3 -4.8
v -12.8 11.3 -4.9
v -12.8 11.4 -4
v -12.8 11.4 -4.1
v -12.8 11.4 -4.4
v -12.8 11.4 -4.8
v -12.8 11.4 -4.9
v -12.8 11.4 -5
v -12.8 11.5 -4.1
v -12.8 11.5 -4.4
v -12.8 11.5 -4.7
v -12.8 11.5 -4.9
v -12.8 11.5 -5
v -12.8 11.6 -4.4
v -12.8 11.6 -4.7
v -12.8 11.6 -5
v -12.8 11.7 -4.7
v -12.8 11.7 -5
v -12.8 13.9 -4.7
v -12.8 13.9 -5
v -12.8 14 -4.4
v -12.8 14 -4.7
v -12.8 14 -5
v -12.8 14.1 -4.1
v -12.8 14.1 -4.4
v -12.8 14.1 -4.7
v -12.8 14.1 -4.9
v -12.8 14.1 -5
v -12.8 14.2 -4
v -12.8 14.2 -4.1
v -12.8 14.2 -4.4
v -12.8 14.2 -4.8
v -12.8 14.2 -4.9
v -12.8 14.2 -5
v -12.8 14.3 -4
v -12.8 14.3 -4.1
v -12.8 14.3 -4.7
v -12.8 14.3 -4.8
v -12.8 14.3 -4.9
v -12.8 14.5 -4.6
v -12.8 14.5 -4.7
v -12.8 14.5 -4.8
v -12.8 14.6 -4
v -12.8 14.6 -4.4
v -12.8 14.6 -4.5
v -12.8 14.6 -4.6
v -12.8 14.6 -4.7
v -12.8 14.7 -4
v -12.8 14.7 -4.3
v -12.8 14.7 -4.4
v -12.8 14.7 -4.5
v -12.8 14.7 -4.6
v -12.8 14.7 -4.9
v -12.8 14.8 -4
v -12.8 14.8 -4.3
v -12.8 14.8 -4.9
v -12.8 14.8 -5
v -12.8 14.9 -4.2
v -12.8 14.9 -4.3
v -12.8 14.9 -4.4
v -12.8 14.9 -4.5
v -12.8 14.9 -4.7
v -12.8 14.9 -5
v -12.8 15 -4
v -12.8 15 -4.1
v -12.8 15 -4.2
v -12.8 15 -4.3
v -12.8 15 -4.4
v -12.8 15 -4.5
v -12.8 15 -4.7
v -12.8 15 -5
v -12.8 15.1 -4.1
v -12.8 15.1 -4.2
v -12.8 15.1 -4.3
v -12.8 15.1 -4.5
v -12.8 15.1 -4.7
v -12.8 15.1 -4.9
v -12.8 15.2 -4
v -12.8 15.2 -4.1
v -12.8 15.2 -4.2
v -12.8 15.2 -4.3
v -12.8 15.2 -4.5
v -12.8 15.2 -4.7
v -12.8 15.2 -4.9
v -12.8 15.2 -5
v -12.8 15.3 -4
v -12.8 15.3 -4.1
v -12.8 15.3 -4.5
v -12.8 15.3 -4.7
v -12.8 15.3 -4.9
v -12.8 15.4 -4.7
v -12.8 15.4 -4.9
v -12.8 15.4 -5
v -12.8 15.5 -4.9
v -12.8 15.5 -5
v -12.8 16.1 -4
v -12.8 16.1 -4.7
v -12.8 16.1 -4.9
v -12.8 16.1 -5
v -12.8 16.2 -4
v -12.8 16.2 -4.7
v -12.8 16.2 -4.9
v -12.8 16.3 -4.7
v -12.8 16.3 -4.8
v -12.8 16.4 -4.9
v -12.8 16.4 -5
v -12.8 16.5 -4.7
v -12.8 16.5 -4.8
v -12.8 16.5 -4.9
v -12.8 16.7 -4.6
v -12.8 16.7 -4.7
v -12.8 16.7 -4.8
v -12.8 16.9 -4.5
v -12.8 16.9 -4.6
v -12.8 16.9 -4.7
v -12.8 17 -4.4
v -12.8 17 -4.5
v -12.8 17 -4.6
v -12.8 17.1 -4.3
v -12.8 17.1 -4.4
v -12.8 17.1 -4.5
v -12.8 17.3 -4
v -12.8 17.3 -4.2
v -12.8 17.3 -4.3
v -12.8 17.3 -4.4
v -12.8 17.4 -4
v -12.8 17.4 -4.2
v -12.8 17.4 -4.3
v -12.8 17.4 -5
v -12.8 17.5 -4.1
v -12.8 17.5 -4.2
v -12.8 17.5 -4.3
v -12.8 17.5 -5
v -12.8 17.7 -4
v -12.8 17.7 -4.1
v -12.8 17.7 -4.2
v -12.8 17.8 -4
v -12.8 17.8 -4.1
v -12.8 17.9 -4.9
v -12.8 17.9 -5
v -12.8 18 -4.7
v -12.8 18 -4.9
v -12.8 18 -5
v -12.8 18.1 -4.6
v -12.8 18.1 -4.7
v -12.8 18.1 -4.9
v -12.8 18.2 -4.4
v -12.8 18.2 -4.6
v -12.8 18.2 -4.7
v -12.8 18.3 -4.3
v -12.8 18.3 -4.4
v -12.8 18.3 -4.6
v -12.8 18.4 -4.1
v -12.8 18.4 -4.3
v -12.8 18.4 -4.4
v -12.8 18.4 -4.8
v -12.8 18.4 -5
v -12.8 18.5 -4
v -12.8 18.5 -4.1
v -12.8 18.5 -4.2
v -12.8 18.5 -4.3
v -12.8 18.5 -4.8
v -12.8 18.5 -5
v -12.8 18.6 -4
v -12.8 18.6 -4.1
v -12.8 18.6 -4.2
v -12.8 18.6 -4.8
v -12.8 18.7 -4
v -12.8 18.7 -4.2
v -12.8 18.7 -4.7
v -12.8 18.7 -5
v -12.8 18.8 -4.1
v -12.8 18.8 -4.7
v -12.8 18.8 -5
v -12.8 18.9 -4
v -12.8 18.9 -4.1
v -12.8 18.9 -4.7
v -12.8 19 -4
v -12.8 19 -4.1
v -12.8 19.4 -4
v -12.8 19.4 -5
v -12.8 19.5 -4.1
v -12.8 19.5 -4.3
v -12.8 19.5 -4.4
v -12.8 19.5 -5
v -12.8 19.6 -4
v -12.8 19.6 -4.1
v -12.8 19.6 -4.3
v -12.8 19.6 -4.4
v -12.8 19.9 -4
v -12.8 19.9 -4.1
v -12.8 19.9 -4.3
v -12.8 19.9 -4.4
v -12.8 20 -4
v -12.8 20 -4.1
v -12.8 20 -4.3
v -12.8 20 -4.4
v -12.8 20 -4.9
v -12.8 20 -5
v -12.8 20.1 -4.6
v -12.8 20.1 -4.9
v -12.8 20.1 -5
v -12.8 20.2 -4.4
v -12.8 20.2 -4.6
v -12.8 20.2 -4.9
v -12.8 20.3 -4.2
v -12.8 20.3 -4.4
v -12.8 20.3 -4.6
v -12.8 20.4 -4
v -12.8 20.4 -4.2
v -12.8 20.4 -4.4
v -12.8 20.5 -4
v -12.8 20.5 -4.2
v -12.8 21.7 -4
v -12.8 21.7 -4.1
v -12.8 21.8 -4
v -12.8 21.8 -4.1
v -12.8 21.8 -4.3
v -12.8 21.9 -4
v -12.8 21.9 -4.1
v -12.8 21.9 -4.3
v -12.8 21.9 -4.4
v -12.8 22 -4
v -12.8 22 -4.1
v -12.8 22 -4.3
v -12.8 22 -4.4
v -12.8 22 -4.5
v -12.8 22.1 -4.4
v -12.8 22.1 -4.5
v -12.8 22.1 -4.6
v -12.8 22.2 -4.5
v -12.8 22.2 -4.6
v -12.8 22.2 -4.8
v -12.8 22.3 -4.6
v -12.8 22.3 -4.8
v -12.8 22.3 -4.9
v -12.8 22.4 -4.8
v -12.8 22.4 -4.9
v -12.8 22.4 -5
v -12.8 22.5 -4.9
v -12.8 22.5 -5
v -12.8 22.8 -4.8
v -12.8 22.8 -5
v -12.8 22.9 -4.5
v -12.8 22.9 -4.8
v -12.8 22.9 -5
v -12.8 23 -4.1
v -12.8 23 -4.5
v -12.8 23 -4.8
v -12.8 23.1 -4
v -12.8 23.1 -4.1
v -12.8 23.1 -4.5
v -12.8 23.2 -4
v -12.8 23.2 -4.1
v -12.8 23.4 -4.8
v -12.8 23.4 -5
v -12.8 23.5 -4.7
v -12.8 23.5 -4.8
v -12.8 23.5 -5
v -12.8 23.6 -4.5
v -12.8 23.6 -4.7
v -12.8 23.6 -4.8
v -12.8 23.7 -4.3
v -12.8 23.7 -4.5
v -12.8 23.7 -4.7
v -12.8 23.8 -4.1
v -12.8 23.8 -4.3
v -12.8 23.8 -4.5
v -12.8 23.9 -4
v -12.8 23.9 -4.1
v -12.8 23.9 -4.3
v -12.8 24 -4
v -12.8 24 -4.1
v -12.8 25.6 -4
v -12.8 25.6 -5
v -11.8 0 -4
v -11.8 0 -4.2
v -11.8 0 -4.4
v -11.8 0 -5
v -11.8 0.1 -4.2
v -11.8 0.1 -4.4
v -11.8 0.1 -4.6
v -11.8 0.2 -4.4
v -11.8 0.2 -4.5
v -11.8 0.2 -4.6
v -11.8 0.2 -4.7
v -11.8 0.3 -4.5
v -11.8 0.3 -4.7
v -11.8 0.3 -4.9
v -11.8 0.4 -4.7
v -11.8 0.4 -4.9
v -11.8 0.4 -5
v -11.8 0.5 -4.9
v -11.8 0.5 -5
v -11.8 1.6 -4.9
v -11.8 1.6 -5
v -11.8 1.7 -4.9
v -11.8 1.7 -5
v -11.8 2 -4.9
v -11.8 2 -5
v -11.8 2.1 -4.9
v -11.8 2.1 -5
v -11.8 2.2 -4.9
v -11.8 2.2 -5
v -11.8 2.3 -4.9
v -11.8 2.3 -5
v -11.8 2.4 -4.9
v -11.8 2.4 -5
v -11.8 2.5 -4.9
v -11.8 2.5 -5
v -11.8 2.6 -4.9
v -11.8 2.6 -5
v -11.8 2.7 -4.9
v -11.8 2.7 -5
v -11.8 2.8 -4.9
v -11.8 2.8 -5
v -11.8 3 -4.9
v -11.8 3 -5
v -11.8 4.2 -4.7
v -11.8 4.2 -4.8
v -11.8 4.6 -4.6
v -11.8 4.6 -4.7
v -11.8 4.6 -4.8
v -11.8 4.8 -4
v -11.8 4.8 -4.1
v -11.8 4.8 -4.5
v -11.8 4.8 -4.6
v -11.8 4.8 -4.7
v -11.8 4.9 -4
v -11.8 4.9 -4.1
v -11.8 4.9 -4.9
v -11.8 4.9 -5
v -11.8 5 -4.4
v -11.8 5 -4.5
v -11.8 5 -4.6
v -11.8 5 -4.9
v -11.8 5 -5
v -11.8 5.2 -4
v -11.8 5.2 -4.1
v -11.8 5.4 -4.3
v -11.8 5.4 -4.4
v -11.8 5.4 -4.5
v -11.8 5.5 -4
v -11.8 5.5 -4.1
v -11.8 5.5 -4.9
v -11.8 5.5 -5
v -11.8 5.6 -4
v -11.8 5.6 -4.1
v -11.8 5.6 -4.2
v -11.8 5.6 -4.3
v -11.8 5.6 -4.4
v -11.8 5.7 -4
v -11.8 5.7 -4.1
v -11.8 5.8 -4.1
v -11.8 5.8 -4.2
v -11.8 5.8 -4.3
v -11.8 5.9 -4
v -11.8 5.9 -4.1
v -11.8 6 -4
v -11.8 6 -4.1
v -11.8 6 -4.8
v -11.8 6 -4.9
v -11.8 6 -5
v -11.8 6.1 -4
v -11.8 6.1 -4.1
v -11.8 6.1 -4.2
v -11.8 6.2 -4.7
v -11.8 6.2 -4.8
v -11.8 6.2 -4.9
v -11.8 6.4 -4.6
v -11.8 6.4 -4.7
v -11.8 6.4 -4.8
v -11.8 6.5 -4.5
v -11.8 6.5 -4.6
v -11.8 6.5 -4.7
v -11.8 6.6 -4.4
v -11.8 6.6 -4.5
v -11.8 6.6 -4.6
v -11.8 6.7 -4.3
v -11.8 6.7 -4.4
v -11.8 6.8 -4.1
v -11.8 6.8 -4.3
v -11.8 6.8 -4.5
v -11.8 6.9 -4.2
v -11.8 6.9 -4.3
v -11.8 7.3 -4
v -11.8 7.3 -4.1
v -11.8 7.4 -4
v -11.8 7.4 -4.1
v -11.8 7.5 -4
v -11.8 7.5 -4.1
v -11.8 7.7 -4
v -11.8 7.7 -4.1
v -11.8 7.7 -4.2
v -11.8 7.7 -4.3
v -11.8 7.7 -4.9
v -11.8 7.7 -5
v -11.8 7.8 -4.9
v -11.8 7.8 -5
v -11.8 7.9 -4.1
v -11.8 7.9 -4.2
v -11.8 7.9 -4.3
v -11.8 7.9 -4.4
v -11.8 8 -4.1
v -11.8 8 -4.2
v -11.8 8 -4.9
v -11.8 8 -5
v -11.8 8.1 -4.9
v -11.8 8.1 -5
v -11.8 8.3 -4.9
v -11.8 8.3 -5
v -11.8 8.4 -4.3
v -11.8 8.4 -4.4
v -11.8 8.4 -4.5
v -11.8 8.4 -4.9
v -11.8 8.4 -5
v -11.8 8.5 -4.9
v -11.8 8.5 -5
v -11.8 8.6 -4.4
v -11.8 8.6 -4.5
v -11.8 8.6 -4.6
v -11.8 8.6 -4.9
v -11.8 8.6 -5
v -11.8 8.7 -4.9
v -11.8 8.7 -5
v -11.8 8.9 -4.9
v -11.8 8.9 -5
v -11.8 9 -4.5
v -11.8 9 -4.6
v -11.8 9 -4.7
v -11.8 9.1 -4.9
v -11.8 9.1 -5
v -11.8 9.2 -4
v -11.8 9.2 -4.1
v -11.8 9.2 -4.6
v -11.8 9.2 -4.7
v -11.8 9.2 -4.8
v -11.8 9.2 -4.9
v -11.8 9.2 -5
v -11.8 9.6 -4
v -11.8 9.6 -4.1
v -11.8 9.7 -4
v -11.8 9.7 -4.1
v -11.8 9.9 -4.7
v -11.8 9.9 -4.8
v -11.8 9.9 -4.9
v -11.8 10 -4
v -11.8 10 -4.1
v -11.8 10.3 -4.8
v -11.8 10.3 -4.9
v -11.8 10.3 -5
v -11.8 10.4 -4.1
v -11.8 10.4 -4.3
v -11.8 10.5 -4.1
v -11.8 10.5 -4.3
v -11.8 10.5 -4.9
v -11.8 10.6 -4.3
v -11.8 10.6 -4.9
v -11.8 10.7 -4.9
v -11.8 10.7 -5
v -11.8 10.9 -4
v -11.8 10.9 -4.1
v -11.8 10.9 -4.9
v -11.8 10.9 -5
v -11.8 11 -4.9
v -11.8 11 -5
v -11.8 11.1 -4
v -11.8 11.1 -4.1
v -11.8 11.2 -4
v -11.8 11.2 -4.1
v -11.8 11.4 -4.9
v -11.8 11.4 -5
v -11.8 11.5 -4.9
v -11.8 11.5 -5
v -11.8 11.8 -4
v -11.8 11.8 -4.1
v -11.8 11.9 -4
v -11.8 11.9 -4.1
v -11.8 13.7 -4
v -11.8 13.7 -4.1
v -11.8 13.8 -4
v -11.8 13.8 -4.1
v -11.8 14.1 -4.9
v -11.8 14.1 -5
v -11.8 14.2 -4.9
v -11.8 14.2 -5
v -11.8 14.4 -4
v -11.8 14.4 -4.1
v -11.8 14.5 -4
v -11.8 14.5 -4.1
v -11.8 14.6 -4.9
v -11.8 14.6 -5
v -11.8 14.7 -4
v -11.8 14.7 -4.1
v -11.8 14.7 -4.9
v -11.8 14.7 -5
v -11.8 14.9 -4.9
v -11.8 14.9 -5
v -11.8 15 -4.3
v -11.8 15 -4.9
v -11.8 15.1 -4.1
v -11.8 15.1 -4.3
v -11.8 15.1 -4.9
v -11.8 15.2 -4.1
v -11.8 15.2 -4.3
v -11.8 15.3 -4.8
v -11.8 15.3 -4.9
v -11.8 15.3 -5
v -11.8 15.6 -4
v -11.8 15.6 -4.1
v -11.8 15.7 -4.7
v -11.8 15.7 -4.8
v -11.8 15.7 -4.9
v -11.8 15.9 -4
v -11.8 15.9 -4.1
v -11.8 16 -4
v -11.8 16 -4.1
v -11.8 16.4 -4
v -11.8 16.4 -4.1
v -11.8 16.4 -4.6
v -11.8 16.4 -4.7
v -11.8 16.4 -4.8
v -11.8 16.4 -4.9
v -11.8 16.4 -5
v -11.8 16.5 -4.9
v -11.8 16.5 -5
v -11.8 16.6 -4.5
v -11.8 16.6 -4.6
v -11.8 16.6 -4.7
v -11.8 16.7 -4.9
v -11.8 16.7 -5
v -11.8 17 -4.4
v -11.8 17 -4.5
v -11.8 17 -4.6
v -11.8 17 -4.9
v -11.8 17 -5
v -11.8 17.1 -4.9
v -11.8 17.1 -5
v -11.8 17.2 -4.3
v -11.8 17.2 -4.4
v -11.8 17.2 -4.5
v -11.8 17.6 -4.1
v -11.8 17.6 -4.2
v -11.8 17.7 -4.1
v -11.8 17.7 -4.2
v -11.8 17.7 -4.3
v -11.8 17.7 -4.4
v -11.8 17.8 -4.9
v -11.8 17.8 -5
v -11.8 17.9 -4
v -11.8 17.9 -4.1
v -11.8 17.9 -4.2
v -11.8 17.9 -4.3
v -11.8 17.9 -4.9
v -11.8 17.9 -5
v -11.8 18.1 -4
v -11.8 18.1 -4.1
v -11.8 18.2 -4
v -11.8 18.2 -4.1
v -11.8 18.3 -4
v -11.8 18.3 -4.1
v -11.8 18.7 -4.2
v -11.8 18.7 -4.3
v -11.8 18.8 -4.1
v -11.8 18.8 -4.3
v -11.8 18.8 -4.5
v -11.8 18.9 -4.3
v -11.8 18.9 -4.4
v -11.8 19 -4.4
v -11.8 19 -4.5
v -11.8 19 -4.6
v -11.8 19.1 -4.5
v -11.8 19.1 -4.6
v -11.8 19.1 -4.7
v -11.8 19.2 -4.6
v -11.8 19.2 -4.7
v -11.8 19.2 -4.8
v -11.8 19.4 -4.7
v -11.8 19.4 -4.8
v -11.8 19.4 -4.9
v -11.8 19.5 -4
v -11.8 19.5 -4.1
v -11.8 19.5 -4.2
v -11.8 19.6 -4
v -11.8 19.6 -4.1
v -11.8 19.6 -4.8
v -11.8 19.6 -4.9
v -11.8 19.6 -5
v -11.8 19.7 -4
v -11.8 19.7 -4.1
v -11.8 19.8 -4.1
v -11.8 19.8 -4.2
v -11.8 19.8 -4.3
v -11.8 19.9 -4
v -11.8 19.9 -4.1
v -11.8 20 -4
v -11.8 20 -4.1
v -11.8 20 -4.2
v -11.8 20 -4.3
v -11.8 20 -4.4
v -11.8 20.1 -4
v -11.8 20.1 -4.1
v -11.8 20.1 -4.9
v -11.8 20.1 -5
v -11.8 20.2 -4.3
v -11.8 20.2 -4.4
v -11.8 20.2 -4.5
v -11.8 20.4 -4
v -11.8 20.4 -4.1
v -11.8 20.6 -4.4
v -11.8 20.6 -4.5
v -11.8 20.6 -4.6
v -11.8 20.6 -4.9
v -11.8 20.6 -5
v -11.8 20.7 -4
v -11.8 20.7 -4.1
v -11.8 20.7 -4.9
v -11.8 20.7 -5
v -11.8 20.8 -4
v -11.8 20.8 -4.1
v -11.8 20.8 -4.5
v -11.8 20.8 -4.6
v -11.8 20.8 -4.7
v -11.8 21 -4.6
v -11.8 21 -4.7
v -11.8 21 -4.8
v -11.8 21.4 -4.7
v -11.8 21.4 -4.8
v -11.8 22.6 -4.9
v -11.8 22.6 -5
v -11.8 22.8 -4.9
v -11.8 22.8 -5
v -11.8 23.1 -4.9
v -11.8 23.1 -5
v -11.8 23.2 -4.9
v -11.8 23.2 -5
v -11.8 23.3 -4.9
v -11.8 23.3 -5
v -11.8 23.4 -4.9
v -11.8 23.4 -5
v -11.8 23.9 -4.9
v -11.8 23.9 -5
v -11.8 24 -4.9
v -11.8 24 -5
v -11.8 25.1 -4.9
v -11.8 25.1 -5
v -11.8 25.2 -4.7
v -11.8 25.2 -4.9
v -11.8 25.2 -5
v -11.8 25.3 -4.5
v -11.8 25.3 -4.7
v -11.8 25.3 -4.9
v -11.8 25.4 -4.4
v -11.8 25.4 -4.5
v -11.8 25.4 -4.6
v -11.8 25.4 -4.7
v -11.8 25.5 -4.2
v -11.8 25.5 -4.4
v -11.8 25.5 -4.6
v -11.8 25.6 -4
v -11.8 25.6 -4.2
v -11.8 25.6 -4.4
v -11.8 25.6 -5
v -12.8 0 -4
v -12.8 1.6 -4
v -12.8 1.7 -4
v -12.8 2 -4
v -12.8 2.1 -4
v -12.8 2.3 -4
v -12.8 2.4 -4
v -12.8 2.5 -4
v -12.8 2.6 -4
v -12.8 2.7 -4
v -12.8 2.9 -4
v -12.8 3 -4
v -12.8 3.6 -4
v -12.8 3.7 -4
v -12.8 3.8 -4
v -12.8 3.9 -4
v -12.8 5.1 -4
v -12.8 5.2 -4
v -12.8 6 -4
v -12.8 6.2 -4
v -12.8 6.6 -4
v -12.8 6.7 -4
v -12.8 6.9 -4
v -12.8 7 -4
v -12.8 7.1 -4
v -12.8 7.8 -4
v -12.8 7.9 -4
v -12.8 8 -4
v -12.8 8.1 -4
v -12.8 8.2 -4
v -12.8 8.3 -4
v -12.8 8.4 -4
v -12.8 8.6 -4
v -12.8 8.7 -4
v -12.8 8.9 -4
v -12.8 9 -4
v -12.8 9.4 -4
v -12.8 9.5 -4
v -12.8 10.3 -4
v -12.8 10.4 -4
v -12.8 10.6 -4
v -12.8 10.8 -4
v -12.8 10.9 -4
v -12.8 11 -4
v -12.8 11.3 -4
v -12.8 11.4 -4
v -12.8 14.2 -4
v -12.8 14.3 -4
v -12.8 14.6 -4
v -12.8 14.7 -4
v -12.8 14.8 -4
v -12.8 15 -4
v -12.8 15.2 -4
v -12.8 15.3 -4
v -12.8 16.1 -4
v -12.8 16.2 -4
v -12.8 17.3 -4
v -12.8 17.4 -4
v -12.8 17.7 -4
v -12.8 17.8 -4
v -12.8 18.5 -4
v -12.8 18.6 -4
v -12.8 18.7 -4
v -12.8 18.9 -4
v -12.8 19 -4
v -12.8 19.4 -4
v -12.8 19.6 -4
v -12.8 19.9 -4
v -12.8 20 -4
v -12.8 20.4 -4
v -12.8 20.5 -4
v -12.8 21.7 -4
v -12.8 21.8 -4
v -12.8 21.9 -4
v -12.8 22 -4
v -12.8 23.1 -4
v -12.8 23.2 -4
v -12.8 23.9 -4
v -12.8 24 -4
v -12.8 25.6 -4
v -12.7 1.6 -4
v -12.7 1.7 -4
v -12.7 2 -4
v -12.7 2.1 -4
v -12.7 2.3 -4
v -12.7 2.4 -4
v -12.7 2.5 -4
v -12.7 2.6 -4
v -12.7 2.7 -4
v -12.7 2.9 -4
v -12.7 3 -4
v -12.7 3.6 -4
v -12.7 3.7 -4
v -12.7 3.8 -4
v -12.7 3.9 -4
v -12.7 4 -4
v -12.7 6 -4
v -12.7 6.1 -4
v -12.7 6.2 -4
v -12.7 6.3 -4
v -12.7 6.5 -4
v -12.7 6.6 -4
v -12.7 6.7 -4
v -12.7 6.8 -4
v -12.7 7.8 -4
v -12.7 7.9 -4
v -12.7 8 -4
v -12.7 8.1 -4
v -12.7 8.2 -4
v -12.7 8.3 -4
v -12.7 8.4 -4
v -12.7 8.6 -4
v -12.7 8.7 -4
v -12.7 8.9 -4
v -12.7 9 -4
v -12.7 9.3 -4
v -12.7 9.4 -4
v -12.7 9.5 -4
v -12.7 10.3 -4
v -12.7 10.4 -4
v -12.7 10.5 -4
v -12.7 10.6 -4
v -12.7 10.8 -4
v -12.7 10.9 -4
v -12.7 11 -4
v -12.7 11.2 -4
v -12.7 11.3 -4
v -12.7 11.4 -4
v -12.7 11.6 -4
v -12.7 14 -4
v -12.7 14.2 -4
v -12.7 14.3 -4
v -12.7 14.4 -4
v -12.7 14.6 -4
v -12.7 14.7 -4
v -12.7 14.8 -4
v -12.7 15 -4
v -12.7 15.1 -4
v -12.7 15.2 -4
v -12.7 15.3 -4
v -12.7 16.1 -4
v -12.7 16.2 -4
v -12.7 16.3 -4
v -12.7 17.3 -4
v -12.7 17.4 -4
v -12.7 17.7 -4
v -12.7 17.8 -4
v -12.7 18.8 -4
v -12.7 18.9 -4
v -12.7 19 -4
v -12.7 19.1 -4
v -12.7 19.3 -4
v -12.7 19.4 -4
v -12.7 19.5 -4
v -12.7 19.6 -4
v -12.7 19.9 -4
v -12.7 20 -4
v -12.7 21.6 -4
v -12.7 21.7 -4
v -12.7 21.8 -4
v -12.7 21.9 -4
v -12.7 22 -4
v -12.7 23.1 -4
v -12.7 23.2 -4
v -12.7 23.9 -4
v -12.7 24 -4
v -12.6 3.7 -4
v -12.6 3.9 -4
v -12.6 5 -4
v -12.6 5.1 -4
v -12.6 5.2 -4
v -12.6 6 -4
v -12.6 6.1 -4
v -12.6 6.3 -4
v -12.6 6.5 -4
v -12.6 6.6 -4
v -12.6 6.8 -4
v -12.6 6.9 -4
v -12.6 7 -4
v -12.6 7.1 -4
v -12.6 7.2 -4
v -12.6 9.1 -4
v -12.6 9.3 -4
v -12.6 9.4 -4
v -12.6 10.4 -4
v -12.6 10.5 -4
v -12.6 10.6 -4
v -12.6 10.8 -4
v -12.6 10.9 -4
v -12.6 11.1 -4
v -12.6 11.3 -4
v -12.6 11.6 -4
v -12.6 12 -4
v -12.6 13.6 -4
v -12.6 14 -4
v -12.6 14.3 -4
v -12.6 14.5 -4
v -12.6 14.7 -4
v -12.6 14.8 -4
v -12.6 15 -4
v -12.6 15.1 -4
v -12.6 15.2 -4
v -12.6 16.2 -4
v -12.6 16.3 -4
v -12.6 16.5 -4
v -12.6 18.4 -4
v -12.6 18.5 -4
v -12.6 18.6 -4
v -12.6 18.7 -4
v -12.6 18.8 -4
v -12.6 19 -4
v -12.6 19.1 -4
v -12.6 19.3 -4
v -12.6 19.5 -4
v -12.6 19.6 -4
v -12.6 20.4 -4
v -12.6 20.5 -4
v -12.6 20.6 -4
v -12.6 21.7 -4
v -12.6 21.9 -4
v -12.5 3.9 -4
v -12.5 4 -4
v -12.5 4.2 -4
v -12.5 5.9 -4
v -12.5 6 -4
v -12.5 6.1 -4
v -12.5 6.3 -4
v -12.5 6.4 -4
v -12.5 6.5 -4
v -12.5 6.7 -4
v -12.5 9 -4
v -12.5 9.1 -4
v -12.5 9.3 -4
v -12.5 10.3 -4
v -12.5 10.4 -4
v -12.5 10.5 -4
v -12.5 10.9 -4
v -12.5 11.1 -4
v -12.5 11.2 -4
v -12.5 11.3 -4
v -12.5 11.6 -4
v -12.5 12 -4
v -12.5 12.4 -4
v -12.5 13.2 -4
v -12.5 13.6 -4
v -12.5 14 -4
v -12.5 14.3 -4
v -12.5 14.4 -4
v -12.5 14.5 -4
v -12.5 14.7 -4
v -12.5 15.1 -4
v -12.5 15.2 -4
v -12.5 15.3 -4
v -12.5 16.3 -4
v -12.5 16.5 -4
v -12.5 16.6 -4
v -12.5 18.9 -4
v -12.5 19.1 -4
v -12.5 19.2 -4
v -12.5 19.3 -4
v -12.5 19.5 -4
v -12.5 19.6 -4
v -12.5 19.7 -4
v -12.5 21.4 -4
v -12.5 21.6 -4
v -12.5 21.7 -4
v -12.4 4 -4
v -12.4 4.2 -4
v -12.4 4.3 -4
v -12.4 4.9 -4
v -12.4 5 -4
v -12.4 5.1 -4
v -12.4 5.5 -4
v -12.4 5.6 -4
v -12.4 5.8 -4
v -12.4 5.9 -4
v -12.4 6 -4
v -12.4 6.3 -4
v -12.4 6.4 -4
v -12.4 6.7 -4
v -12.4 9 -4
v -12.4 9.1 -4
v -12.4 10.2 -4
v -12.4 10.3 -4
v -12.4 10.4 -4
v -12.4 11 -4
v -12.4 11.1 -4
v -12.4 11.2 -4
v -12.4 11.3 -4
v -12.4 12 -4
v -12.4 12.4 -4
v -12.4 13.2 -4
v -12.4 13.6 -4
v -12.4 14.3 -4
v -12.4 14.4 -4
v -12.4 14.5 -4
v -12.4 14.6 -4
v -12.4 15.2 -4
v -12.4 15.3 -4
v -12.4 15.4 -4
v -12.4 16.5 -4
v -12.4 16.6 -4
v -12.4 18.9 -4
v -12.4 19.2 -4
v -12.4 19.3 -4
v -12.4 19.6 -4
v -12.4 19.7 -4
v -12.4 19.8 -4
v -12.4 20 -4
v -12.4 20.1 -4
v -12.4 20.5 -4
v -12.4 20.6 -4
v -12.4 20.7 -4
v -12.4 21.3 -4
v -12.4 21.4 -4
v -12.4 21.6 -4
v -12.3 4.2 -4
v -12.3 4.3 -4
v -12.3 4.4 -4
v -12.3 5.5 -4
v -12.3 5.6 -4
v -12.3 6.2 -4
v -12.3 6.3 -4
v -12.3 6.4 -4
v -12.3 6.9 -4
v -12.3 7.1 -4
v -12.3 7.2 -4
v -12.3 7.3 -4
v -12.3 10 -4
v -12.3 10.2 -4
v -12.3 10.3 -4
v -12.3 11.2 -4
v -12.3 11.3 -4
v -12.3 11.4 -4
v -12.3 12.3 -4
v -12.3 12.4 -4
v -12.3 13.2 -4
v -12.3 13.3 -4
v -12.3 14.2 -4
v -12.3 14.3 -4
v -12.3 14.4 -4
v -12.3 15.3 -4
v -12.3 15.4 -4
v -12.3 15.6 -4
v -12.3 18.3 -4
v -12.3 18.4 -4
v -12.3 18.5 -4
v -12.3 18.7 -4
v -12.3 19.2 -4
v -12.3 19.3 -4
v -12.3 19.4 -4
v -12.3 20 -4
v -12.3 20.1 -4
v -12.3 21.2 -4
v -12.3 21.3 -4
v -12.3 21.4 -4
v -12.2 4.3 -4
v -12.2 4.4 -4
v -12.2 4.5 -4
v -12.2 5.7 -4
v -12.2 5.8 -4
v -12.2 5.9 -4
v -12.2 6.1 -4
v -12.2 6.2 -4
v -12.2 6.3 -4
v -12.2 6.6 -4
v -12.2 6.7 -4
v -12.2 6.8 -4
v -12.2 6.9 -4
v -12.2 7.1 -4
v -12.2 7.2 -4
v -12.2 9.9 -4
v -12.2 10 -4
v -12.2 10.2 -4
v -12.2 10.8 -4
v -12.2 10.9 -4
v -12.2 11 -4
v -12.2 11.1 -4
v -12.2 11.3 -4
v -12.2 11.4 -4
v -12.2 11.5 -4
v -12.2 11.7 -4
v -12.2 12.3 -4
v -12.2 13.3 -4
v -12.2 13.9 -4
v -12.2 14.1 -4
v -12.2 14.2 -4
v -12.2 14.3 -4
v -12.2 14.5 -4
v -12.2 14.6 -4
v -12.2 14.7 -4
v -12.2 14.8 -4
v -12.2 15.4 -4
v -12.2 15.6 -4
v -12.2 15.7 -4
v -12.2 18.4 -4
v -12.2 18.5 -4
v -12.2 18.7 -4
v -12.2 18.8 -4
v -12.2 18.9 -4
v -12.2 19 -4
v -12.2 19.3 -4
v -12.2 19.4 -4
v -12.2 19.5 -4
v -12.2 19.7 -4
v -12.2 19.8 -4
v -12.2 19.9 -4
v -12.2 21.1 -4
v -12.2 21.2 -4
v -12.2 21.3 -4
v -12.1 4.4 -4
v -12.1 4.5 -4
v -12.1 4.9 -4
v -12.1 5 -4
v -12.1 7.1 -4
v -12.1 7.2 -4
v -12.1 7.3 -4
v -12.1 7.4 -4
v -12.1 7.5 -4
v -12.1 9.8 -4
v -12.1 9.9 -4
v -12.1 10 -4
v -12.1 10.1 -4
v -12.1 10.2 -4
v -12.1 10.8 -4
v -12.1 10.9 -4
v -12.1 11.1 -4
v -12.1 11.4 -4
v -12.1 11.5 -4
v -12.1 11.7 -4
v -12.1 12.3 -4
v -12.1 13.3 -4
v -12.1 13.9 -4
v -12.1 14.1 -4
v -12.1 14.2 -4
v -12.1 14.5 -4
v -12.1 14.7 -4
v -12.1 14.8 -4
v -12.1 15.4 -4
v -12.1 15.5 -4
v -12.1 15.6 -4
v -12.1 15.7 -4
v -12.1 15.8 -4
v -12.1 18.1 -4
v -12.1 18.2 -4
v -12.1 18.3 -4
v -12.1 18.4 -4
v -12.1 18.5 -4
v -12.1 20.6 -4
v -12.1 20.7 -4
v -12.1 21.1 -4
v -12.1 21.2 -4
v -12 4.5 -4
v -12 4.8 -4
v -12 4.9 -4
v -12 5.2 -4
v -12 6 -4
v -12 6.1 -4
v -12 6.2 -4
v -12 6.5 -4
v -12 6.6 -4
v -12 6.7 -4
v -12 7.4 -4
v -12 7.5 -4
v -12 7.7 -4
v -12 9.7 -4
v -12 9.8 -4
v -12 9.9 -4
v -12 11 -4
v -12 11.1 -4
v -12 11.5 -4
v -12 11.7 -4
v -12 11.8 -4
v -12 13.8 -4
v -12 13.9 -4
v -12 14.1 -4
v -12 14.5 -4
v -12 14.6 -4
v -12 15.7 -4
v -12 15.8 -4
v -12 15.9 -4
v -12 17.9 -4
v -12 18.1 -4
v -12 18.2 -4
v -12 18.9 -4
v -12 19 -4
v -12 19.1 -4
v -12 19.4 -4
v -12 19.5 -4
v -12 19.6 -4
v -12 20.4 -4
v -12 20.7 -4
v -12 20.8 -4
v -12 21.1 -4
v -11.9 4.9 -4
v -11.9 5.2 -4
v -11.9 5.5 -4
v -11.9 5.6 -4
v -11.9 5.7 -4
v -11.9 5.8 -4
v -11.9 5.9 -4
v -11.9 6 -4
v -11.9 6.1 -4
v -11.9 6.5 -4
v -11.9 6.6 -4
v -11.9 6.8 -4
v -11.9 6.9 -4
v -11.9 7.3 -4
v -11.9 7.4 -4
v -11.9 7.5 -4
v -11.9 7.7 -4
v -11.9 9.2 -4
v -11.9 9.6 -4
v -11.9 9.7 -4
v -11.9 9.8 -4
v -11.9 10 -4
v -11.9 10.1 -4
v -11.9 10.2 -4
v -11.9 10.8 -4
v -11.9 10.9 -4
v -11.9 11.1 -4
v -11.9 11.2 -4
v -11.9 11.7 -4
v -11.9 11.8 -4
v -11.9 11.9 -4
v -11.9 13.7 -4
v -11.9 13.8 -4
v -11.9 13.9 -4
v -11.9 14.4 -4
v -11.9 14.5 -4
v -11.9 14.7 -4
v -11.9 14.8 -4
v -11.9 15.4 -4
v -11.9 15.5 -4
v -11.9 15.6 -4
v -11.9 15.8 -4
v -11.9 15.9 -4
v -11.9 16 -4
v -11.9 16.4 -4
v -11.9 17.9 -4
v -11.9 18.1 -4
v -11.9 18.2 -4
v -11.9 18.3 -4
v -11.9 18.7 -4
v -11.9 18.8 -4
v -11.9 19 -4
v -11.9 19.1 -4
v -11.9 19.5 -4
v -11.9 19.6 -4
v -11.9 19.7 -4
v -11.9 19.8 -4
v -11.9 19.9 -4
v -11.9 20 -4
v -11.9 20.1 -4
v -11.9 20.4 -4
v -11.9 20.7 -4
v -11.8 0 -4
v -11.8 4.8 -4
v -11.8 4.9 -4
v -11.8 5.2 -4
v -11.8 5.5 -4
v -11.8 5.6 -4
v -11.8 5.7 -4
v -11.8 5.9 -4
v -11.8 6 -4
v -11.8 6.1 -4
v -11.8 7.3 -4
v -11.8 7.4 -4
v -11.8 7.5 -4
v -11.8 7.7 -4
v -11.8 9.2 -4
v -11.8 9.6 -4
v -11.8 9.7 -4
v -11.8 10 -4
v -11.8 10.9 -4
v -11.8 11.1 -4
v -11.8 11.2 -4
v -11.8 11.8 -4
v -11.8 11.9 -4
v -11.8 13.7 -4
v -11.8 13.8 -4
v -11.8 14.4 -4
v -11.8 14.5 -4
v -11.8 14.7 -4
v -11.8 15.6 -4
v -11.8 15.9 -4
v -11.8 16 -4
v -11.8 16.4 -4
v -11.8 17.9 -4
v -11.8 18.1 -4
v -11.8 18.2 -4
v -11.8 18.3 -4
v -11.8 19.5 -4
v -11.8 19.6 -4
v -11.8 19.7 -4
v -11.8 19.9 -4
v -11.8 20 -4
v -11.8 20.1 -4
v -11.8 20.4 -4
v -11.8 20.7 -4
v -11.8 20.8 -4
v -11.8 25.6 -4
v -12.8 0 -5
v -12.8 2.1 -5
v -12.8 2.2 -5
v -12.8 2.6 -5
v -12.8 2.7 -5
v -12.8 2.8 -5
v -12.8 2.9 -5
v -12.8 3 -5
v -12.8 3.1 -5
v -12.8 3.2 -5
v -12.8 5.5 -5
v -12.8 5.6 -5
v -12.8 6.1 -5
v -12.8 6.2 -5
v -12.8 6.8 -5
v -12.8 6.9 -5
v -12.8 7.1 -5
v -12.8 7.2 -5
v -12.8 7.6 -5
v -12.8 7.7 -5
v -12.8 8.1 -5
v -12.8 8.2 -5
v -12.8 8.6 -5
v -12.8 8.7 -5
v -12.8 8.9 -5
v -12.8 9 -5
v -12.8 9.2 -5
v -12.8 9.5 -5
v -12.8 10.1 -5
v -12.8 10.2 -5
v -12.8 10.4 -5
v -12.8 10.6 -5
v -12.8 10.7 -5
v -12.8 10.8 -5
v -12.8 11.4 -5
v -12.8 11.5 -5
v -12.8 11.6 -5
v -12.8 11.7 -5
v -12.8 13.9 -5
v -12.8 14 -5
v -12.8 14.1 -5
v -12.8 14.2 -5
v -12.8 14.8 -5
v -12.8 14.9 -5
v -12.8 15 -5
v -12.8 15.2 -5
v -12.8 15.4 -5
v -12.8 15.5 -5
v -12.8 16.1 -5
v -12.8 16.4 -5
v -12.8 17.4 -5
v -12.8 17.5 -5
v -12.8 17.9 -5
v -12.8 18 -5
v -12.8 18.4 -5
v -12.8 18.5 -5
v -12.8 18.7 -5
v -12.8 18.8 -5
v -12.8 19.4 -5
v -12.8 19.5 -5
v -12.8 20 -5
v -12.8 20.1 -5
v -12.8 22.4 -5
v -12.8 22.5 -5
v -12.8 22.8 -5
v -12.8 22.9 -5
v -12.8 23.4 -5
v -12.8 23.5 -5
v -12.8 25.6 -5
v -12.7 0.3 -5
v -12.7 0.4 -5
v -12.7 2 -5
v -12.7 2.1 -5
v -12.7 2.2 -5
v -12.7 2.6 -5
v -12.7 2.7 -5
v -12.7 2.8 -5
v -12.7 2.9 -5
v -12.7 3 -5
v -12.7 3.1 -5
v -12.7 3.2 -5
v -12.7 5.5 -5
v -12.7 5.6 -5
v -12.7 6.1 -5
v -12.7 6.2 -5
v -12.7 6.8 -5
v -12.7 6.9 -5
v -12.7 7.1 -5
v -12.7 7.2 -5
v -12.7 7.6 -5
v -12.7 7.7 -5
v -12.7 8 -5
v -12.7 8.1 -5
v -12.7 8.2 -5
v -12.7 8.6 -5
v -12.7 8.7 -5
v -12.7 8.9 -5
v -12.7 9 -5
v -12.7 9.3 -5
v -12.7 9.5 -5
v -12.7 10.1 -5
v -12.7 10.2 -5
v -12.7 10.4 -5
v -12.7 10.6 -5
v -12.7 10.7 -5
v -12.7 10.8 -5
v -12.7 11.6 -5
v -12.7 11.7 -5
v -12.7 13.9 -5
v -12.7 14 -5
v -12.7 14.8 -5
v -12.7 14.9 -5
v -12.7 15 -5
v -12.7 15.2 -5
v -12.7 15.4 -5
v -12.7 15.5 -5
v -12.7 16.1 -5
v -12.7 16.3 -5
v -12.7 17.4 -5
v -12.7 17.5 -5
v -12.7 17.6 -5
v -12.7 17.9 -5
v -12.7 18 -5
v -12.7 18.4 -5
v -12.7 18.5 -5
v -12.7 18.7 -5
v -12.7 18.8 -5
v -12.7 19.4 -5
v -12.7 19.5 -5
v -12.7 20 -5
v -12.7 20.1 -5
v -12.7 22.4 -5
v -12.7 22.5 -5
v -12.7 22.6 -5
v -12.7 22.8 -5
v -12.7 22.9 -5
v -12.7 23 -5
v -12.7 23.4 -5
v -12.7 23.5 -5
v -12.7 23.6 -5
v -12.7 25.2 -5
v -12.7 25.3 -5
v -12.6 9.1 -5
v -12.6 9.2 -5
v -12.6 9.3 -5
v -12.6 10.1 -5
v -12.6 10.2 -5
v -12.6 10.4 -5
v -12.6 10.7 -5
v -12.6 10.8 -5
v -12.6 11 -5
v -12.6 14.6 -5
v -12.6 14.8 -5
v -12.6 14.9 -5
v -12.6 15.2 -5
v -12.6 15.4 -5
v -12.6 15.5 -5
v -12.6 16.3 -5
v -12.6 16.4 -5
v -12.6 16.5 -5
v -12.5 1.9 -5
v -12.5 2 -5
v -12.5 2.1 -5
v -12.5 2.5 -5
v -12.5 2.6 -5
v -12.5 2.7 -5
v -12.5 2.9 -5
v -12.5 3 -5
v -12.5 3.1 -5
v -12.5 5 -5
v -12.5 5.2 -5
v -12.5 7.9 -5
v -12.5 8 -5
v -12.5 8.1 -5
v -12.5 8.6 -5
v -12.5 8.7 -5
v -12.5 8.9 -5
v -12.5 9 -5
v -12.5 9.1 -5
v -12.5 9.2 -5
v -12.5 9.9 -5
v -12.5 10.1 -5
v -12.5 10.2 -5
v -12.5 10.9 -5
v -12.5 11 -5
v -12.5 14.6 -5
v -12.5 14.7 -5
v -12.5 15.4 -5
v -12.5 15.5 -5
v -12.5 15.7 -5
v -12.5 16.4 -5
v -12.5 16.5 -5
v -12.5 16.6 -5
v -12.5 17.5 -5
v -12.5 17.6 -5
v -12.5 17.7 -5
v -12.5 20.4 -5
v -12.5 20.6 -5
v -12.5 22.5 -5
v -12.5 22.6 -5
v -12.5 22.7 -5
v -12.5 22.9 -5
v -12.5 23 -5
v -12.5 23.1 -5
v -12.5 23.5 -5
v -12.5 23.6 -5
v -12.5 23.7 -5
v -12.4 2.4 -5
v -12.4 2.5 -5
v -12.4 2.6 -5
v -12.4 2.7 -5
v -12.4 2.8 -5
v -12.4 2.9 -5
v -12.4 3 -5
v -12.4 5.1 -5
v -12.4 5.2 -5
v -12.4 8.6 -5
v -12.4 8.7 -5
v -12.4 8.9 -5
v -12.4 9 -5
v -12.4 9.1 -5
v -12.4 9.7 -5
v -12.4 9.9 -5
v -12.4 10.1 -5
v -12.4 10.7 -5
v -12.4 10.8 -5
v -12.4 14.8 -5
v -12.4 14.9 -5
v -12.4 15.5 -5
v -12.4 15.7 -5
v -12.4 15.9 -5
v -12.4 16.5 -5
v -12.4 16.6 -5
v -12.4 16.7 -5
v -12.4 20.4 -5
v -12.4 20.5 -5
v -12.4 22.6 -5
v -12.4 22.7 -5
v -12.4 22.8 -5
v -12.4 23 -5
v -12.4 23.1 -5
v -12.4 23.2 -5
v -12.3 0.3 -5
v -12.3 0.4 -5
v -12.3 0.5 -5
v -12.3 1.8 -5
v -12.3 1.9 -5
v -12.3 2 -5
v -12.3 2.6 -5
v -12.3 2.8 -5
v -12.3 2.9 -5
v -12.3 7.8 -5
v -12.3 7.9 -5
v -12.3 8 -5
v -12.3 8.8 -5
v -12.3 8.9 -5
v -12.3 9 -5
v -12.3 9.6 -5
v -12.3 9.7 -5
v -12.3 9.9 -5
v -12.3 10.5 -5
v -12.3 10.6 -5
v -12.3 15 -5
v -12.3 15.1 -5
v -12.3 15.7 -5
v -12.3 15.9 -5
v -12.3 16 -5
v -12.3 16.6 -5
v -12.3 16.7 -5
v -12.3 16.8 -5
v -12.3 17.6 -5
v -12.3 17.7 -5
v -12.3 17.8 -5
v -12.3 22.7 -5
v -12.3 22.8 -5
v -12.3 23 -5
v -12.3 23.6 -5
v -12.3 23.7 -5
v -12.3 23.8 -5
v -12.3 25.1 -5
v -12.3 25.2 -5
v -12.3 25.3 -5
v -12.2 2 -5
v -12.2 2.1 -5
v -12.2 2.3 -5
v -12.2 2.4 -5
v -12.2 2.5 -5
v -12.2 2.6 -5
v -12.2 2.7 -5
v -12.2 2.8 -5
v -12.2 2.9 -5
v -12.2 3 -5
v -12.2 8 -5
v -12.2 8.1 -5
v -12.2 8.3 -5
v -12.2 8.4 -5
v -12.2 8.6 -5
v -12.2 8.7 -5
v -12.2 8.8 -5
v -12.2 8.9 -5
v -12.2 9 -5
v -12.2 9.4 -5
v -12.2 9.6 -5
v -12.2 9.7 -5
v -12.2 10.8 -5
v -12.2 10.9 -5
v -12.2 11 -5
v -12.2 14.6 -5
v -12.2 14.7 -5
v -12.2 14.8 -5
v -12.2 15.9 -5
v -12.2 16 -5
v -12.2 16.2 -5
v -12.2 16.7 -5
v -12.2 16.8 -5
v -12.2 16.9 -5
v -12.2 22.8 -5
v -12.2 23 -5
v -12.2 23.1 -5
v -12.2 23.2 -5
v -12.2 23.3 -5
v -12.1 1.7 -5
v -12.1 1.8 -5
v -12.1 1.9 -5
v -12.1 2 -5
v -12.1 2.1 -5
v -12.1 2.6 -5
v -12.1 2.7 -5
v -12.1 2.9 -5
v -12.1 3 -5
v -12.1 3.3 -5
v -12.1 5 -5
v -12.1 8 -5
v -12.1 8.1 -5
v -12.1 8.3 -5
v -12.1 8.4 -5
v -12.1 8.6 -5
v -12.1 8.7 -5
v -12.1 8.8 -5
v -12.1 8.9 -5
v -12.1 9 -5
v -12.1 9.3 -5
v -12.1 9.4 -5
v -12.1 9.6 -5
v -12.1 16 -5
v -12.1 16.2 -5
v -12.1 16.3 -5
v -12.1 16.8 -5
v -12.1 16.9 -5
v -12.1 17 -5
v -12.1 20.6 -5
v -12.1 22.3 -5
v -12.1 23.7 -5
v -12.1 23.8 -5
v -12.1 23.9 -5
v -12 2.2 -5
v -12 2.3 -5
v -12 2.4 -5
v -12 2.5 -5
v -12 2.6 -5
v -12 3 -5
v -12 3.3 -5
v -12 4.9 -5
v -12 5.1 -5
v -12 5.5 -5
v -12 7.7 -5
v -12 7.8 -5
v -12 7.9 -5
v -12 9.1 -5
v -12 9.3 -5
v -12 9.4 -5
v -12 10.6 -5
v -12 10.7 -5
v -12 10.8 -5
v -12 14.8 -5
v -12 14.9 -5
v -12 15 -5
v -12 16.2 -5
v -12 16.3 -5
v -12 16.5 -5
v -12 17.7 -5
v -12 17.8 -5
v -12 17.9 -5
v -12 20.1 -5
v -12 20.5 -5
v -12 20.7 -5
v -12 22.3 -5
v -12 22.6 -5
v -12 23 -5
v -12 23.1 -5
v -12 23.2 -5
v -12 23.3 -5
v -12 23.4 -5
v -11.9 1.6 -5
v -11.9 1.7 -5
v -11.9 1.8 -5
v -11.9 2 -5
v -11.9 2.1 -5
v -11.9 2.3 -5
v -11.9 2.4 -5
v -11.9 2.6 -5
v -11.9 2.7 -5
v -11.9 2.8 -5
v -11.9 3 -5
v -11.9 3.3 -5
v -11.9 5 -5
v -11.9 5.5 -5
v -11.9 6 -5
v -11.9 8 -5
v -11.9 8.1 -5
v -11.9 8.3 -5
v -11.9 8.4 -5
v -11.9 8.5 -5
v -11.9 8.6 -5
v -11.9 8.7 -5
v -11.9 8.9 -5
v -11.9 9.1 -5
v -11.9 9.2 -5
v -11.9 9.3 -5
v -11.9 10.3 -5
v -11.9 10.5 -5
v -11.9 15.1 -5
v -11.9 15.3 -5
v -11.9 16.3 -5
v -11.9 16.4 -5
v -11.9 16.5 -5
v -11.9 16.7 -5
v -11.9 16.9 -5
v -11.9 17 -5
v -11.9 17.1 -5
v -11.9 19.6 -5
v -11.9 20.1 -5
v -11.9 20.6 -5
v -11.9 22.3 -5
v -11.9 22.6 -5
v -11.9 22.8 -5
v -11.9 23.8 -5
v -11.9 23.9 -5
v -11.9 24 -5
v -11.8 0 -5
v -11.8 0.4 -5
v -11.8 0.5 -5
v -11.8 1.6 -5
v -11.8 1.7 -5
v -11.8 2 -5
v -11.8 2.1 -5
v -11.8 2.2 -5
v -11.8 2.3 -5
v -11.8 2.4 -5
v -11.8 2.5 -5
v -11.8 2.6 -5
v -11.8 2.7 -5
v -11.8 2.8 -5
v -11.8 3 -5
v -11.8 4.9 -5
v -11.8 5 -5
v -11.8 5.5 -5
v -11.8 6 -5
v -11.8 7.7 -5
v -11.8 7.8 -5
v -11.8 8 -5
v -11.8 8.1 -5
v -11.8 8.3 -5
v -11.8 8.4 -5
v -11.8 8.5 -5
v -11.8 8.6 -5
v -11.8 8.7 -5
v -11.8 8.9 -5
v -11.8 9.1 -5
v -11.8 9.2 -5
v -11.8 10.3 -5
v -11.8 10.7 -5
v -11.8 10.9 -5
v -11.8 11 -5
v -11.8 11.4 -5
v -11.8 11.5 -5
v -11.8 14.1 -5
v -11.8 14.2 -5
v -11.8 14.6 -5
v -11.8 14.7 -5
v -11.8 14.9 -5
v -11.8 15.3 -5
v -11.8 16.4 -5
v -11.8 16.5 -5
v -11.8 16.7 -5
v -11.8 17 -5
v -11.8 17.1 -5
v -11.8 17.8 -5
v -11.8 17.9 -5
v -11.8 19.6 -5
v -11.8 20.1 -5
v -11.8 20.6 -5
v -11.8 20.7 -5
v -11.8 22.6 -5
v -11.8 22.8 -5
v -11.8 23.1 -5
v -11.8 23.2 -5
v -11.8 23.3 -5
v -11.8 23.4 -5
v -11.8 23.9 -5
v -11.8 24 -5
v -11.8 25.1 -5
v -11.8 25.2 -5
v -11.8 25.6 -5
v -12.8 0 -4
v -11.8 0 -4
v -11.9 0 -4.2
v -11.8 0 -4.2
v -11.9 0 -4.4
v -11.8 0 -4.4
v -12.8 0 -5
v -11.8 0 -5
v -12.8 25.6 -4
v -11.8 25.6 -4
v -11.9 25.6 -4.2
v -11.8 25.6 -4.2
v -11.9 25.6 -4.4
v -11.8 25.6 -4.4
v -12.8 25.6 -5
v -11.8 25.6 -5

# faces
f 3/1/1 2/1/1 1/1/1
f 4/1/1 2/1/1 3/1/1
f 5/3/1 4/3/1 3/3/1
f 6/1/1 2/1/1 4/1/1
f 6/3/1 4/3/1 5/3/1
f 7/1/1 2/1/1 6/1/1
f 8/1/1 6/1/1 5/1/1
f 8/3/1 7/3/1 6/3/1
f 9/1/1 2/1/1 7/1/1
f 9/3/1 7/3/1 8/3/1
f 10/1/1 2/1/1 9/1/1
f 11/1/1 9/1/1 8/1/1
f 11/3/1 10/3/1 9/3/1
f 12/1/1 2/1/1 10/1/1
f 12/3/1 10/3/1 11/3/1
f 13/1/1 2/1/1 12/1/1
f 14/1/1 8/1/1 5/1/1
f 14/1/1 11/1/1 8/1/1
f 14/1/1 12/1/1 11/1/1
f 15/1/1 12/1/1 14/1/1
f 16/1/1 12/1/1 15/1/1
f 17/1/1 12/1/1 16/1/1
f 18/3/1 13/3/1 12/3/1
f 18/1/1 12/1/1 17/1/1
f 19/1/1 2/1/1 13/1/1
f 19/3/1 13/3/1 18/3/1
f 20/1/1 2/1/1 19/1/1
f 21/2/1 15/2/1 14/2/1
f 22/1/1 16/1/1 15/1/1
f 22/2/1 15/2/1 21/2/1
f 23/2/1 17/2/1 16/2/1
f 23/1/1 16/1/1 22/1/1
f 24/1/1 18/1/1 17/1/1
f 24/2/1 17/2/1 23/2/1
f 24/1/1 19/1/1 18/1/1
f 25/3/1 20/3/1 19/3/1
f 25/1/1 19/1/1 24/1/1
f 26/1/1 2/1/1 20/1/1
f 26/3/1 20/3/1 25/3/1
f 27/1/1 2/1/1 26/1/1
f 28/1/1 23/1/1 22/1/1
f 28/1/1 22/1/1 21/1/1
f 28/3/1 27/3/1 26/3/1
f 28/1/1 26/1/1 25/1/1
f 28/1/1 24/1/1 23/1/1
f 28/1/1 25/1/1 24/1/1
f 29/3/1 27/3/1 28/3/1
f 30/1/1 28/1/1 21/1/1
f 30/1/1 29/1/1 28/1/1
f 31/1/1 29/1/1 30/1/1
f 32/1/1 29/1/1 31/1/1
f 33/1/1 29/1/1 32/1/1
f 34/2/1 31/2/1 30/2/1
f 35/1/1 32/1/1 31/1/1
f 35/2/1 31/2/1 34/2/1
f 36/2/1 33/2/1 32/2/1
f 36/1/1 32/1/1 35/1/1
f 37/1/1 29/1/1 33/1/1
f 37/2/1 33/2/1 36/2/1
f 38/3/1 35/3/1 34/3/1
f 39/1/1 36/1/1 35/1/1
f 39/3/1 35/3/1 38/3/1
f 39/1/1 37/1/1 36/1/1
f 40/1/1 29/1/1 37/1/1
f 40/1/1 37/1/1 39/1/1
f 41/1/1 39/1/1 38/1/1
f 42/3/1 40/3/1 39/3/1
f 42/1/1 39/1/1 41/1/1
f 43/3/1 40/3/1 42/3/1
f 44/3/1 40/3/1 43/3/1
f 45/1/1 29/1/1 40/1/1
f 45/3/1 40/3/1 44/3/1
f 46/1/1 29/1/1 45/1/1
f 47/1/1 29/1/1 46/1/1
f 48/1/1 29/1/1 47/1/1
f 49/2/1 42/2/1 41/2/1
f 50/1/1 43/1/1 42/1/1
f 50/2/1 42/2/1 49/2/1
f 51/2/1 44/2/1 43/2/1
f 51/1/1 43/1/1 50/1/1
f 52/1/1 45/1/1 44/1/1
f 52/2/1 44/2/1 51/2/1
f 53/3/1 46/3/1 45/3/1
f 53/1/1 45/1/1 52/1/1
f 54/1/1 47/1/1 46/1/1
f 54/3/1 46/3/1 53/3/1
f 55/2/1 48/2/1 47/2/1
f 55/1/1 47/1/1 54/1/1
f 56/2/1 48/2/1 55/2/1
f 57/1/1 50/1/1 49/1/1
f 57/1/1 51/1/1 50/1/1
f 57/3/1 56/3/1 55/3/1
f 57/3/1 55/3/1 54/3/1
f 57/1/1 54/1/1 53/1/1
f 57/1/1 53/1/1 52/1/1
f 57/1/1 52/1/1 51/1/1
f 58/3/1 56/3/1 57/3/1
f 59/1/1 57/1/1 49/1/1
f 59/1/1 58/1/1 57/1/1
f 60/1/1 58/1/1 59/1/1
f 61/1/1 58/1/1 60/1/1
f 62/1/1 58/1/1 61/1/1
f 63/1/1 58/1/1 62/1/1
f 64/1/1 58/1/1 63/1/1
f 65/1/1 58/1/1 64/1/1
f 66/1/1 58/1/1 65/1/1
f 67/2/1 60/2/1 59/2/1
f 68/1/1 61/1/1 60/1/1
f 68/2/1 60/2/1 67/2/1
f 69/2/1 62/2/1 61/2/1
f 69/1/1 61/1/1 68/1/1
f 70/1/1 63/1/1 62/1/1
f 70/2/1 62/2/1 69/2/1
f 71/2/1 64/2/1 63/2/1
f 71/1/1 63/1/1 70/1/1
f 72/1/1 65/1/1 64/1/1
f 72/2/1 64/2/1 71/2/1
f 73/2/1 66/2/1 65/2/1
f 73/1/1 65/1/1 72/1/1
f 74/2/1 66/2/1 73/2/1
f 75/1/1 68/1/1 67/1/1
f 75/1/1 69/1/1 68/1/1
f 75/1/1 74/1/1 73/1/1
f 75/1/1 73/1/1 72/1/1
f 75/1/1 72/1/1 71/1/1
f 75/1/1 71/1/1 70/1/1
f 75/1/1 70/1/1 69/1/1
f 76/1/1 74/1/1 75/1/1
f 77/1/1 75/1/1 67/1/1
f 78/3/1 76/3/1 75/3/1
f 78/1/1 75/1/1 77/1/1
f 79/3/1 76/3/1 78/3/1
f 80/1/1 77/1/1 67/1/1
f 81/3/1 78/3/1 77/3/1
f 81/1/1 77/1/1 80/1/1
f 82/1/1 79/1/1 78/1/1
f 82/3/1 78/3/1 81/3/1
f 83/1/1 80/1/1 67/1/1
f 84/3/1 81/3/1 80/3/1
f 84/1/1 80/1/1 83/1/1
f 85/1/1 82/1/1 81/1/1
f 85/3/1 81/3/1 84/3/1
f 86/1/1 83/1/1 67/1/1
f 87/3/1 84/3/1 83/3/1
f 87/1/1 83/1/1 86/1/1
f 88/1/1 85/1/1 84/1/1
f 88/3/1 84/3/1 87/3/1
f 89/1/1 86/1/1 67/1/1
f 90/1/1 86/1/1 89/1/1
f 91/1/1 86/1/1 90/1/1
f 92/3/1 87/3/1 86/3/1
f 92/1/1 86/1/1 91/1/1
f 93/1/1 88/1/1 87/1/1
f 93/3/1 87/3/1 92/3/1
f 94/3/1 90/3/1 89/3/1
f 95/1/1 91/1/1 90/1/1
f 95/3/1 90/3/1 94/3/1
f 96/3/1 92/3/1 91/3/1
f 96/1/1 91/1/1 95/1/1
f 97/1/1 93/1/1 92/1/1
f 97/3/1 92/3/1 96/3/1
f 98/1/1 95/1/1 94/1/1
f 99/3/1 96/3/1 95/3/1
f 99/1/1 95/1/1 98/1/1
f 100/1/1 97/1/1 96/1/1
f 100/3/1 96/3/1 99/3/1
f 101/3/1 99/3/1 98/3/1
f 102/1/1 100/1/1 99/1/1
f 102/3/1 99/3/1 101/3/1
f 103/1/1 102/1/1 101/1/1
f 104/1/1 100/1/1 102/1/1
f 104/1/1 102/1/1 103/1/1
f 105/3/1 104/3/1 103/3/1
f 106/1/1 100/1/1 104/1/1
f 106/3/1 104/3/1 105/3/1
f 107/1/1 93/1/1 97/1/1
f 107/1/1 100/1/1 106/1/1
f 107/1/1 97/1/1 100/1/1
f 108/1/1 106/1/1 105/1/1
f 108/3/1 107/3/1 106/3/1
f 109/1/1 93/1/1 107/1/1
f 109/3/1 107/3/1 108/3/1
f 110/1/1 85/1/1 88/1/1
f 110/1/1 93/1/1 109/1/1
f 110/1/1 88/1/1 93/1/1
f 111/1/1 109/1/1 108/1/1
f 111/3/1 110/3/1 109/3/1
f 112/1/1 85/1/1 110/1/1
f 112/3/1 110/3/1 111/3/1
f 113/1/1 79/1/1 82/1/1
f 113/1/1 85/1/1 112/1/1
f 113/1/1 82/1/1 85/1/1
f 114/1/1 112/1/1 111/1/1
f 114/3/1 113/3/1 112/3/1
f 115/1/1 79/1/1 113/1/1
f 115/3/1 113/3/1 114/3/1
f 116/1/1 79/1/1 115/1/1
f 117/1/1 115/1/1 114/1/1
f 117/3/1 116/3/1 115/3/1
f 118/3/1 116/3/1 117/3/1
f 119/1/1 114/1/1 111/1/1
f 119/1/1 111/1/1 108/1/1
f 119/1/1 118/1/1 117/1/1
f 119/1/1 117/1/1 114/1/1
f 119/1/1 108/1/1 105/1/1
f 120/1/1 118/1/1 119/1/1
f 121/3/1 120/3/1 119/3/1
f 121/1/1 118/1/1 120/1/1
f 122/1/1 118/1/1 121/1/1
f 123/3/1 121/3/1 119/3/1
f 123/3/1 122/3/1 121/3/1
f 124/3/1 122/3/1 123/3/1
f 125/1/1 124/1/1 123/1/1
f 126/1/1 124/1/1 125/1/1
f 127/3/1 126/3/1 125/3/1
f 128/1/1 124/1/1 126/1/1
f 128/3/1 126/3/1 127/3/1
f 129/1/1 124/1/1 128/1/1
f 130/1/1 128/1/1 127/1/1
f 130/3/1 129/3/1 128/3/1
f 131/1/1 124/1/1 129/1/1
f 131/3/1 129/3/1 130/3/1
f 132/1/1 124/1/1 131/1/1
f 133/1/1 130/1/1 127/1/1
f 133/1/1 131/1/1 130/1/1
f 134/1/1 131/1/1 133/1/1
f 135/3/1 132/3/1 131/3/1
f 135/1/1 131/1/1 134/1/1
f 136/3/1 132/3/1 135/3/1
f 137/3/1 134/3/1 133/3/1
f 138/3/1 134/3/1 137/3/1
f 139/1/1 135/1/1 134/1/1
f 139/3/1 134/3/1 138/3/1
f 139/1/1 136/1/1 135/1/1
f 140/1/1 136/1/1 139/1/1
f 141/4/1 138/4/1 137/4/1
f 142/1/1 139/1/1 138/1/1
f 142/4/1 138/4/1 141/4/1
f 143/3/1 140/3/1 139/3/1
f 143/1/1 139/1/1 142/1/1
f 144/3/1 140/3/1 143/3/1
f 145/1/1 136/1/1 140/1/1
f 145/3/1 140/3/1 144/3/1
f 146/1/1 136/1/1 145/1/1
f 147/4/1 144/4/1 143/4/1
f 147/1/1 142/1/1 141/1/1
f 147/4/1 143/4/1 142/4/1
f 148/1/1 145/1/1 144/1/1
f 148/4/1 144/4/1 147/4/1
f 149/1/1 145/1/1 148/1/1
f 150/3/1 146/3/1 145/3/1
f 150/1/1 145/1/1 149/1/1
f 151/3/1 146/3/1 150/3/1
f 152/4/1 149/4/1 148/4/1
f 152/1/1 148/1/1 147/1/1
f 153/1/1 151/1/1 150/1/1
f 153/4/1 149/4/1 152/4/1
f 153/1/1 150/1/1 149/1/1
f 154/1/1 151/1/1 153/1/1
f 155/1/1 153/1/1 152/1/1
f 155/4/1 154/4/1 153/4/1
f 156/1/1 151/1/1 154/1/1
f 156/4/1 154/4/1 155/4/1
f 157/1/1 151/1/1 156/1/1
f 158/1/1 156/1/1 155/1/1
f 158/4/1 157/4/1 156/4/1
f 159/1/1 151/1/1 157/1/1
f 159/4/1 157/4/1 158/4/1
f 160/1/1 151/1/1 159/1/1
f 161/1/1 159/1/1 158/1/1
f 161/4/1 160/4/1 159/4/1
f 162/1/1 151/1/1 160/1/1
f 162/4/1 160/4/1 161/4/1
f 163/1/1 151/1/1 162/1/1
f 164/1/1 162/1/1 161/1/1
f 164/4/1 163/4/1 162/4/1
f 165/4/1 163/4/1 164/4/1
f 166/1/1 147/1/1 141/1/1
f 166/1/1 152/1/1 147/1/1
f 166/1/1 165/1/1 164/1/1
f 166/1/1 164/1/1 161/1/1
f 166/1/1 155/1/1 152/1/1
f 166/1/1 161/1/1 158/1/1
f 166/1/1 158/1/1 155/1/1
f 167/1/1 165/1/1 166/1/1
f 168/4/1 167/4/1 166/4/1
f 169/1/1 165/1/1 167/1/1
f 169/4/1 167/4/1 168/4/1
f 170/1/1 165/1/1 169/1/1
f 171/1/1 169/1/1 168/1/1
f 172/4/1 170/4/1 169/4/1
f 172/1/1 169/1/1 171/1/1
f 173/1/1 165/1/1 170/1/1
f 174/1/1 165/1/1 173/1/1
f 175/2/1 172/2/1 171/2/1
f 176/4/1 170/4/1 172/4/1
f 176/2/1 172/2/1 175/2/1
f 177/1/1 173/1/1 170/1/1
f 177/4/1 170/4/1 176/4/1
f 178/2/1 174/2/1 173/2/1
f 178/1/1 173/1/1 177/1/1
f 179/1/1 165/1/1 174/1/1
f 179/2/1 174/2/1 178/2/1
f 180/1/1 165/1/1 179/1/1
f 181/1/1 176/1/1 175/1/1
f 181/1/1 177/1/1 176/1/1
f 182/4/1 178/4/1 177/4/1
f 182/1/1 177/1/1 181/1/1
f 183/3/1 180/3/1 179/3/1
f 183/4/1 178/4/1 182/4/1
f 183/3/1 179/3/1 178/3/1
f 184/3/1 180/3/1 183/3/1
f 185/3/1 182/3/1 181/3/1
f 186/3/1 182/3/1 185/3/1
f 187/4/1 183/4/1 182/4/1
f 187/3/1 182/3/1 186/3/1
f 188/1/1 184/1/1 183/1/1
f 188/4/1 183/4/1 187/4/1
f 189/1/1 184/1/1 188/1/1
f 190/2/1 186/2/1 185/2/1
f 191/1/1 187/1/1 186/1/1
f 191/2/1 186/2/1 190/2/1
f 191/1/1 188/1/1 187/1/1
f 192/4/1 189/4/1 188/4/1
f 192/1/1 188/1/1 191/1/1
f 192/1/1 191/1/1 190/1/1
f 193/1/1 184/1/1 189/1/1
f 193/4/1 189/4/1 192/4/1
f 194/1/1 184/1/1 193/1/1
f 195/1/1 192/1/1 190/1/1
f 195/1/1 193/1/1 192/1/1
f 196/1/1 193/1/1 195/1/1
f 197/1/1 193/1/1 196/1/1
f 198/4/1 194/4/1 193/4/1
f 198/1/1 193/1/1 197/1/1
f 199/1/1 184/1/1 194/1/1
f 199/4/1 194/4/1 198/4/1
f 200/1/1 184/1/1 199/1/1
f 201/1/1 184/1/1 200/1/1
f 202/1/1 184/1/1 201/1/1
f 203/1/1 184/1/1 202/1/1
f 204/2/1 196/2/1 195/2/1
f 205/1/1 197/1/1 196/1/1
f 205/2/1 196/2/1 204/2/1
f 206/2/1 198/2/1 197/2/1
f 206/1/1 197/1/1 205/1/1
f 207/1/1 199/1/1 198/1/1
f 207/2/1 198/2/1 206/2/1
f 208/4/1 200/4/1 199/4/1
f 208/1/1 199/1/1 207/1/1
f 209/2/1 201/2/1 200/2/1
f 209/4/1 200/4/1 208/4/1
f 210/1/1 202/1/1 201/1/1
f 210/2/1 201/2/1 209/2/1
f 211/2/1 203/2/1 202/2/1
f 211/1/1 202/1/1 210/1/1
f 212/2/1 203/2/1 211/2/1
f 213/1/1 205/1/1 204/1/1
f 213/1/1 206/1/1 205/1/1
f 213/1/1 207/1/1 206/1/1
f 213/1/1 208/1/1 207/1/1
f 213/1/1 209/1/1 208/1/1
f 214/1/1 209/1/1 213/1/1
f 215/1/1 209/1/1 214/1/1
f 216/1/1 209/1/1 215/1/1
f 217/4/1 210/4/1 209/4/1
f 217/1/1 209/1/1 216/1/1
f 218/1/1 212/1/1 211/1/1
f 218/4/1 210/4/1 217/4/1
f 218/1/1 211/1/1 210/1/1
f 219/1/1 212/1/1 218/1/1
f 220/1/1 212/1/1 219/1/1
f 221/1/1 212/1/1 220/1/1
f 222/2/1 214/2/1 213/2/1
f 223/1/1 215/1/1 214/1/1
f 223/2/1 214/2/1 222/2/1
f 224/2/1 216/2/1 215/2/1
f 224/1/1 215/1/1 223/1/1
f 225/1/1 217/1/1 216/1/1
f 225/2/1 216/2/1 224/2/1
f 226/2/1 218/2/1 217/2/1
f 226/1/1 217/1/1 225/1/1
f 227/4/1 219/4/1 218/4/1
f 227/2/1 218/2/1 226/2/1
f 228/1/1 220/1/1 219/1/1
f 228/2/1 221/2/1 220/2/1
f 229/2/1 221/2/1 228/2/1
f 230/1/1 224/1/1 223/1/1
f 230/1/1 223/1/1 222/1/1
f 230/1/1 225/1/1 224/1/1
f 230/1/1 226/1/1 225/1/1
f 230/1/1 227/1/1 226/1/1
f 230/4/1 219/4/1 227/4/1
f 231/1/1 229/1/1 228/1/1
f 231/4/1 219/4/1 230/4/1
f 231/1/1 228/1/1 219/1/1
f 232/1/1 229/1/1 231/1/1
f 233/4/1 232/4/1 231/4/1
f 233/1/1 229/1/1 232/1/1
f 234/1/1 229/1/1 233/1/1
f 235/1/1 230/1/1 222/1/1
f 235/1/1 231/1/1 230/1/1
f 236/4/1 234/4/1 233/4/1
f 236/1/1 231/1/1 235/1/1
f 236/4/1 233/4/1 231/4/1
f 237/1/1 235/1/1 222/1/1
f 238/4/1 236/4/1 235/4/1
f 238/1/1 235/1/1 237/1/1
f 239/4/1 234/4/1 236/4/1
f 239/4/1 236/4/1 238/4/1
f 240/4/1 238/4/1 237/4/1
f 241/1/1 239/1/1 238/1/1
f 241/4/1 238/4/1 240/4/1
f 242/4/1 234/4/1 239/4/1
f 242/1/1 239/1/1 241/1/1
f 243/4/1 234/4/1 242/4/1
f 244/1/1 241/1/1 240/1/1
f 244/1/1 242/1/1 241/1/1
f 244/1/1 243/1/1 242/1/1
f 245/1/1 243/1/1 244/1/1
f 246/1/1 244/1/1 240/1/1
f 247/4/1 245/4/1 244/4/1
f 247/1/1 244/1/1 246/1/1
f 248/4/1 245/4/1 247/4/1
f 249/1/1 246/1/1 240/1/1
f 250/1/1 246/1/1 249/1/1
f 251/1/1 246/1/1 250/1/1
f 252/4/1 247/4/1 246/4/1
f 252/1/1 246/1/1 251/1/1
f 253/1/1 248/1/1 247/1/1
f 253/4/1 247/4/1 252/4/1
f 254/3/1 250/3/1 249/3/1
f 255/1/1 251/1/1 250/1/1
f 255/3/1 250/3/1 254/3/1
f 256/1/1 251/1/1 255/1/1
f 257/1/1 251/1/1 256/1/1
f 258/4/1 252/4/1 251/4/1
f 258/1/1 251/1/1 257/1/1
f 259/1/1 253/1/1 252/1/1
f 259/4/1 252/4/1 258/4/1
f 260/1/1 248/1/1 253/1/1
f 260/1/1 253/1/1 259/1/1
f 261/1/1 248/1/1 260/1/1
f 262/1/1 255/1/1 254/1/1
f 262/3/1 256/3/1 255/3/1
f 263/1/1 257/1/1 256/1/1
f 263/3/1 256/3/1 262/3/1
f 264/4/1 258/4/1 257/4/1
f 264/1/1 257/1/1 263/1/1
f 265/1/1 259/1/1 258/1/1
f 265/4/1 258/4/1 264/4/1
f 265/1/1 260/1/1 259/1/1
f 266/1/1 260/1/1 265/1/1
f 267/4/1 261/4/1 260/4/1
f 267/1/1 260/1/1 266/1/1
f 268/1/1 262/1/1 254/1/1
f 269/4/1 264/4/1 263/4/1
f 269/1/1 262/1/1 268/1/1
f 269/4/1 263/4/1 262/4/1
f 270/4/1 264/4/1 269/4/1
f 271/1/1 266/1/1 265/1/1
f 271/4/1 264/4/1 270/4/1
f 271/1/1 265/1/1 264/1/1
f 272/1/1 266/1/1 271/1/1
f 273/1/1 266/1/1 272/1/1
f 274/4/1 267/4/1 266/4/1
f 274/1/1 266/1/1 273/1/1
f 275/4/1 261/4/1 267/4/1
f 275/4/1 267/4/1 274/4/1
f 276/4/1 270/4/1 269/4/1
f 276/4/1 269/4/1 268/4/1
f 276/1/1 271/1/1 270/1/1
f 277/3/1 272/3/1 271/3/1
f 277/1/1 271/1/1 276/1/1
f 278/1/1 273/1/1 272/1/1
f 278/3/1 272/3/1 277/3/1
f 279/4/1 274/4/1 273/4/1
f 279/1/1 273/1/1 278/1/1
f 280/1/1 275/1/1 274/1/1
f 280/4/1 274/4/1 279/4/1
f 281/1/1 275/1/1 280/1/1
f 282/4/1 278/4/1 277/4/1
f 282/4/1 277/4/1 276/4/1
f 282/4/1 281/4/1 280/4/1
f 282/4/1 280/4/1 279/4/1
f 282/4/1 276/4/1 268/4/1
f 282/4/1 279/4/1 278/4/1
f 283/4/1 281/4/1 282/4/1
f 284/4/1 281/4/1 283/4/1
f 285/4/1 281/4/1 284/4/1
f 286/1/1 283/1/1 282/1/1
f 287/3/1 284/3/1 283/3/1
f 287/1/1 283/1/1 286/1/1
f 288/3/1 284/3/1 287/3/1
f 289/3/1 284/3/1 288/3/1
f 290/3/1 284/3/1 289/3/1
f 291/1/1 285/1/1 284/1/1
f 291/3/1 284/3/1 290/3/1
f 292/3/1 287/3/1 286/3/1
f 292/3/1 288/3/1 287/3/1
f 293/1/1 289/1/1 288/1/1
f 293/3/1 288/3/1 292/3/1
f 294/3/1 290/3/1 289/3/1
f 294/1/1 289/1/1 293/1/1
f 295/1/1 291/1/1 290/1/1
f 295/3/1 290/3/1 294/3/1
f 296/1/1 291/1/1 295/1/1
f 297/1/1 293/1/1 292/1/1
f 297/1/1 294/1/1 293/1/1
f 297/3/1 296/3/1 295/3/1
f 297/1/1 295/1/1 294/1/1
f 298/1/1 291/1/1 296/1/1
f 298/3/1 296/3/1 297/3/1
f 299/1/1 291/1/1 298/1/1
f 300/1/1 297/1/1 292/1/1
f 300/1/1 298/1/1 297/1/1
f 301/1/1 298/1/1 300/1/1
f 302/3/1 299/3/1 298/3/1
f 302/1/1 298/1/1 301/1/1
f 303/1/1 291/1/1 299/1/1
f 303/3/1 299/3/1 302/3/1
f 304/1/1 285/1/1 291/1/1
f 304/1/1 291/1/1 303/1/1
f 305/3/1 301/3/1 300/3/1
f 306/1/1 302/1/1 301/1/1
f 306/3/1 301/3/1 305/3/1
f 306/1/1 303/1/1 302/1/1
f 307/1/1 303/1/1 306/1/1
f 308/3/1 304/3/1 303/3/1
f 308/1/1 303/1/1 307/1/1
f 309/1/1 285/1/1 304/1/1
f 309/3/1 304/3/1 308/3/1
f 310/1/1 285/1/1 309/1/1
f 311/3/1 307/3/1 306/3/1
f 311/1/1 306/1/1 305/1/1
f 312/1/1 308/1/1 307/1/1
f 312/3/1 307/3/1 311/3/1
f 312/1/1 309/1/1 308/1/1
f 313/1/1 309/1/1 312/1/1
f 314/3/1 310/3/1 309/3/1
f 314/1/1 309/1/1 313/1/1
f 315/3/1 310/3/1 314/3/1
f 316/3/1 313/3/1 312/3/1
f 316/1/1 312/1/1 311/1/1
f 317/1/1 315/1/1 314/1/1
f 317/3/1 313/3/1 316/3/1
f 317/1/1 314/1/1 313/1/1
f 318/1/1 315/1/1 317/1/1
f 319/1/1 317/1/1 316/1/1
f 319/3/1 318/3/1 317/3/1
f 320/3/1 318/3/1 319/3/1
f 321/1/1 319/1/1 316/1/1
f 321/1/1 320/1/1 319/1/1
f 322/1/1 320/1/1 321/1/1
f 323/1/1 316/1/1 311/1/1
f 323/1/1 321/1/1 316/1/1
f 324/3/1 322/3/1 321/3/1
f 324/1/1 321/1/1 323/1/1
f 325/3/1 322/3/1 324/3/1
f 326/1/1 311/1/1 305/1/1
f 326/1/1 323/1/1 311/1/1
f 327/3/1 324/3/1 323/3/1
f 327/1/1 323/1/1 326/1/1
f 328/1/1 325/1/1 324/1/1
f 328/3/1 324/3/1 327/3/1
f 329/1/1 325/1/1 328/1/1
f 330/1/1 325/1/1 329/1/1
f 331/1/1 326/1/1 305/1/1
f 332/3/1 327/3/1 326/3/1
f 332/1/1 326/1/1 331/1/1
f 333/1/1 328/1/1 327/1/1
f 333/3/1 327/3/1 332/3/1
f 333/1/1 329/1/1 328/1/1
f 334/1/1 329/1/1 333/1/1
f 335/3/1 330/3/1 329/3/1
f 335/1/1 329/1/1 334/1/1
f 336/3/1 330/3/1 335/3/1
f 337/3/1 332/3/1 331/3/1
f 338/1/1 334/1/1 333/1/1
f 338/3/1 332/3/1 337/3/1
f 338/1/1 333/1/1 332/1/1
f 339/1/1 334/1/1 338/1/1
f 340/3/1 335/3/1 334/3/1
f 340/1/1 334/1/1 339/1/1
f 341/1/1 336/1/1 335/1/1
f 341/3/1 335/3/1 340/3/1
f 342/1/1 339/1/1 338/1/1
f 342/1/1 338/1/1 337/1/1
f 343/3/1 340/3/1 339/3/1
f 343/1/1 339/1/1 342/1/1
f 344/1/1 341/1/1 340/1/1
f 344/3/1 340/3/1 343/3/1
f 345/1/1 342/1/1 337/1/1
f 346/1/1 342/1/1 345/1/1
f 347/1/1 342/1/1 346/1/1
f 348/3/1 343/3/1 342/3/1
f 348/1/1 342/1/1 347/1/1
f 349/1/1 344/1/1 343/1/1
f 349/3/1 343/3/1 348/3/1
f 350/3/1 346/3/1 345/3/1
f 351/3/1 346/3/1 350/3/1
f 352/1/1 347/1/1 346/1/1
f 352/3/1 346/3/1 351/3/1
f 353/3/1 348/3/1 347/3/1
f 353/1/1 347/1/1 352/1/1
f 354/1/1 349/1/1 348/1/1
f 354/3/1 348/3/1 353/3/1
f 355/1/1 341/1/1 344/1/1
f 355/1/1 349/1/1 354/1/1
f 355/1/1 336/1/1 341/1/1
f 355/1/1 344/1/1 349/1/1
f 356/1/1 351/1/1 350/1/1
f 357/3/1 354/3/1 353/3/1
f 357/1/1 351/1/1 356/1/1
f 357/3/1 352/3/1 351/3/1
f 357/3/1 355/3/1 354/3/1
f 357/3/1 353/3/1 352/3/1
f 358/1/1 336/1/1 355/1/1
f 358/3/1 355/3/1 357/3/1
f 359/1/1 336/1/1 358/1/1
f 360/4/1 357/4/1 356/4/1
f 360/4/1 358/4/1 357/4/1
f 360/4/1 359/4/1 358/4/1
f 361/4/1 359/4/1 360/4/1
f 362/4/1 359/4/1 361/4/1
f 363/4/1 359/4/1 362/4/1
f 364/4/1 359/4/1 363/4/1
f 365/4/1 359/4/1 364/4/1
f 366/4/1 360/4/1 356/4/1
f 367/4/1 360/4/1 366/4/1
f 368/1/1 361/1/1 360/1/1
f 368/4/1 360/4/1 367/4/1
f 369/3/1 362/3/1 361/3/1
f 369/1/1 361/1/1 368/1/1
f 370/1/1 363/1/1 362/1/1
f 370/3/1 362/3/1 369/3/1
f 371/4/1 364/4/1 363/4/1
f 371/1/1 363/1/1 370/1/1
f 372/1/1 365/1/1 364/1/1
f 372/4/1 364/4/1 371/4/1
f 373/1/1 365/1/1 372/1/1
f 374/1/1 367/1/1 366/1/1
f 374/4/1 368/4/1 367/4/1
f 374/4/1 369/4/1 368/4/1
f 375/4/1 369/4/1 374/4/1
f 376/1/1 372/1/1 371/1/1
f 376/4/1 369/4/1 375/4/1
f 376/1/1 370/1/1 369/1/1
f 376/1/1 371/1/1 370/1/1
f 377/1/1 372/1/1 376/1/1
f 378/4/1 373/4/1 372/4/1
f 378/1/1 372/1/1 377/1/1
f 379/4/1 373/4/1 378/4/1
f 380/1/1 374/1/1 366/1/1
f 381/3/1 375/3/1 374/3/1
f 381/1/1 374/1/1 380/1/1
f 382/1/1 376/1/1 375/1/1
f 382/3/1 375/3/1 381/3/1
f 383/4/1 377/4/1 376/4/1
f 383/1/1 376/1/1 382/1/1
f 384/1/1 378/1/1 377/1/1
f 384/4/1 377/4/1 383/4/1
f 384/1/1 379/1/1 378/1/1
f 385/1/1 379/1/1 384/1/1
f 386/4/1 373/4/1 379/4/1
f 386/1/1 379/1/1 385/1/1
f 387/4/1 373/4/1 386/4/1
f 388/3/1 381/3/1 380/3/1
f 389/1/1 382/1/1 381/1/1
f 389/3/1 381/3/1 388/3/1
f 389/1/1 383/1/1 382/1/1
f 389/1/1 384/1/1 383/1/1
f 390/4/1 385/4/1 384/4/1
f 390/1/1 384/1/1 389/1/1
f 391/1/1 387/1/1 386/1/1
f 391/4/1 385/4/1 390/4/1
f 391/1/1 386/1/1 385/1/1
f 392/1/1 387/1/1 391/1/1
f 393/1/1 389/1/1 388/1/1
f 393/1/1 390/1/1 389/1/1
f 393/4/1 392/4/1 391/4/1
f 393/1/1 391/1/1 390/1/1
f 394/1/1 387/1/1 392/1/1
f 394/4/1 392/4/1 393/4/1
f 395/1/1 387/1/1 394/1/1
f 396/1/1 394/1/1 393/1/1
f 396/4/1 395/4/1 394/4/1
f 397/4/1 395/4/1 396/4/1
f 398/1/1 393/1/1 388/1/1
f 398/1/1 396/1/1 393/1/1
f 398/1/1 397/1/1 396/1/1
f 399/1/1 397/1/1 398/1/1
f 400/1/1 397/1/1 399/1/1
f 401/1/1 397/1/1 400/1/1
f 402/4/1 399/4/1 398/4/1
f 403/1/1 400/1/1 399/1/1
f 403/4/1 399/4/1 402/4/1
f 404/4/1 401/4/1 400/4/1
f 404/1/1 400/1/1 403/1/1
f 405/1/1 403/1/1 402/1/1
f 405/4/1 404/4/1 403/4/1
f 406/4/1 404/4/1 405/4/1
f 407/4/1 401/4/1 404/4/1
f 407/4/1 404/4/1 406/4/1
f 408/4/1 401/4/1 407/4/1
f 409/1/1 406/1/1 405/1/1
f 409/1/1 405/1/1 402/1/1
f 410/4/1 407/4/1 406/4/1
f 410/1/1 406/1/1 409/1/1
f 411/1/1 408/1/1 407/1/1
f 411/4/1 407/4/1 410/4/1
f 412/1/1 409/1/1 402/1/1
f 413/4/1 410/4/1 409/4/1
f 413/1/1 409/1/1 412/1/1
f 414/1/1 411/1/1 410/1/1
f 414/4/1 410/4/1 413/4/1
f 415/1/1 412/1/1 402/1/1
f 416/4/1 413/4/1 412/4/1
f 416/1/1 412/1/1 415/1/1
f 417/1/1 414/1/1 413/1/1
f 417/4/1 413/4/1 416/4/1
f 418/1/1 415/1/1 402/1/1
f 419/4/1 416/4/1 415/4/1
f 419/1/1 415/1/1 418/1/1
f 420/1/1 417/1/1 416/1/1
f 420/4/1 416/4/1 419/4/1
f 421/1/1 418/1/1 402/1/1
f 422/4/1 419/4/1 418/4/1
f 422/1/1 418/1/1 421/1/1
f 423/1/1 420/1/1 419/1/1
f 423/4/1 419/4/1 422/4/1
f 424/1/1 421/1/1 402/1/1
f 425/1/1 421/1/1 424/1/1
f 426/4/1 422/4/1 421/4/1
f 426/1/1 421/1/1 425/1/1
f 427/1/1 423/1/1 422/1/1
f 427/4/1 422/4/1 426/4/1
f 428/3/1 425/3/1 424/3/1
f 429/4/1 426/4/1 425/4/1
f 429/3/1 425/3/1 428/3/1
f 430/1/1 427/1/1 426/1/1
f 430/4/1 426/4/1 429/4/1
f 431/1/1 411/1/1 414/1/1
f 431/1/1 427/1/1 430/1/1
f 431/1/1 408/1/1 411/1/1
f 431/1/1 414/1/1 417/1/1
f 431/1/1 417/1/1 420/1/1
f 431/1/1 420/1/1 423/1/1
f 431/1/1 423/1/1 427/1/1
f 432/1/1 429/1/1 428/1/1
f 433/4/1 430/4/1 429/4/1
f 433/1/1 429/1/1 432/1/1
f 434/3/1 431/3/1 430/3/1
f 434/4/1 430/4/1 433/4/1
f 435/3/1 431/3/1 434/3/1
f 436/1/1 432/1/1 428/1/1
f 437/4/1 433/4/1 432/4/1
f 437/1/1 432/1/1 436/1/1
f 438/1/1 434/1/1 433/1/1
f 438/4/1 433/4/1 437/4/1
f 438/1/1 435/1/1 434/1/1
f 439/4/1 437/4/1 436/4/1
f 440/1/1 438/1/1 437/1/1
f 440/4/1 437/4/1 439/4/1
f 441/1/1 435/1/1 438/1/1
f 441/1/1 438/1/1 440/1/1
f 441/1/1 440/1/1 439/1/1
f 442/1/1 435/1/1 441/1/1
f 443/1/1 441/1/1 439/1/1
f 444/4/1 442/4/1 441/4/1
f 444/1/1 441/1/1 443/1/1
f 445/4/1 442/4/1 444/4/1
f 446/1/1 443/1/1 439/1/1
f 447/4/1 444/4/1 443/4/1
f 447/1/1 443/1/1 446/1/1
f 448/1/1 445/1/1 444/1/1
f 448/4/1 444/4/1 447/4/1
f 449/1/1 446/1/1 439/1/1
f 450/4/1 447/4/1 446/4/1
f 450/1/1 446/1/1 449/1/1
f 451/1/1 448/1/1 447/1/1
f 451/4/1 447/4/1 450/4/1
f 452/1/1 449/1/1 439/1/1
f 453/4/1 450/4/1 449/4/1
f 453/1/1 449/1/1 452/1/1
f 454/1/1 451/1/1 450/1/1
f 454/4/1 450/4/1 453/4/1
f 455/1/1 452/1/1 439/1/1
f 456/4/1 453/4/1 452/4/1
f 456/1/1 452/1/1 455/1/1
f 457/1/1 454/1/1 453/1/1
f 457/4/1 453/4/1 456/4/1
f 458/1/1 448/1/1 451/1/1
f 458/1/1 454/1/1 457/1/1
f 458/1/1 451/1/1 454/1/1
f 459/1/1 445/1/1 448/1/1
f 459/1/1 448/1/1 458/1/1
f 460/1/1 455/1/1 439/1/1
f 461/4/1 456/4/1 455/4/1
f 461/1/1 455/1/1 460/1/1
f 462/4/1 456/4/1 461/4/1
f 463/1/1 458/1/1 457/1/1
f 463/4/1 456/4/1 462/4/1
f 463/1/1 457/1/1 456/1/1
f 464/3/1 459/3/1 458/3/1
f 464/1/1 458/1/1 463/1/1
f 465/3/1 459/3/1 464/3/1
f 466/4/1 461/4/1 460/4/1
f 467/1/1 462/1/1 461/1/1
f 467/4/1 461/4/1 466/4/1
f 468/3/1 463/3/1 462/3/1
f 468/1/1 462/1/1 467/1/1
f 468/3/1 464/3/1 463/3/1
f 469/1/1 465/1/1 464/1/1
f 469/3/1 464/3/1 468/3/1
f 470/3/1 467/3/1 466/3/1
f 470/3/1 468/3/1 467/3/1
f 471/1/1 469/1/1 468/1/1
f 471/3/1 468/3/1 470/3/1
f 472/1/1 469/1/1 471/1/1
f 473/1/1 465/1/1 469/1/1
f 473/1/1 469/1/1 472/1/1
f 474/1/1 472/1/1 471/1/1
f 474/1/1 471/1/1 470/1/1
f 475/3/1 473/3/1 472/3/1
f 475/1/1 472/1/1 474/1/1
f 476/3/1 473/3/1 475/3/1
f 477/1/1 474/1/1 470/1/1
f 478/3/1 475/3/1 474/3/1
f 478/1/1 474/1/1 477/1/1
f 479/1/1 476/1/1 475/1/1
f 479/3/1 475/3/1 478/3/1
f 480/3/1 478/3/1 477/3/1
f 481/1/1 479/1/1 478/1/1
f 481/3/1 478/3/1 480/3/1
f 482/1/1 481/1/1 480/1/1
f 483/1/1 476/1/1 479/1/1
f 483/1/1 481/1/1 482/1/1
f 483/1/1 479/1/1 481/1/1
f 484/3/1 483/3/1 482/3/1
f 485/3/1 483/3/1 484/3/1
f 486/3/1 483/3/1 485/3/1
f 487/3/1 483/3/1 486/3/1
f 488/3/1 484/3/1 482/3/1
f 489/1/1 485/1/1 484/1/1
f 489/3/1 484/3/1 488/3/1
f 490/2/1 486/2/1 485/2/1
f 490/1/1 485/1/1 489/1/1
f 491/1/1 487/1/1 486/1/1
f 491/2/1 486/2/1 490/2/1
f 492/1/1 489/1/1 488/1/1
f 492/1/1 490/1/1 489/1/1
f 492/1/1 491/1/1 490/1/1
f 493/1/1 491/1/1 492/1/1
f 494/1/1 491/1/1 493/1/1
f 495/1/1 487/1/1 491/1/1
f 495/1/1 491/1/1 494/1/1
f 496/2/1 493/2/1 492/2/1
f 497/1/1 494/1/1 493/1/1
f 497/2/1 493/2/1 496/2/1
f 498/2/1 495/2/1 494/2/1
f 498/1/1 494/1/1 497/1/1
f 499/1/1 487/1/1 495/1/1
f 499/2/1 495/2/1 498/2/1
f 500/1/1 487/1/1 499/1/1
f 501/1/1 487/1/1 500/1/1
f 502/1/1 498/1/1 497/1/1
f 502/1/1 497/1/1 496/1/1
f 502/1/1 499/1/1 498/1/1
f 502/1/1 500/1/1 499/1/1
f 503/3/1 501/3/1 500/3/1
f 503/1/1 500/1/1 502/1/1
f 504/3/1 501/3/1 503/3/1
f 505/1/1 502/1/1 496/1/1
f 506/3/1 503/3/1 502/3/1
f 506/1/1 502/1/1 505/1/1
f 507/1/1 504/1/1 503/1/1
f 507/3/1 503/3/1 506/3/1
f 508/1/1 505/1/1 496/1/1
f 509/3/1 506/3/1 505/3/1
f 509/1/1 505/1/1 508/1/1
f 510/1/1 507/1/1 506/1/1
f 510/3/1 506/3/1 509/3/1
f 511/1/1 508/1/1 496/1/1
f 512/3/1 509/3/1 508/3/1
f 512/1/1 508/1/1 511/1/1
f 513/1/1 510/1/1 509/1/1
f 513/3/1 509/3/1 512/3/1
f 514/3/1 512/3/1 511/3/1
f 515/1/1 513/1/1 512/1/1
f 515/3/1 512/3/1 514/3/1
f 516/1/1 515/1/1 514/1/1
f 517/1/1 515/1/1 516/1/1
f 518/3/1 517/3/1 516/3/1
f 519/1/1 515/1/1 517/1/1
f 519/3/1 517/3/1 518/3/1
f 520/1/1 513/1/1 515/1/1
f 520/1/1 515/1/1 519/1/1
f 521/1/1 519/1/1 518/1/1
f 522/3/1 520/3/1 519/3/1
f 522/1/1 519/1/1 521/1/1
f 523/1/1 513/1/1 520/1/1
f 523/3/1 520/3/1 522/3/1
f 524/1/1 510/1/1 513/1/1
f 524/1/1 513/1/1 523/1/1
f 525/3/1 522/3/1 521/3/1
f 526/1/1 523/1/1 522/1/1
f 526/3/1 522/3/1 525/3/1
f 527/3/1 524/3/1 523/3/1
f 527/1/1 523/1/1 526/1/1
f 528/1/1 510/1/1 524/1/1
f 528/3/1 524/3/1 527/3/1
f 529/1/1 510/1/1 528/1/1
f 530/1/1 527/1/1 526/1/1
f 530/1/1 526/1/1 525/1/1
f 530/3/1 529/3/1 528/3/1
f 530/1/1 528/1/1 527/1/1
f 531/1/1 510/1/1 529/1/1
f 531/3/1 529/3/1 530/3/1
f 532/1/1 507/1/1 510/1/1
f 532/1/1 510/1/1 531/1/1
f 533/1/1 531/1/1 530/1/1
f 533/3/1 532/3/1 531/3/1
f 534/1/1 507/1/1 532/1/1
f 534/3/1 532/3/1 533/3/1
f 535/1/1 507/1/1 534/1/1
f 536/1/1 534/1/1 533/1/1
f 536/3/1 535/3/1 534/3/1
f 537/1/1 507/1/1 535/1/1
f 537/3/1 535/3/1 536/3/1
f 538/1/1 504/1/1 507/1/1
f 538/1/1 507/1/1 537/1/1
f 539/1/1 537/1/1 536/1/1
f 539/3/1 538/3/1 537/3/1
f 540/1/1 504/1/1 538/1/1
f 540/3/1 538/3/1 539/3/1
f 541/1/1 504/1/1 540/1/1
f 542/1/1 540/1/1 539/1/1
f 542/3/1 541/3/1 540/3/1
f 543/3/1 541/3/1 542/3/1
f 544/1/1 539/1/1 536/1/1
f 544/1/1 542/1/1 539/1/1
f 544/1/1 543/1/1 542/1/1
f 545/1/1 543/1/1 544/1/1
f 546/1/1 533/1/1 530/1/1
f 546/1/1 536/1/1 533/1/1
f 546/1/1 544/1/1 536/1/1
f 547/3/1 545/3/1 544/3/1
f 547/1/1 544/1/1 546/1/1
f 548/3/1 545/3/1 547/3/1
f 549/1/1 530/1/1 525/1/1
f 549/1/1 546/1/1 530/1/1
f 550/3/1 547/3/1 546/3/1
f 550/1/1 546/1/1 549/1/1
f 551/1/1 548/1/1 547/1/1
f 551/3/1 547/3/1 550/3/1
f 552/1/1 549/1/1 525/1/1
f 553/3/1 550/3/1 549/3/1
f 553/1/1 549/1/1 552/1/1
f 554/1/1 551/1/1 550/1/1
f 554/3/1 550/3/1 553/3/1
f 555/3/1 553/3/1 552/3/1
f 556/1/1 554/1/1 553/1/1
f 556/3/1 553/3/1 555/3/1
f 557/1/1 548/1/1 551/1/1
f 557/1/1 554/1/1 556/1/1
f 557/1/1 556/1/1 555/1/1
f 557/1/1 551/1/1 554/1/1
f 558/1/1 548/1/1 557/1/1
f 559/1/1 557/1/1 555/1/1
f 560/3/1 558/3/1 557/3/1
f 560/1/1 557/1/1 559/1/1
f 561/3/1 558/3/1 560/3/1
f 562/1/1 559/1/1 555/1/1
f 563/3/1 560/3/1 559/3/1
f 563/1/1 559/1/1 562/1/1
f 564/1/1 561/1/1 560/1/1
f 564/3/1 560/3/1 563/3/1
f 565/1/1 562/1/1 555/1/1
f 566/3/1 563/3/1 562/3/1
f 566/1/1 562/1/1 565/1/1
f 567/1/1 564/1/1 563/1/1
f 567/3/1 563/3/1 566/3/1
f 568/1/1 565/1/1 555/1/1
f 569/3/1 566/3/1 565/3/1
f 569/1/1 565/1/1 568/1/1
f 570/1/1 567/1/1 566/1/1
f 570/3/1 566/3/1 569/3/1
f 571/1/1 568/1/1 555/1/1
f 572/3/1 569/3/1 568/3/1
f 572/1/1 568/1/1 571/1/1
f 573/1/1 570/1/1 569/1/1
f 573/3/1 569/3/1 572/3/1
f 574/3/1 572/3/1 571/3/1
f 575/1/1 573/1/1 572/1/1
f 575/3/1 572/3/1 574/3/1
f 576/1/1 575/1/1 574/1/1
f 577/1/1 561/1/1 564/1/1
f 577/1/1 575/1/1 576/1/1
f 577/1/1 564/1/1 567/1/1
f 577/1/1 573/1/1 575/1/1
f 577/1/1 567/1/1 570/1/1
f 577/1/1 570/1/1 573/1/1
f 578/1/2 579/1/2 582/1/2
f 579/3/2 580/3/2 582/3/2
f 580/1/2 581/1/2 583/1/2
f 582/3/2 580/3/2 583/3/2
f 583/1/2 581/1/2 584/1/2
f 582/1/2 583/1/2 585/1/2
f 583/3/2 584/3/2 585/3/2
f 585/3/2 584/3/2 586/3/2
f 584/1/2 581/1/2 587/1/2
f 586/3/2 584/3/2 587/3/2
f 587/1/2 581/1/2 588/1/2
f 585/1/2 586/1/2 589/1/2
f 586/3/2 587/3/2 589/3/2
f 587/3/2 588/3/2 589/3/2
f 588/1/2 581/1/2 590/1/2
f 589/3/2 588/3/2 590/3/2
f 590/1/2 581/1/2 591/1/2
f 589/1/2 590/1/2 592/1/2
f 590/3/2 591/3/2 592/3/2
f 591/1/2 581/1/2 593/1/2
f 592/3/2 591/3/2 593/3/2
f 593/1/2 581/1/2 594/1/2
f 592/1/2 593/1/2 595/1/2
f 593/3/2 594/3/2 595/3/2
f 595/3/2 594/3/2 596/3/2
f 592/1/2 595/1/2 597/1/2
f 595/1/2 596/1/2 597/1/2
f 597/1/2 596/1/2 598/1/2
f 592/1/2 597/1/2 599/1/2
f 597/3/2 598/3/2 599/3/2
f 599/3/2 598/3/2 600/3/2
f 592/1/2 599/1/2 601/1/2
f 599/1/2 600/1/2 601/1/2
f 601/1/2 600/1/2 602/1/2
f 592/1/2 601/1/2 603/1/2
f 601/2/2 602/2/2 603/2/2
f 603/2/2 602/2/2 604/2/2
f 592/1/2 603/1/2 605/1/2
f 603/1/2 604/1/2 605/1/2
f 605/1/2 604/1/2 606/1/2
f 592/1/2 605/1/2 607/1/2
f 605/3/2 606/3/2 607/3/2
f 607/3/2 606/3/2 608/3/2
f 592/1/2 607/1/2 609/1/2
f 607/2/2 608/2/2 609/2/2
f 609/2/2 608/2/2 610/2/2
f 592/1/2 609/1/2 611/1/2
f 609/3/2 610/3/2 611/3/2
f 611/3/2 610/3/2 612/3/2
f 592/1/2 611/1/2 613/1/2
f 611/1/2 612/1/2 613/1/2
f 613/1/2 612/1/2 614/1/2
f 592/1/2 613/1/2 615/1/2
f 613/2/2 614/2/2 615/2/2
f 615/2/2 614/2/2 616/2/2
f 592/1/2 615/1/2 617/1/2
f 615/1/2 616/1/2 617/1/2
f 617/1/2 616/1/2 618/1/2
f 592/1/2 617/1/2 619/1/2
f 617/3/2 618/3/2 619/3/2
f 619/3/2 618/3/2 620/3/2
f 589/1/2 592/1/2 621/1/2
f 592/1/2 619/1/2 621/1/2
f 619/1/2 620/1/2 621/1/2
f 621/1/2 620/1/2 622/1/2
f 589/1/2 621/1/2 623/1/2
f 621/3/2 622/3/2 624/3/2
f 623/1/2 621/1/2 624/1/2
f 622/1/2 620/1/2 625/1/2
f 624/3/2 622/3/2 625/3/2
f 578/1/2 582/1/2 626/1/2
f 585/1/2 589/1/2 626/1/2
f 582/1/2 585/1/2 626/1/2
f 589/1/2 623/1/2 626/1/2
f 626/1/2 623/1/2 627/1/2
f 627/1/2 623/1/2 628/1/2
f 623/3/2 624/3/2 629/3/2
f 628/1/2 623/1/2 629/1/2
f 624/1/2 625/1/2 630/1/2
f 629/3/2 624/3/2 630/3/2
f 626/3/2 627/3/2 631/3/2
f 627/1/2 628/1/2 632/1/2
f 631/3/2 627/3/2 632/3/2
f 625/1/2 620/1/2 633/1/2
f 630/1/2 625/1/2 633/1/2
f 629/1/2 630/1/2 633/1/2
f 633/1/2 620/1/2 634/1/2
f 632/1/2 628/1/2 635/1/2
f 631/1/2 632/1/2 635/1/2
f 628/3/2 629/3/2 636/3/2
f 635/1/2 628/1/2 636/1/2
f 629/1/2 633/1/2 637/1/2
f 636/3/2 629/3/2 637/3/2
f 633/3/2 634/3/2 638/3/2
f 637/1/2 633/1/2 638/1/2
f 638/3/2 634/3/2 639/3/2
f 631/1/2 635/1/2 640/1/2
f 640/1/2 635/1/2 641/1/2
f 641/1/2 635/1/2 642/1/2
f 635/3/2 636/3/2 643/3/2
f 642/1/2 635/1/2 643/1/2
f 636/1/2 637/1/2 644/1/2
f 643/3/2 636/3/2 644/3/2
f 637/1/2 638/1/2 644/1/2
f 638/1/2 639/1/2 644/1/2
f 640/3/2 641/3/2 645/3/2
f 641/1/2 642/1/2 646/1/2
f 645/3/2 641/3/2 646/3/2
f 644/1/2 639/1/2 647/1/2
f 643/1/2 644/1/2 647/1/2
f 647/1/2 639/1/2 648/1/2
f 645/1/2 646/1/2 649/1/2
f 646/1/2 642/1/2 650/1/2
f 649/1/2 646/1/2 650/1/2
f 650/1/2 642/1/2 651/1/2
f 642/3/2 643/3/2 652/3/2
f 651/1/2 642/1/2 652/1/2
f 643/1/2 647/1/2 653/1/2
f 652/3/2 643/3/2 653/3/2
f 649/3/2 650/3/2 654/3/2
f 650/1/2 651/1/2 655/1/2
f 654/3/2 650/3/2 655/3/2
f 654/1/2 655/1/2 656/1/2
f 655/1/2 651/1/2 656/1/2
f 651/3/2 652/3/2 657/3/2
f 656/1/2 651/1/2 657/1/2
f 652/1/2 653/1/2 658/1/2
f 657/3/2 652/3/2 658/3/2
f 654/1/2 656/1/2 659/1/2
f 656/3/2 657/3/2 660/3/2
f 659/1/2 656/1/2 660/1/2
f 659/3/2 660/3/2 661/3/2
f 660/3/2 657/3/2 662/3/2
f 661/3/2 660/3/2 662/3/2
f 658/1/2 653/1/2 663/1/2
f 653/1/2 647/1/2 663/1/2
f 657/1/2 658/1/2 663/1/2
f 647/3/2 648/3/2 664/3/2
f 663/1/2 647/1/2 664/1/2
f 664/3/2 648/3/2 665/3/2
f 661/1/2 662/1/2 666/1/2
f 662/3/2 657/3/2 667/3/2
f 666/1/2 662/1/2 667/1/2
f 657/1/2 663/1/2 668/1/2
f 667/3/2 657/3/2 668/3/2
f 667/1/2 668/1/2 669/1/2
f 668/1/2 663/1/2 669/1/2
f 663/3/2 664/3/2 670/3/2
f 669/1/2 663/1/2 670/1/2
f 664/1/2 665/1/2 671/1/2
f 670/3/2 664/3/2 671/3/2
f 667/1/2 669/1/2 672/1/2
f 669/3/2 670/3/2 673/3/2
f 672/1/2 669/1/2 673/1/2
f 670/1/2 671/1/2 674/1/2
f 673/3/2 670/3/2 674/3/2
f 667/1/2 672/1/2 675/1/2
f 672/3/2 673/3/2 676/3/2
f 675/1/2 672/1/2 676/1/2
f 673/1/2 674/1/2 677/1/2
f 676/3/2 673/3/2 677/3/2
f 667/1/2 675/1/2 678/1/2
f 675/3/2 676/3/2 679/3/2
f 678/1/2 675/1/2 679/1/2
f 676/1/2 677/1/2 680/1/2
f 679/3/2 676/3/2 680/3/2
f 667/1/2 678/1/2 681/1/2
f 678/3/2 679/3/2 682/3/2
f 681/1/2 678/1/2 682/1/2
f 666/3/2 667/3/2 683/3/2
f 667/1/2 681/1/2 683/1/2
f 681/3/2 682/3/2 684/3/2
f 683/1/2 681/1/2 684/1/2
f 682/3/2 679/3/2 685/3/2
f 684/3/2 682/3/2 685/3/2
f 679/1/2 680/1/2 685/1/2
f 683/3/2 684/3/2 686/3/2
f 684/1/2 685/1/2 687/1/2
f 686/3/2 684/3/2 687/3/2
f 666/3/2 683/3/2 688/3/2
f 683/3/2 686/3/2 688/3/2
f 688/3/2 686/3/2 689/3/2
f 688/1/2 689/1/2 690/1/2
f 689/3/2 686/3/2 691/3/2
f 690/1/2 689/1/2 691/1/2
f 690/4/2 691/4/2 692/4/2
f 691/3/2 686/3/2 693/3/2
f 692/4/2 691/4/2 693/4/2
f 692/1/2 693/1/2 694/1/2
f 693/3/2 686/3/2 695/3/2
f 694/1/2 693/1/2 695/1/2
f 686/1/2 687/1/2 696/1/2
f 695/3/2 686/3/2 696/3/2
f 687/1/2 685/1/2 697/1/2
f 696/1/2 687/1/2 697/1/2
f 685/1/2 680/1/2 698/1/2
f 697/1/2 685/1/2 698/1/2
f 671/1/2 665/1/2 698/1/2
f 674/1/2 671/1/2 698/1/2
f 677/1/2 674/1/2 698/1/2
f 680/1/2 677/1/2 698/1/2
f 698/1/2 665/1/2 699/1/2
f 697/1/2 698/1/2 700/1/2
f 698/3/2 699/3/2 700/3/2
f 700/3/2 699/3/2 701/3/2
f 695/1/2 696/1/2 702/1/2
f 694/3/2 695/3/2 702/3/2
f 696/3/2 697/3/2 703/3/2
f 702/1/2 696/1/2 703/1/2
f 700/1/2 701/1/2 704/1/2
f 703/3/2 697/3/2 704/3/2
f 697/1/2 700/1/2 704/1/2
f 704/1/2 701/1/2 705/1/2
f 694/3/2 702/3/2 706/3/2
f 702/3/2 703/3/2 706/3/2
f 703/1/2 704/1/2 707/1/2
f 706/3/2 703/3/2 707/3/2
f 705/1/2 701/1/2 708/1/2
f 708/1/2 701/1/2 709/1/2
f 705/1/2 708/1/2 710/1/2
f 708/2/2 709/2/2 710/2/2
f 710/2/2 709/2/2 711/2/2
f 705/1/2 710/1/2 712/1/2
f 710/1/2 711/1/2 712/1/2
f 712/1/2 711/1/2 713/1/2
f 707/1/2 704/1/2 714/1/2
f 704/3/2 705/3/2 714/3/2
f 706/1/2 707/1/2 714/1/2
f 705/1/2 712/1/2 715/1/2
f 714/3/2 705/3/2 715/3/2
f 715/1/2 712/1/2 716/1/2
f 712/2/2 713/2/2 717/2/2
f 716/1/2 712/1/2 717/1/2
f 717/2/2 713/2/2 718/2/2
f 716/1/2 717/1/2 719/1/2
f 717/1/2 718/1/2 719/1/2
f 719/1/2 718/1/2 720/1/2
f 715/3/2 716/3/2 721/3/2
f 714/1/2 715/1/2 721/1/2
f 716/1/2 719/1/2 722/1/2
f 721/3/2 716/3/2 722/3/2
f 722/1/2 719/1/2 723/1/2
f 719/4/2 720/4/2 724/4/2
f 723/1/2 719/1/2 724/1/2
f 724/4/2 720/4/2 725/4/2
f 723/1/2 724/1/2 726/1/2
f 724/2/2 725/2/2 726/2/2
f 726/2/2 725/2/2 727/2/2
f 723/1/2 726/1/2 728/1/2
f 726/1/2 727/1/2 728/1/2
f 728/1/2 727/1/2 729/1/2
f 722/3/2 723/3/2 730/3/2
f 721/1/2 722/1/2 730/1/2
f 723/1/2 728/1/2 731/1/2
f 730/3/2 723/3/2 731/3/2
f 731/1/2 728/1/2 732/1/2
f 728/4/2 729/4/2 733/4/2
f 732/1/2 728/1/2 733/1/2
f 733/4/2 729/4/2 734/4/2
f 694/3/2 706/3/2 735/3/2
f 706/1/2 714/1/2 736/1/2
f 735/3/2 706/3/2 736/3/2
f 714/1/2 721/1/2 736/1/2
f 721/1/2 730/1/2 736/1/2
f 730/1/2 731/1/2 736/1/2
f 731/3/2 732/3/2 737/3/2
f 736/1/2 731/1/2 737/1/2
f 732/1/2 733/1/2 738/1/2
f 737/3/2 732/3/2 738/3/2
f 738/1/2 733/1/2 739/1/2
f 733/3/2 734/3/2 740/3/2
f 739/1/2 733/1/2 740/1/2
f 740/3/2 734/3/2 741/3/2
f 735/1/2 736/1/2 742/1/2
f 736/1/2 737/1/2 742/1/2
f 737/1/2 738/1/2 742/1/2
f 742/1/2 738/1/2 743/1/2
f 742/4/2 743/4/2 744/4/2
f 743/1/2 738/1/2 745/1/2
f 744/4/2 743/4/2 745/4/2
f 738/3/2 739/3/2 746/3/2
f 745/1/2 738/1/2 746/1/2
f 744/1/2 745/1/2 746/1/2
f 740/1/2 741/1/2 747/1/2
f 746/3/2 739/3/2 747/3/2
f 739/1/2 740/1/2 747/1/2
f 747/1/2 741/1/2 748/1/2
f 744/1/2 746/1/2 749/1/2
f 746/1/2 747/1/2 749/1/2
f 749/1/2 747/1/2 750/1/2
f 747/3/2 748/3/2 751/3/2
f 750/1/2 747/1/2 751/1/2
f 748/1/2 741/1/2 752/1/2
f 751/3/2 748/3/2 752/3/2
f 752/1/2 741/1/2 753/1/2
f 750/1/2 751/1/2 754/1/2
f 749/3/2 750/3/2 754/3/2
f 751/1/2 752/1/2 754/1/2
f 754/1/2 752/1/2 755/1/2
f 749/3/2 754/3/2 756/3/2
f 754/3/2 755/3/2 756/3/2
f 755/1/2 752/1/2 757/1/2
f 756/3/2 755/3/2 757/3/2
f 752/3/2 753/3/2 758/3/2
f 757/1/2 752/1/2 758/1/2
f 756/1/2 757/1/2 759/1/2
f 757/3/2 758/3/2 759/3/2
f 758/3/2 753/3/2 760/3/2
f 759/3/2 758/3/2 760/3/2
f 759/1/2 760/1/2 761/1/2
f 760/3/2 753/3/2 761/3/2
f 761/3/2 753/3/2 762/3/2
f 749/3/2 756/3/2 763/3/2
f 756/1/2 759/1/2 764/1/2
f 763/3/2 756/3/2 764/3/2
f 759/1/2 761/1/2 764/1/2
f 761/1/2 762/1/2 764/1/2
f 764/1/2 762/1/2 765/1/2
f 765/1/2 762/1/2 766/1/2
f 763/1/2 764/1/2 767/1/2
f 764/1/2 765/1/2 767/1/2
f 765/3/2 766/3/2 767/3/2
f 767/3/2 766/3/2 768/3/2
f 763/1/2 767/1/2 769/1/2
f 767/1/2 768/1/2 769/1/2
f 769/1/2 768/1/2 770/1/2
f 769/3/2 770/3/2 771/3/2
f 770/1/2 768/1/2 772/1/2
f 771/3/2 770/3/2 772/3/2
f 771/1/2 772/1/2 773/1/2
f 772/1/2 768/1/2 773/1/2
f 773/1/2 768/1/2 774/1/2
f 771/1/2 773/1/2 775/1/2
f 773/3/2 774/3/2 775/3/2
f 775/3/2 774/3/2 776/3/2
f 771/1/2 775/1/2 777/1/2
f 775/1/2 776/1/2 777/1/2
f 777/1/2 776/1/2 778/1/2
f 777/4/2 778/4/2 779/4/2
f 778/1/2 776/1/2 780/1/2
f 779/4/2 778/4/2 780/4/2
f 779/1/2 780/1/2 781/1/2
f 780/1/2 776/1/2 782/1/2
f 781/1/2 780/1/2 782/1/2
f 781/4/2 782/4/2 783/4/2
f 782/1/2 776/1/2 784/1/2
f 783/4/2 782/4/2 784/4/2
f 783/1/2 784/1/2 785/1/2
f 784/1/2 776/1/2 785/1/2
f 785/1/2 776/1/2 786/1/2
f 783/1/2 785/1/2 787/1/2
f 785/3/2 786/3/2 787/3/2
f 787/3/2 786/3/2 788/3/2
f 783/1/2 787/1/2 789/1/2
f 787/1/2 788/1/2 789/1/2
f 789/1/2 788/1/2 790/1/2
f 789/3/2 790/3/2 791/3/2
f 790/1/2 788/1/2 792/1/2
f 791/3/2 790/3/2 792/3/2
f 791/1/2 792/1/2 793/1/2
f 792/1/2 788/1/2 793/1/2
f 793/1/2 788/1/2 794/1/2
f 791/1/2 793/1/2 795/1/2
f 795/1/2 793/1/2 796/1/2
f 793/3/2 794/3/2 797/3/2
f 796/1/2 793/1/2 797/1/2
f 797/3/2 794/3/2 798/3/2
f 796/1/2 797/1/2 799/1/2
f 797/1/2 798/1/2 799/1/2
f 799/1/2 798/1/2 800/1/2
f 796/1/2 799/1/2 801/1/2
f 799/3/2 800/3/2 802/3/2
f 801/1/2 799/1/2 802/1/2
f 795/3/2 796/3/2 803/3/2
f 796/1/2 801/1/2 803/1/2
f 801/3/2 802/3/2 804/3/2
f 803/1/2 801/1/2 804/1/2
f 802/3/2 800/3/2 805/3/2
f 804/3/2 802/3/2 805/3/2
f 803/3/2 804/3/2 806/3/2
f 795/3/2 803/3/2 806/3/2
f 804/1/2 805/1/2 807/1/2
f 806/3/2 804/3/2 807/3/2
f 806/1/2 807/1/2 808/1/2
f 807/1/2 805/1/2 808/1/2
f 805/3/2 800/3/2 809/3/2
f 808/1/2 805/1/2 809/1/2
f 809/3/2 800/3/2 810/3/2
f 795/3/2 806/3/2 811/3/2
f 806/1/2 808/1/2 812/1/2
f 811/3/2 806/3/2 812/3/2
f 811/1/2 812/1/2 813/1/2
f 812/1/2 808/1/2 813/1/2
f 808/3/2 809/3/2 814/3/2
f 813/1/2 808/1/2 814/1/2
f 809/1/2 810/1/2 815/1/2
f 814/3/2 809/3/2 815/3/2
f 811/1/2 813/1/2 816/1/2
f 816/1/2 813/1/2 817/1/2
f 816/4/2 817/4/2 818/4/2
f 817/1/2 813/1/2 819/1/2
f 818/4/2 817/4/2 819/4/2
f 818/1/2 819/1/2 820/1/2
f 819/1/2 813/1/2 821/1/2
f 820/1/2 819/1/2 821/1/2
f 821/1/2 813/1/2 822/1/2
f 813/3/2 814/3/2 823/3/2
f 822/1/2 813/1/2 823/1/2
f 814/1/2 815/1/2 824/1/2
f 823/3/2 814/3/2 824/3/2
f 815/1/2 810/1/2 825/1/2
f 824/1/2 815/1/2 825/1/2
f 825/1/2 810/1/2 826/1/2
f 823/1/2 824/1/2 827/1/2
f 824/1/2 825/1/2 827/1/2
f 825/3/2 826/3/2 827/3/2
f 827/3/2 826/3/2 828/3/2
f 821/1/2 822/1/2 829/1/2
f 822/3/2 823/3/2 830/3/2
f 829/1/2 822/1/2 830/1/2
f 823/1/2 827/1/2 831/1/2
f 830/3/2 823/3/2 831/3/2
f 827/4/2 828/4/2 832/4/2
f 831/1/2 827/1/2 832/1/2
f 830/1/2 831/1/2 832/1/2
f 832/4/2 828/4/2 833/4/2
f 821/1/2 829/1/2 834/1/2
f 829/3/2 830/3/2 835/3/2
f 834/1/2 829/1/2 835/1/2
f 830/1/2 832/1/2 836/1/2
f 835/3/2 830/3/2 836/3/2
f 832/1/2 833/1/2 836/1/2
f 836/1/2 833/1/2 837/1/2
f 837/1/2 833/1/2 838/1/2
f 835/1/2 836/1/2 839/1/2
f 836/1/2 837/1/2 839/1/2
f 837/4/2 838/4/2 839/4/2
f 839/4/2 838/4/2 840/4/2
f 821/1/2 834/1/2 841/1/2
f 834/3/2 835/3/2 842/3/2
f 841/1/2 834/1/2 842/1/2
f 835/1/2 839/1/2 843/1/2
f 842/3/2 835/3/2 843/3/2
f 839/1/2 840/1/2 843/1/2
f 820/3/2 821/3/2 844/3/2
f 821/1/2 841/1/2 844/1/2
f 844/1/2 841/1/2 845/1/2
f 820/3/2 844/3/2 846/3/2
f 844/3/2 845/3/2 846/3/2
f 845/1/2 841/1/2 847/1/2
f 846/3/2 845/3/2 847/3/2
f 841/3/2 842/3/2 848/3/2
f 847/1/2 841/1/2 848/1/2
f 842/1/2 843/1/2 849/1/2
f 848/3/2 842/3/2 849/3/2
f 843/1/2 840/1/2 850/1/2
f 849/1/2 843/1/2 850/1/2
f 848/1/2 849/1/2 850/1/2
f 850/1/2 840/1/2 851/1/2
f 820/3/2 846/3/2 852/3/2
f 846/1/2 847/1/2 853/1/2
f 852/3/2 846/3/2 853/3/2
f 847/3/2 848/3/2 854/3/2
f 853/1/2 847/1/2 854/1/2
f 848/1/2 850/1/2 855/1/2
f 854/3/2 848/3/2 855/3/2
f 850/3/2 851/3/2 856/3/2
f 855/1/2 850/1/2 856/1/2
f 856/3/2 851/3/2 857/3/2
f 852/1/2 853/1/2 858/1/2
f 853/3/2 854/3/2 859/3/2
f 858/1/2 853/1/2 859/1/2
f 858/4/2 859/4/2 860/4/2
f 859/3/2 854/3/2 861/3/2
f 860/4/2 859/4/2 861/4/2
f 860/1/2 861/1/2 862/1/2
f 861/3/2 854/3/2 863/3/2
f 862/1/2 861/1/2 863/1/2
f 854/1/2 855/1/2 864/1/2
f 863/3/2 854/3/2 864/3/2
f 862/3/2 863/3/2 864/3/2
f 855/1/2 856/1/2 864/1/2
f 856/1/2 857/1/2 864/1/2
f 864/1/2 857/1/2 865/1/2
f 862/3/2 864/3/2 866/3/2
f 864/3/2 865/3/2 866/3/2
f 865/1/2 857/1/2 867/1/2
f 866/3/2 865/3/2 867/3/2
f 867/1/2 857/1/2 868/1/2
f 866/1/2 867/1/2 869/1/2
f 867/3/2 868/3/2 869/3/2
f 869/3/2 868/3/2 870/3/2
f 869/1/2 870/1/2 871/1/2
f 870/3/2 868/3/2 871/3/2
f 868/1/2 857/1/2 872/1/2
f 871/3/2 868/3/2 872/3/2
f 872/1/2 857/1/2 873/1/2
f 871/1/2 872/1/2 874/1/2
f 872/3/2 873/3/2 874/3/2
f 873/1/2 857/1/2 875/1/2
f 874/3/2 873/3/2 875/3/2
f 875/1/2 857/1/2 876/1/2
f 874/1/2 875/1/2 877/1/2
f 875/3/2 876/3/2 877/3/2
f 876/1/2 857/1/2 878/1/2
f 877/3/2 876/3/2 878/3/2
f 878/1/2 857/1/2 879/1/2
f 877/1/2 878/1/2 880/1/2
f 878/3/2 879/3/2 880/3/2
f 879/1/2 857/1/2 881/1/2
f 880/3/2 879/3/2 881/3/2
f 881/1/2 857/1/2 882/1/2
f 862/3/2 866/3/2 883/3/2
f 869/1/2 871/1/2 884/1/2
f 883/3/2 866/3/2 884/3/2
f 866/1/2 869/1/2 884/1/2
f 871/1/2 874/1/2 884/1/2
f 880/1/2 881/1/2 884/1/2
f 877/1/2 880/1/2 884/1/2
f 874/1/2 877/1/2 884/1/2
f 884/1/2 881/1/2 885/1/2
f 883/1/2 884/1/2 886/1/2
f 884/3/2 885/3/2 887/3/2
f 886/1/2 884/1/2 887/1/2
f 881/3/2 882/3/2 888/3/2
f 885/1/2 881/1/2 888/1/2
f 882/1/2 857/1/2 889/1/2
f 888/3/2 882/3/2 889/3/2
f 889/1/2 857/1/2 890/1/2
f 886/3/2 887/3/2 891/3/2
f 887/3/2 885/3/2 892/3/2
f 891/3/2 887/3/2 892/3/2
f 891/1/2 892/1/2 893/1/2
f 892/3/2 885/3/2 893/3/2
f 885/1/2 888/1/2 894/1/2
f 893/3/2 885/3/2 894/3/2
f 888/1/2 889/1/2 894/1/2
f 894/1/2 889/1/2 895/1/2
f 891/1/2 893/1/2 896/1/2
f 893/1/2 894/1/2 896/1/2
f 896/1/2 894/1/2 897/1/2
f 896/3/2 897/3/2 898/3/2
f 897/1/2 894/1/2 899/1/2
f 898/3/2 897/3/2 899/3/2
f 894/3/2 895/3/2 900/3/2
f 899/1/2 894/1/2 900/1/2
f 895/1/2 889/1/2 901/1/2
f 900/3/2 895/3/2 901/3/2
f 901/1/2 889/1/2 902/1/2
f 899/1/2 900/1/2 903/1/2
f 898/1/2 899/1/2 903/1/2
f 900/1/2 901/1/2 903/1/2
f 903/1/2 901/1/2 904/1/2
f 902/1/2 889/1/2 905/1/2
f 889/3/2 890/3/2 905/3/2
f 905/3/2 890/3/2 906/3/2
f 904/1/2 901/1/2 907/1/2
f 901/3/2 902/3/2 907/3/2
f 905/1/2 906/1/2 908/1/2
f 907/3/2 902/3/2 908/3/2
f 902/1/2 905/1/2 908/1/2
f 908/1/2 906/1/2 909/1/2
f 903/3/2 904/3/2 910/3/2
f 904/1/2 907/1/2 911/1/2
f 910/3/2 904/3/2 911/3/2
f 907/1/2 908/1/2 911/1/2
f 908/3/2 909/3/2 912/3/2
f 911/1/2 908/1/2 912/1/2
f 910/1/2 911/1/2 912/1/2
f 909/1/2 906/1/2 913/1/2
f 912/3/2 909/3/2 913/3/2
f 913/1/2 906/1/2 914/1/2
f 914/1/2 906/1/2 915/1/2
f 915/1/2 906/1/2 916/1/2
f 910/1/2 912/1/2 917/1/2
f 912/1/2 913/1/2 917/1/2
f 917/1/2 913/1/2 918/1/2
f 915/3/2 916/3/2 919/3/2
f 914/1/2 915/1/2 919/1/2
f 919/3/2 916/3/2 920/3/2
f 917/3/2 918/3/2 921/3/2
f 918/1/2 913/1/2 922/1/2
f 921/3/2 918/3/2 922/3/2
f 913/3/2 914/3/2 923/3/2
f 922/1/2 913/1/2 923/1/2
f 914/1/2 919/1/2 924/1/2
f 923/3/2 914/3/2 924/3/2
f 919/1/2 920/1/2 924/1/2
f 924/1/2 920/1/2 925/1/2
f 921/1/2 922/1/2 926/1/2
f 922/1/2 923/1/2 926/1/2
f 924/3/2 925/3/2 926/3/2
f 923/1/2 924/1/2 926/1/2
f 925/1/2 920/1/2 927/1/2
f 926/3/2 925/3/2 927/3/2
f 927/1/2 920/1/2 928/1/2
f 926/1/2 927/1/2 929/1/2
f 927/3/2 928/3/2 929/3/2
f 928/1/2 920/1/2 930/1/2
f 929/3/2 928/3/2 930/3/2
f 929/1/2 930/1/2 931/1/2
f 930/1/2 920/1/2 931/1/2
f 931/1/2 920/1/2 932/1/2
f 929/1/2 931/1/2 933/1/2
f 931/3/2 932/3/2 933/3/2
f 933/3/2 932/3/2 934/3/2
f 929/1/2 933/1/2 935/1/2
f 933/1/2 934/1/2 935/1/2
f 935/1/2 934/1/2 936/1/2
f 929/1/2 935/1/2 937/1/2
f 935/3/2 936/3/2 937/3/2
f 937/3/2 936/3/2 938/3/2
f 929/1/2 937/1/2 939/1/2
f 937/1/2 938/1/2 939/1/2
f 939/1/2 938/1/2 940/1/2
f 929/1/2 939/1/2 941/1/2
f 939/3/2 940/3/2 941/3/2
f 941/3/2 940/3/2 942/3/2
f 929/1/2 941/1/2 943/1/2
f 941/1/2 942/1/2 943/1/2
f 943/1/2 942/1/2 944/1/2
f 929/1/2 943/1/2 945/1/2
f 943/3/2 944/3/2 945/3/2
f 945/3/2 944/3/2 946/3/2
f 929/1/2 945/1/2 947/1/2
f 945/1/2 946/1/2 947/1/2
f 947/1/2 946/1/2 948/1/2
f 926/1/2 929/1/2 949/1/2
f 929/1/2 947/1/2 949/1/2
f 947/3/2 948/3/2 950/3/2
f 949/1/2 947/1/2 950/1/2
f 950/3/2 948/3/2 951/3/2
f 921/1/2 926/1/2 952/1/2
f 926/1/2 949/1/2 952/1/2
f 949/3/2 950/3/2 953/3/2
f 952/1/2 949/1/2 953/1/2
f 950/1/2 951/1/2 954/1/2
f 953/3/2 950/3/2 954/3/2
f 921/1/2 952/1/2 955/1/2
f 952/3/2 953/3/2 956/3/2
f 955/1/2 952/1/2 956/1/2
f 956/3/2 953/3/2 957/3/2
f 953/1/2 954/1/2 958/1/2
f 957/3/2 953/3/2 958/3/2
f 921/1/2 955/1/2 959/1/2
f 956/3/2 957/3/2 960/3/2
f 959/1/2 955/1/2 960/1/2
f 955/3/2 956/3/2 960/3/2
f 957/1/2 958/1/2 961/1/2
f 960/3/2 957/3/2 961/3/2
f 921/1/2 959/1/2 962/1/2
f 959/3/2 960/3/2 963/3/2
f 962/1/2 959/1/2 963/1/2
f 960/1/2 961/1/2 964/1/2
f 963/3/2 960/3/2 964/3/2
f 958/1/2 954/1/2 965/1/2
f 964/1/2 961/1/2 965/1/2
f 954/1/2 951/1/2 965/1/2
f 961/1/2 958/1/2 965/1/2
f 1046/1/3 967/1/3 966/1/3
f 1046/3/3 968/3/3 967/3/3
f 1047/1/3 969/1/3 968/1/3
f 1047/3/3 968/3/3 1046/3/3
f 1048/2/3 970/2/3 969/2/3
f 1048/1/3 969/1/3 1047/1/3
f 1049/1/3 971/1/3 970/1/3
f 1049/2/3 970/2/3 1048/2/3
f 1050/2/3 972/2/3 971/2/3
f 1050/1/3 971/1/3 1049/1/3
f 1051/3/3 973/3/3 972/3/3
f 1051/2/3 972/2/3 1050/2/3
f 1052/1/3 974/1/3 973/1/3
f 1052/3/3 973/3/3 1051/3/3
f 1053/2/3 975/2/3 974/2/3
f 1053/1/3 974/1/3 1052/1/3
f 1054/1/3 976/1/3 975/1/3
f 1054/2/3 975/2/3 1053/2/3
f 1055/2/3 977/2/3 976/2/3
f 1055/1/3 976/1/3 1054/1/3
f 1056/1/3 978/1/3 977/1/3
f 1056/2/3 977/2/3 1055/2/3
f 1057/3/3 979/3/3 978/3/3
f 1057/1/3 978/1/3 1056/1/3
f 1058/1/3 980/1/3 979/1/3
f 1058/3/3 979/3/3 1057/3/3
f 1059/3/3 981/3/3 980/3/3
f 1059/1/3 980/1/3 1058/1/3
f 1060/1/3 982/1/3 981/1/3
f 1060/3/3 981/3/3 1059/3/3
f 1061/1/3 982/1/3 1060/1/3
f 1062/1/3 984/1/3 983/1/3
f 1062/3/3 985/3/3 984/3/3
f 1063/3/3 985/3/3 1062/3/3
f 1064/1/3 986/1/3 985/1/3
f 1064/3/3 985/3/3 1063/3/3
f 1065/1/3 986/1/3 1064/1/3
f 1066/1/3 986/1/3 1065/1/3
f 1067/3/3 987/3/3 986/3/3
f 1067/1/3 986/1/3 1066/1/3
f 1068/1/3 988/1/3 987/1/3
f 1068/3/3 987/3/3 1067/3/3
f 1069/1/3 988/1/3 1068/1/3
f 1070/1/3 991/1/3 990/1/3
f 1070/4/3 992/4/3 991/4/3
f 1071/1/3 993/1/3 992/1/3
f 1071/4/3 992/4/3 1070/4/3
f 1072/2/3 994/2/3 993/2/3
f 1072/1/3 993/1/3 1071/1/3
f 1073/1/3 995/1/3 994/1/3
f 1073/2/3 994/2/3 1072/2/3
f 1074/3/3 996/3/3 995/3/3
f 1074/1/3 995/1/3 1073/1/3
f 1075/2/3 997/2/3 996/2/3
f 1075/3/3 996/3/3 1074/3/3
f 1076/1/3 998/1/3 997/1/3
f 1076/2/3 997/2/3 1075/2/3
f 1077/2/3 999/2/3 998/2/3
f 1077/1/3 998/1/3 1076/1/3
f 1078/1/3 1000/1/3 999/1/3
f 1078/2/3 999/2/3 1077/2/3
f 1079/2/3 1001/2/3 1000/2/3
f 1079/1/3 1000/1/3 1078/1/3
f 1080/1/3 1002/1/3 1001/1/3
f 1080/2/3 1001/2/3 1079/2/3
f 1081/1/3 1002/1/3 1080/1/3
f 1082/4/3 1003/4/3 1002/4/3
f 1082/1/3 1002/1/3 1081/1/3
f 1083/1/3 1004/1/3 1003/1/3
f 1083/4/3 1003/4/3 1082/4/3
f 1084/3/3 1005/3/3 1004/3/3
f 1084/1/3 1004/1/3 1083/1/3
f 1085/1/3 1006/1/3 1005/1/3
f 1085/3/3 1005/3/3 1084/3/3
f 1086/1/3 1006/1/3 1085/1/3
f 1087/4/3 1007/4/3 1006/4/3
f 1087/1/3 1006/1/3 1086/1/3
f 1088/1/3 1008/1/3 1007/1/3
f 1088/4/3 1007/4/3 1087/4/3
f 1089/3/3 1009/3/3 1008/3/3
f 1089/1/3 1008/1/3 1088/1/3
f 1090/1/3 1010/1/3 1009/1/3
f 1090/3/3 1009/3/3 1089/3/3
f 1091/1/3 1010/1/3 1090/1/3
f 1092/3/3 1011/3/3 1010/3/3
f 1092/1/3 1010/1/3 1091/1/3
f 1093/1/3 1012/1/3 1011/1/3
f 1093/3/3 1011/3/3 1092/3/3
f 1094/1/3 1012/1/3 1093/1/3
f 1095/1/3 1012/1/3 1094/1/3
f 1096/3/3 1013/3/3 1012/3/3
f 1096/1/3 1012/1/3 1095/1/3
f 1097/1/3 1014/1/3 1013/1/3
f 1097/3/3 1013/3/3 1096/3/3
f 1098/1/3 1014/1/3 1097/1/3
f 1099/3/3 1015/3/3 1014/3/3
f 1099/1/3 1014/1/3 1098/1/3
f 1100/1/3 1016/1/3 1015/1/3
f 1100/3/3 1015/3/3 1099/3/3
f 1101/4/3 1017/4/3 1016/4/3
f 1101/1/3 1016/1/3 1100/1/3
f 1102/1/3 1018/1/3 1017/1/3
f 1102/4/3 1017/4/3 1101/4/3
f 1103/1/3 1018/1/3 1102/1/3
f 1104/3/3 1019/3/3 1018/3/3
f 1104/1/3 1018/1/3 1103/1/3
f 1105/1/3 1020/1/3 1019/1/3
f 1105/3/3 1019/3/3 1104/3/3
f 1106/4/3 1021/4/3 1020/4/3
f 1106/1/3 1020/1/3 1105/1/3
f 1107/1/3 1022/1/3 1021/1/3
f 1107/4/3 1021/4/3 1106/4/3
f 1108/1/3 1022/1/3 1107/1/3
f 1109/3/3 1023/3/3 1022/3/3
f 1109/1/3 1022/1/3 1108/1/3
f 1110/1/3 1024/1/3 1023/1/3
f 1110/3/3 1023/3/3 1109/3/3
f 1111/4/3 1025/4/3 1024/4/3
f 1111/1/3 1024/1/3 1110/1/3
f 1112/1/3 1026/1/3 1025/1/3
f 1112/4/3 1025/4/3 1111/4/3
f 1113/1/3 1029/1/3 1028/1/3
f 1114/3/3 1030/3/3 1029/3/3
f 1114/1/3 1029/1/3 1113/1/3
f 1115/1/3 1031/1/3 1030/1/3
f 1115/3/3 1030/3/3 1114/3/3
f 1116/1/3 1031/1/3 1115/1/3
f 1117/1/3 1031/1/3 1116/1/3
f 1118/3/3 1032/3/3 1031/3/3
f 1118/1/3 1031/1/3 1117/1/3
f 1119/3/3 1032/3/3 1118/3/3
f 1120/1/3 1033/1/3 1032/1/3
f 1120/3/3 1032/3/3 1119/3/3
f 1121/2/3 1034/2/3 1033/2/3
f 1121/1/3 1033/1/3 1120/1/3
f 1122/1/3 1035/1/3 1034/1/3
f 1122/2/3 1034/2/3 1121/2/3
f 1123/1/3 1037/1/3 1036/1/3
f 1124/3/3 1038/3/3 1037/3/3
f 1124/1/3 1037/1/3 1123/1/3
f 1125/1/3 1039/1/3 1038/1/3
f 1125/3/3 1038/3/3 1124/3/3
f 1126/3/3 1040/3/3 1039/3/3
f 1126/1/3 1039/1/3 1125/1/3
f 1127/1/3 1041/1/3 1040/1/3
f 1127/3/3 1040/3/3 1126/3/3
f 1128/3/3 1042/3/3 1041/3/3
f 1128/1/3 1041/1/3 1127/1/3
f 1129/1/3 1043/1/3 1042/1/3
f 1129/3/3 1042/3/3 1128/3/3
f 1130/3/3 1044/3/3 1043/3/3
f 1130/1/3 1043/1/3 1129/1/3
f 1131/1/3 1045/1/3 1044/1/3
f 1131/3/3 1044/3/3 1130/3/3
f 1132/1/3 1047/1/3 1046/1/3
f 1132/1/3 1048/1/3 1047/1/3
f 1132/1/3 1049/1/3 1048/1/3
f 1132/1/3 1050/1/3 1049/1/3
f 1132/1/3 1051/1/3 1050/1/3
f 1132/1/3 1052/1/3 1051/1/3
f 1132/1/3 1053/1/3 1052/1/3
f 1132/1/3 1054/1/3 1053/1/3
f 1132/1/3 1055/1/3 1054/1/3
f 1132/1/3 1056/1/3 1055/1/3
f 1132/1/3 1057/1/3 1056/1/3
f 1132/1/3 1058/1/3 1057/1/3
f 1132/3/3 1059/3/3 1058/3/3
f 1132/3/3 1061/3/3 1060/3/3
f 1132/3/3 1060/3/3 1059/3/3
f 1133/3/3 1061/3/3 1132/3/3
f 1134/1/3 982/1/3 1061/1/3
f 1135/3/3 983/3/3 982/3/3
f 1135/1/3 982/1/3 1134/1/3
f 1136/1/3 1063/1/3 1062/1/3
f 1136/3/3 983/3/3 1135/3/3
f 1136/1/3 1062/1/3 983/1/3
f 1137/1/3 1063/1/3 1136/1/3
f 1138/3/3 1064/3/3 1063/3/3
f 1138/1/3 1063/1/3 1137/1/3
f 1138/3/3 1065/3/3 1064/3/3
f 1139/1/3 1066/1/3 1065/1/3
f 1139/3/3 1065/3/3 1138/3/3
f 1140/3/3 1067/3/3 1066/3/3
f 1140/1/3 1066/1/3 1139/1/3
f 1141/1/3 1068/1/3 1067/1/3
f 1141/3/3 1067/3/3 1140/3/3
f 1142/1/3 988/1/3 1069/1/3
f 1142/3/3 1069/3/3 1068/3/3
f 1143/3/3 989/3/3 988/3/3
f 1143/1/3 988/1/3 1142/1/3
f 1144/4/3 990/4/3 989/4/3
f 1144/3/3 989/3/3 1143/3/3
f 1145/1/3 1070/1/3 990/1/3
f 1145/4/3 990/4/3 1144/4/3
f 1145/1/3 1071/1/3 1070/1/3
f 1145/1/3 1072/1/3 1071/1/3
f 1145/1/3 1073/1/3 1072/1/3
f 1145/1/3 1074/1/3 1073/1/3
f 1145/1/3 1075/1/3 1074/1/3
f 1145/1/3 1076/1/3 1075/1/3
f 1145/1/3 1080/1/3 1079/1/3
f 1145/1/3 1077/1/3 1076/1/3
f 1145/1/3 1078/1/3 1077/1/3
f 1145/1/3 1079/1/3 1078/1/3
f 1145/1/3 1081/1/3 1080/1/3
f 1146/1/3 1081/1/3 1145/1/3
f 1147/1/3 1081/1/3 1146/1/3
f 1148/4/3 1082/4/3 1081/4/3
f 1148/1/3 1081/1/3 1147/1/3
f 1149/1/3 1085/1/3 1084/1/3
f 1149/4/3 1082/4/3 1148/4/3
f 1149/1/3 1083/1/3 1082/1/3
f 1149/1/3 1084/1/3 1083/1/3
f 1149/1/3 1086/1/3 1085/1/3
f 1150/1/3 1086/1/3 1149/1/3
f 1151/4/3 1087/4/3 1086/4/3
f 1151/1/3 1086/1/3 1150/1/3
f 1152/1/3 1088/1/3 1087/1/3
f 1152/4/3 1087/4/3 1151/4/3
f 1153/4/3 1089/4/3 1088/4/3
f 1153/1/3 1088/1/3 1152/1/3
f 1154/1/3 1090/1/3 1089/1/3
f 1154/4/3 1089/4/3 1153/4/3
f 1154/1/3 1091/1/3 1090/1/3
f 1155/1/3 1091/1/3 1154/1/3
f 1156/3/3 1094/3/3 1093/3/3
f 1156/3/3 1093/3/3 1092/3/3
f 1156/3/3 1092/3/3 1091/3/3
f 1157/1/3 1095/1/3 1094/1/3
f 1157/3/3 1094/3/3 1156/3/3
f 1158/1/3 1095/1/3 1157/1/3
f 1159/1/3 1095/1/3 1158/1/3
f 1160/3/3 1097/3/3 1096/3/3
f 1160/1/3 1095/1/3 1159/1/3
f 1160/3/3 1096/3/3 1095/3/3
f 1160/3/3 1098/3/3 1097/3/3
f 1161/3/3 1098/3/3 1160/3/3
f 1162/1/3 1099/1/3 1098/1/3
f 1162/1/3 1100/1/3 1099/1/3
f 1163/4/3 1101/4/3 1100/4/3
f 1163/1/3 1100/1/3 1162/1/3
f 1164/1/3 1102/1/3 1101/1/3
f 1164/4/3 1101/4/3 1163/4/3
f 1165/4/3 1103/4/3 1102/4/3
f 1165/1/3 1102/1/3 1164/1/3
f 1166/1/3 1107/1/3 1106/1/3
f 1166/4/3 1103/4/3 1165/4/3
f 1166/1/3 1104/1/3 1103/1/3
f 1166/1/3 1105/1/3 1104/1/3
f 1166/1/3 1106/1/3 1105/1/3
f 1167/1/3 1107/1/3 1166/1/3
f 1168/4/3 1108/4/3 1107/4/3
f 1168/1/3 1107/1/3 1167/1/3
f 1169/1/3 1112/1/3 1111/1/3
f 1169/4/3 1108/4/3 1168/4/3
f 1169/1/3 1109/1/3 1108/1/3
f 1169/1/3 1110/1/3 1109/1/3
f 1169/1/3 1111/1/3 1110/1/3
f 1170/1/3 1112/1/3 1169/1/3
f 1171/1/3 1026/1/3 1112/1/3
f 1171/1/3 1112/1/3 1170/1/3
f 1172/4/3 1027/4/3 1026/4/3
f 1172/1/3 1026/1/3 1171/1/3
f 1173/3/3 1028/3/3 1027/3/3
f 1173/4/3 1027/4/3 1172/4/3
f 1174/1/3 1113/1/3 1028/1/3
f 1174/3/3 1028/3/3 1173/3/3
f 1175/3/3 1114/3/3 1113/3/3
f 1175/1/3 1113/1/3 1174/1/3
f 1176/3/3 1116/3/3 1115/3/3
f 1176/1/3 1115/1/3 1114/1/3
f 1177/1/3 1117/1/3 1116/1/3
f 1177/3/3 1116/3/3 1176/3/3
f 1178/3/3 1118/3/3 1117/3/3
f 1178/1/3 1117/1/3 1177/1/3
f 1178/3/3 1119/3/3 1118/3/3
f 1179/1/3 1122/1/3 1121/1/3
f 1179/3/3 1119/3/3 1178/3/3
f 1179/1/3 1121/1/3 1120/1/3
f 1179/1/3 1120/1/3 1119/1/3
f 1180/1/3 1122/1/3 1179/1/3
f 1181/1/3 1035/1/3 1122/1/3
f 1181/1/3 1122/1/3 1180/1/3
f 1181/3/3 1036/3/3 1035/3/3
f 1182/1/3 1123/1/3 1036/1/3
f 1182/3/3 1036/3/3 1181/3/3
f 1183/1/3 1123/1/3 1182/1/3
f 1184/3/3 1126/3/3 1125/3/3
f 1184/3/3 1125/3/3 1124/3/3
f 1184/3/3 1124/3/3 1123/3/3
f 1185/1/3 1130/1/3 1129/1/3
f 1185/3/3 1126/3/3 1184/3/3
f 1185/1/3 1129/1/3 1128/1/3
f 1185/1/3 1131/1/3 1130/1/3
f 1185/1/3 1128/1/3 1127/1/3
f 1185/1/3 1127/1/3 1126/1/3
f 1186/3/3 1061/3/3 1133/3/3
f 1186/1/3 1133/1/3 1132/1/3
f 1187/1/3 1134/1/3 1061/1/3
f 1187/3/3 1061/3/3 1186/3/3
f 1188/1/3 1134/1/3 1187/1/3
f 1189/1/3 1136/1/3 1135/1/3
f 1189/1/3 1137/1/3 1136/1/3
f 1190/3/3 1138/3/3 1137/3/3
f 1190/1/3 1137/1/3 1189/1/3
f 1191/1/3 1139/1/3 1138/1/3
f 1191/3/3 1138/3/3 1190/3/3
f 1192/3/3 1140/3/3 1139/3/3
f 1192/1/3 1139/1/3 1191/1/3
f 1193/3/3 1140/3/3 1192/3/3
f 1194/1/3 1141/1/3 1140/1/3
f 1194/3/3 1140/3/3 1193/3/3
f 1195/3/3 1142/3/3 1068/3/3
f 1195/1/3 1141/1/3 1194/1/3
f 1195/3/3 1143/3/3 1142/3/3
f 1195/1/3 1068/1/3 1141/1/3
f 1196/1/3 1147/1/3 1146/1/3
f 1197/4/3 1148/4/3 1147/4/3
f 1197/1/3 1147/1/3 1196/1/3
f 1198/1/3 1150/1/3 1149/1/3
f 1198/4/3 1148/4/3 1197/4/3
f 1198/1/3 1149/1/3 1148/1/3
f 1199/1/3 1150/1/3 1198/1/3
f 1200/4/3 1151/4/3 1150/4/3
f 1200/1/3 1150/1/3 1199/1/3
f 1201/1/3 1153/1/3 1152/1/3
f 1201/4/3 1151/4/3 1200/4/3
f 1201/1/3 1152/1/3 1151/1/3
f 1201/1/3 1154/1/3 1153/1/3
f 1202/4/3 1155/4/3 1154/4/3
f 1202/1/3 1154/1/3 1201/1/3
f 1203/1/3 1091/1/3 1155/1/3
f 1203/4/3 1155/4/3 1202/4/3
f 1204/3/3 1156/3/3 1091/3/3
f 1204/1/3 1091/1/3 1203/1/3
f 1205/1/3 1157/1/3 1156/1/3
f 1205/3/3 1156/3/3 1204/3/3
f 1206/3/3 1158/3/3 1157/3/3
f 1206/1/3 1157/1/3 1205/1/3
f 1207/1/3 1159/1/3 1158/1/3
f 1207/3/3 1158/3/3 1206/3/3
f 1208/1/3 1159/1/3 1207/1/3
f 1209/1/3 1159/1/3 1208/1/3
f 1210/3/3 1160/3/3 1159/3/3
f 1210/1/3 1159/1/3 1209/1/3
f 1211/1/3 1161/1/3 1160/1/3
f 1211/3/3 1160/3/3 1210/3/3
f 1212/3/3 1098/3/3 1161/3/3
f 1212/1/3 1161/1/3 1211/1/3
f 1213/1/3 1162/1/3 1098/1/3
f 1213/3/3 1098/3/3 1212/3/3
f 1214/4/3 1163/4/3 1162/4/3
f 1214/1/3 1162/1/3 1213/1/3
f 1215/1/3 1165/1/3 1164/1/3
f 1215/4/3 1163/4/3 1214/4/3
f 1215/1/3 1164/1/3 1163/1/3
f 1215/1/3 1166/1/3 1165/1/3
f 1216/4/3 1167/4/3 1166/4/3
f 1216/1/3 1166/1/3 1215/1/3
f 1217/1/3 1168/1/3 1167/1/3
f 1217/4/3 1167/4/3 1216/4/3
f 1217/1/3 1169/1/3 1168/1/3
f 1218/1/3 1169/1/3 1217/1/3
f 1219/4/3 1170/4/3 1169/4/3
f 1219/1/3 1169/1/3 1218/1/3
f 1220/1/3 1171/1/3 1170/1/3
f 1220/4/3 1170/4/3 1219/4/3
f 1221/1/3 1171/1/3 1220/1/3
f 1222/1/3 1177/1/3 1176/1/3
f 1222/3/3 1114/3/3 1175/3/3
f 1222/3/3 1175/3/3 1174/3/3
f 1222/1/3 1176/1/3 1114/1/3
f 1223/3/3 1178/3/3 1177/3/3
f 1223/1/3 1177/1/3 1222/1/3
f 1224/3/3 1178/3/3 1223/3/3
f 1225/1/3 1179/1/3 1178/1/3
f 1225/3/3 1178/3/3 1224/3/3
f 1226/3/3 1180/3/3 1179/3/3
f 1226/1/3 1179/1/3 1225/1/3
f 1227/1/3 1182/1/3 1181/1/3
f 1227/3/3 1180/3/3 1226/3/3
f 1227/1/3 1181/1/3 1180/1/3
f 1228/1/3 1182/1/3 1227/1/3
f 1229/1/3 1123/1/3 1183/1/3
f 1230/3/3 1184/3/3 1123/3/3
f 1230/1/3 1123/1/3 1229/1/3
f 1231/1/3 1185/1/3 1184/1/3
f 1231/3/3 1184/3/3 1230/3/3
f 1232/1/3 1187/1/3 1186/1/3
f 1232/3/3 1188/3/3 1187/3/3
f 1233/1/3 1134/1/3 1188/1/3
f 1233/3/3 1188/3/3 1232/3/3
f 1234/1/3 1134/1/3 1233/1/3
f 1235/1/3 1134/1/3 1234/1/3
f 1236/3/3 1135/3/3 1134/3/3
f 1236/1/3 1134/1/3 1235/1/3
f 1237/1/3 1189/1/3 1135/1/3
f 1237/3/3 1135/3/3 1236/3/3
f 1238/1/3 1189/1/3 1237/1/3
f 1239/1/3 1189/1/3 1238/1/3
f 1240/1/3 1189/1/3 1239/1/3
f 1241/3/3 1190/3/3 1189/3/3
f 1241/1/3 1189/1/3 1240/1/3
f 1242/1/3 1192/1/3 1191/1/3
f 1242/3/3 1190/3/3 1241/3/3
f 1242/1/3 1193/1/3 1192/1/3
f 1242/1/3 1191/1/3 1190/1/3
f 1243/1/3 1193/1/3 1242/1/3
f 1244/3/3 1194/3/3 1193/3/3
f 1244/1/3 1193/1/3 1243/1/3
f 1244/3/3 1195/3/3 1194/3/3
f 1245/3/3 1143/3/3 1195/3/3
f 1245/3/3 1195/3/3 1244/3/3
f 1246/1/3 1196/1/3 1146/1/3
f 1246/4/3 1197/4/3 1196/4/3
f 1247/1/3 1199/1/3 1198/1/3
f 1247/4/3 1197/4/3 1246/4/3
f 1247/1/3 1198/1/3 1197/1/3
f 1248/1/3 1199/1/3 1247/1/3
f 1249/4/3 1200/4/3 1199/4/3
f 1249/1/3 1199/1/3 1248/1/3
f 1250/1/3 1202/1/3 1201/1/3
f 1250/4/3 1200/4/3 1249/4/3
f 1250/1/3 1201/1/3 1200/1/3
f 1250/1/3 1203/1/3 1202/1/3
f 1251/1/3 1203/1/3 1250/1/3
f 1252/4/3 1204/4/3 1203/4/3
f 1252/1/3 1203/1/3 1251/1/3
f 1253/1/3 1206/1/3 1205/1/3
f 1253/4/3 1204/4/3 1252/4/3
f 1253/1/3 1205/1/3 1204/1/3
f 1253/1/3 1207/1/3 1206/1/3
f 1254/1/3 1207/1/3 1253/1/3
f 1255/3/3 1208/3/3 1207/3/3
f 1255/1/3 1207/1/3 1254/1/3
f 1256/1/3 1209/1/3 1208/1/3
f 1256/3/3 1208/3/3 1255/3/3
f 1257/3/3 1210/3/3 1209/3/3
f 1257/1/3 1209/1/3 1256/1/3
f 1258/1/3 1213/1/3 1212/1/3
f 1258/3/3 1210/3/3 1257/3/3
f 1258/1/3 1211/1/3 1210/1/3
f 1258/1/3 1212/1/3 1211/1/3
f 1259/1/3 1213/1/3 1258/1/3
f 1260/4/3 1214/4/3 1213/4/3
f 1260/1/3 1213/1/3 1259/1/3
f 1261/1/3 1216/1/3 1215/1/3
f 1261/4/3 1214/4/3 1260/4/3
f 1261/1/3 1215/1/3 1214/1/3
f 1261/1/3 1217/1/3 1216/1/3
f 1262/1/3 1217/1/3 1261/1/3
f 1263/4/3 1218/4/3 1217/4/3
f 1263/1/3 1217/1/3 1262/1/3
f 1264/1/3 1220/1/3 1219/1/3
f 1264/4/3 1218/4/3 1263/4/3
f 1264/1/3 1219/1/3 1218/1/3
f 1265/1/3 1220/1/3 1264/1/3
f 1266/4/3 1221/4/3 1220/4/3
f 1266/1/3 1220/1/3 1265/1/3
f 1267/1/3 1171/1/3 1221/1/3
f 1267/4/3 1221/4/3 1266/4/3
f 1268/3/3 1222/3/3 1174/3/3
f 1268/3/3 1223/3/3 1222/3/3
f 1268/3/3 1224/3/3 1223/3/3
f 1269/1/3 1226/1/3 1225/1/3
f 1269/3/3 1224/3/3 1268/3/3
f 1269/1/3 1225/1/3 1224/1/3
f 1269/1/3 1227/1/3 1226/1/3
f 1270/1/3 1227/1/3 1269/1/3
f 1271/3/3 1228/3/3 1227/3/3
f 1271/1/3 1227/1/3 1270/1/3
f 1272/1/3 1182/1/3 1228/1/3
f 1272/3/3 1228/3/3 1271/3/3
f 1273/1/3 1182/1/3 1272/1/3
f 1274/1/3 1182/1/3 1273/1/3
f 1275/1/3 1182/1/3 1274/1/3
f 1276/3/3 1183/3/3 1182/3/3
f 1276/1/3 1182/1/3 1275/1/3
f 1277/1/3 1229/1/3 1183/1/3
f 1277/3/3 1183/3/3 1276/3/3
f 1278/1/3 1229/1/3 1277/1/3
f 1279/1/3 1229/1/3 1278/1/3
f 1280/3/3 1230/3/3 1229/3/3
f 1280/1/3 1229/1/3 1279/1/3
f 1281/1/3 1231/1/3 1230/1/3
f 1281/3/3 1230/3/3 1280/3/3
f 1282/3/3 1234/3/3 1233/3/3
f 1282/1/3 1233/1/3 1232/1/3
f 1283/1/3 1235/1/3 1234/1/3
f 1283/3/3 1234/3/3 1282/3/3
f 1284/1/3 1235/1/3 1283/1/3
f 1285/4/3 1239/4/3 1238/4/3
f 1285/1/3 1238/1/3 1237/1/3
f 1285/1/3 1237/1/3 1236/1/3
f 1286/1/3 1240/1/3 1239/1/3
f 1286/4/3 1239/4/3 1285/4/3
f 1287/1/3 1243/1/3 1242/1/3
f 1287/1/3 1242/1/3 1241/1/3
f 1288/3/3 1244/3/3 1243/3/3
f 1288/1/3 1243/1/3 1287/1/3
f 1289/1/3 1245/1/3 1244/1/3
f 1289/3/3 1244/3/3 1288/3/3
f 1290/3/3 1143/3/3 1245/3/3
f 1290/1/3 1144/1/3 1143/1/3
f 1290/1/3 1145/1/3 1144/1/3
f 1291/4/3 1146/4/3 1145/4/3
f 1291/1/3 1145/1/3 1290/1/3
f 1292/1/3 1247/1/3 1246/1/3
f 1292/4/3 1146/4/3 1291/4/3
f 1292/1/3 1248/1/3 1247/1/3
f 1292/1/3 1246/1/3 1146/1/3
f 1293/1/3 1248/1/3 1292/1/3
f 1294/1/3 1248/1/3 1293/1/3
f 1295/4/3 1249/4/3 1248/4/3
f 1295/1/3 1248/1/3 1294/1/3
f 1296/1/3 1250/1/3 1249/1/3
f 1296/4/3 1249/4/3 1295/4/3
f 1296/1/3 1251/1/3 1250/1/3
f 1297/1/3 1253/1/3 1252/1/3
f 1297/4/3 1254/4/3 1253/4/3
f 1298/1/3 1256/1/3 1255/1/3
f 1298/4/3 1254/4/3 1297/4/3
f 1298/1/3 1255/1/3 1254/1/3
f 1299/1/3 1256/1/3 1298/1/3
f 1300/1/3 1256/1/3 1299/1/3
f 1301/3/3 1257/3/3 1256/3/3
f 1301/1/3 1256/1/3 1300/1/3
f 1302/1/3 1259/1/3 1258/1/3
f 1302/3/3 1257/3/3 1301/3/3
f 1302/1/3 1258/1/3 1257/1/3
f 1303/1/3 1259/1/3 1302/1/3
f 1304/1/3 1259/1/3 1303/1/3
f 1305/4/3 1260/4/3 1259/4/3
f 1305/1/3 1259/1/3 1304/1/3
f 1306/1/3 1261/1/3 1260/1/3
f 1306/4/3 1260/4/3 1305/4/3
f 1307/4/3 1265/4/3 1264/4/3
f 1307/1/3 1263/1/3 1262/1/3
f 1307/1/3 1264/1/3 1263/1/3
f 1308/1/3 1266/1/3 1265/1/3
f 1308/4/3 1265/4/3 1307/4/3
f 1308/1/3 1267/1/3 1266/1/3
f 1309/1/3 1267/1/3 1308/1/3
f 1310/1/3 1171/1/3 1267/1/3
f 1310/1/3 1267/1/3 1309/1/3
f 1311/4/3 1172/4/3 1171/4/3
f 1311/1/3 1171/1/3 1310/1/3
f 1312/1/3 1174/1/3 1173/1/3
f 1312/4/3 1172/4/3 1311/4/3
f 1312/1/3 1173/1/3 1172/1/3
f 1313/3/3 1268/3/3 1174/3/3
f 1313/1/3 1174/1/3 1312/1/3
f 1314/3/3 1270/3/3 1269/3/3
f 1314/1/3 1269/1/3 1268/1/3
f 1315/1/3 1271/1/3 1270/1/3
f 1315/3/3 1270/3/3 1314/3/3
f 1315/1/3 1272/1/3 1271/1/3
f 1316/1/3 1272/1/3 1315/1/3
f 1317/4/3 1275/4/3 1274/4/3
f 1317/1/3 1274/1/3 1273/1/3
f 1318/1/3 1276/1/3 1275/1/3
f 1318/4/3 1275/4/3 1317/4/3
f 1318/1/3 1277/1/3 1276/1/3
f 1319/1/3 1279/1/3 1278/1/3
f 1320/3/3 1280/3/3 1279/3/3
f 1320/1/3 1279/1/3 1319/1/3
f 1321/1/3 1281/1/3 1280/1/3
f 1321/3/3 1280/3/3 1320/3/3
f 1322/3/3 1284/3/3 1283/3/3
f 1322/1/3 1283/1/3 1282/1/3
f 1323/1/3 1235/1/3 1284/1/3
f 1323/3/3 1284/3/3 1322/3/3
f 1324/1/3 1235/1/3 1323/1/3
f 1325/1/3 1240/1/3 1286/1/3
f 1325/1/3 1286/1/3 1285/1/3
f 1326/3/3 1241/3/3 1240/3/3
f 1326/1/3 1240/1/3 1325/1/3
f 1327/1/3 1287/1/3 1241/1/3
f 1327/3/3 1241/3/3 1326/3/3
f 1328/1/3 1287/1/3 1327/1/3
f 1329/3/3 1288/3/3 1287/3/3
f 1329/1/3 1287/1/3 1328/1/3
f 1330/1/3 1289/1/3 1288/1/3
f 1330/3/3 1288/3/3 1329/3/3
f 1331/1/3 1245/1/3 1289/1/3
f 1331/1/3 1289/1/3 1330/1/3
f 1332/3/3 1291/3/3 1290/3/3
f 1332/1/3 1245/1/3 1331/1/3
f 1332/3/3 1290/3/3 1245/3/3
f 1333/3/3 1291/3/3 1332/3/3
f 1334/3/3 1291/3/3 1333/3/3
f 1335/1/3 1292/1/3 1291/1/3
f 1335/3/3 1291/3/3 1334/3/3
f 1336/4/3 1293/4/3 1292/4/3
f 1336/1/3 1292/1/3 1335/1/3
f 1337/1/3 1294/1/3 1293/1/3
f 1338/4/3 1295/4/3 1294/4/3
f 1338/1/3 1294/1/3 1337/1/3
f 1339/1/3 1296/1/3 1295/1/3
f 1339/4/3 1295/4/3 1338/4/3
f 1340/1/3 1251/1/3 1296/1/3
f 1340/1/3 1296/1/3 1339/1/3
f 1341/1/3 1251/1/3 1340/1/3
f 1342/3/3 1252/3/3 1251/3/3
f 1342/1/3 1251/1/3 1341/1/3
f 1343/1/3 1297/1/3 1252/1/3
f 1343/3/3 1252/3/3 1342/3/3
f 1343/1/3 1298/1/3 1297/1/3
f 1344/4/3 1299/4/3 1298/4/3
f 1344/1/3 1298/1/3 1343/1/3
f 1345/1/3 1300/1/3 1299/1/3
f 1345/4/3 1299/4/3 1344/4/3
f 1346/1/3 1300/1/3 1345/1/3
f 1347/1/3 1300/1/3 1346/1/3
f 1348/3/3 1301/3/3 1300/3/3
f 1348/1/3 1300/1/3 1347/1/3
f 1348/3/3 1302/3/3 1301/3/3
f 1348/3/3 1303/3/3 1302/3/3
f 1349/1/3 1304/1/3 1303/1/3
f 1349/3/3 1303/3/3 1348/3/3
f 1350/1/3 1304/1/3 1349/1/3
f 1351/1/3 1304/1/3 1350/1/3
f 1352/4/3 1305/4/3 1304/4/3
f 1352/1/3 1304/1/3 1351/1/3
f 1353/1/3 1306/1/3 1305/1/3
f 1353/4/3 1305/4/3 1352/4/3
f 1354/1/3 1261/1/3 1306/1/3
f 1354/1/3 1306/1/3 1353/1/3
f 1354/3/3 1262/3/3 1261/3/3
f 1355/1/3 1308/1/3 1307/1/3
f 1355/3/3 1262/3/3 1354/3/3
f 1355/1/3 1307/1/3 1262/1/3
f 1356/1/3 1308/1/3 1355/1/3
f 1357/1/3 1308/1/3 1356/1/3
f 1358/4/3 1309/4/3 1308/4/3
f 1358/1/3 1308/1/3 1357/1/3
f 1359/1/3 1310/1/3 1309/1/3
f 1359/4/3 1309/4/3 1358/4/3
f 1360/1/3 1310/1/3 1359/1/3
f 1361/4/3 1311/4/3 1310/4/3
f 1361/1/3 1312/1/3 1311/1/3
f 1362/3/3 1313/3/3 1312/3/3
f 1362/1/3 1312/1/3 1361/1/3
f 1363/3/3 1268/3/3 1313/3/3
f 1363/3/3 1313/3/3 1362/3/3
f 1364/3/3 1268/3/3 1363/3/3
f 1365/1/3 1315/1/3 1314/1/3
f 1365/3/3 1268/3/3 1364/3/3
f 1365/1/3 1314/1/3 1268/1/3
f 1366/1/3 1315/1/3 1365/1/3
f 1367/3/3 1316/3/3 1315/3/3
f 1367/1/3 1315/1/3 1366/1/3
f 1368/1/3 1272/1/3 1316/1/3
f 1368/3/3 1316/3/3 1367/3/3
f 1369/1/3 1272/1/3 1368/1/3
f 1370/3/3 1273/3/3 1272/3/3
f 1370/1/3 1272/1/3 1369/1/3
f 1371/1/3 1317/1/3 1273/1/3
f 1371/3/3 1273/3/3 1370/3/3
f 1371/1/3 1318/1/3 1317/1/3
f 1372/1/3 1318/1/3 1371/1/3
f 1373/1/3 1319/1/3 1278/1/3
f 1374/3/3 1320/3/3 1319/3/3
f 1374/1/3 1319/1/3 1373/1/3
f 1375/1/3 1321/1/3 1320/1/3
f 1375/3/3 1320/3/3 1374/3/3
f 1376/3/3 1324/3/3 1323/3/3
f 1376/1/3 1323/1/3 1322/1/3
f 1377/1/3 1235/1/3 1324/1/3
f 1377/3/3 1324/3/3 1376/3/3
f 1378/3/3 1236/3/3 1235/3/3
f 1378/1/3 1235/1/3 1377/1/3
f 1379/1/3 1285/1/3 1236/1/3
f 1379/3/3 1236/3/3 1378/3/3
f 1379/1/3 1325/1/3 1285/1/3
f 1380/1/3 1335/1/3 1334/1/3
f 1380/3/3 1336/3/3 1335/3/3
f 1381/4/3 1293/4/3 1336/4/3
f 1381/3/3 1336/3/3 1380/3/3
f 1382/1/3 1337/1/3 1293/1/3
f 1382/4/3 1293/4/3 1381/4/3
f 1383/1/3 1337/1/3 1382/1/3
f 1384/1/3 1337/1/3 1383/1/3
f 1385/1/3 1337/1/3 1384/1/3
f 1386/4/3 1338/4/3 1337/4/3
f 1386/1/3 1337/1/3 1385/1/3
f 1387/1/3 1339/1/3 1338/1/3
f 1387/4/3 1338/4/3 1386/4/3
f 1388/1/3 1339/1/3 1387/1/3
f 1389/3/3 1340/3/3 1339/3/3
f 1389/1/3 1339/1/3 1388/1/3
f 1390/1/3 1341/1/3 1340/1/3
f 1390/3/3 1340/3/3 1389/3/3
f 1391/3/3 1342/3/3 1341/3/3
f 1391/1/3 1341/1/3 1390/1/3
f 1392/1/3 1344/1/3 1343/1/3
f 1392/1/3 1345/1/3 1344/1/3
f 1392/1/3 1343/1/3 1342/1/3
f 1393/4/3 1346/4/3 1345/4/3
f 1393/1/3 1345/1/3 1392/1/3
f 1394/1/3 1347/1/3 1346/1/3
f 1394/4/3 1346/4/3 1393/4/3
f 1395/3/3 1348/3/3 1347/3/3
f 1395/1/3 1347/1/3 1394/1/3
f 1396/1/3 1349/1/3 1348/1/3
f 1396/3/3 1348/3/3 1395/3/3
f 1397/3/3 1350/3/3 1349/3/3
f 1397/1/3 1349/1/3 1396/1/3
f 1398/1/3 1351/1/3 1350/1/3
f 1398/3/3 1350/3/3 1397/3/3
f 1399/4/3 1352/4/3 1351/4/3
f 1399/1/3 1351/1/3 1398/1/3
f 1400/1/3 1354/1/3 1353/1/3
f 1400/4/3 1352/4/3 1399/4/3
f 1400/1/3 1353/1/3 1352/1/3
f 1400/1/3 1355/1/3 1354/1/3
f 1401/1/3 1355/1/3 1400/1/3
f 1402/1/3 1357/1/3 1356/1/3
f 1402/3/3 1356/3/3 1355/3/3
f 1403/3/3 1358/3/3 1357/3/3
f 1403/1/3 1357/1/3 1402/1/3
f 1404/1/3 1359/1/3 1358/1/3
f 1404/3/3 1358/3/3 1403/3/3
f 1405/1/3 1359/1/3 1404/1/3
f 1406/4/3 1360/4/3 1359/4/3
f 1406/1/3 1359/1/3 1405/1/3
f 1407/1/3 1310/1/3 1360/1/3
f 1407/4/3 1360/4/3 1406/4/3
f 1408/1/3 1310/1/3 1407/1/3
f 1409/1/3 1310/1/3 1408/1/3
f 1410/1/3 1310/1/3 1409/1/3
f 1411/4/3 1361/4/3 1310/4/3
f 1411/1/3 1310/1/3 1410/1/3
f 1412/3/3 1362/3/3 1361/3/3
f 1412/4/3 1361/4/3 1411/4/3
f 1413/1/3 1363/1/3 1362/1/3
f 1413/3/3 1362/3/3 1412/3/3
f 1414/1/3 1318/1/3 1372/1/3
f 1414/1/3 1277/1/3 1318/1/3
f 1414/3/3 1278/3/3 1277/3/3
f 1415/1/3 1373/1/3 1278/1/3
f 1415/3/3 1278/3/3 1414/3/3
f 1416/3/3 1374/3/3 1373/3/3
f 1416/1/3 1373/1/3 1415/1/3
f 1417/1/3 1375/1/3 1374/1/3
f 1417/3/3 1374/3/3 1416/3/3
f 1418/1/3 1377/1/3 1376/1/3
f 1418/3/3 1378/3/3 1377/3/3
f 1419/3/3 1378/3/3 1418/3/3
f 1420/1/3 1379/1/3 1378/1/3
f 1420/3/3 1378/3/3 1419/3/3
f 1421/1/3 1325/1/3 1379/1/3
f 1421/1/3 1379/1/3 1420/1/3
f 1422/1/3 1327/1/3 1326/1/3
f 1422/1/3 1328/1/3 1327/1/3
f 1423/3/3 1329/3/3 1328/3/3
f 1423/1/3 1328/1/3 1422/1/3
f 1424/1/3 1331/1/3 1330/1/3
f 1424/3/3 1329/3/3 1423/3/3
f 1424/1/3 1330/1/3 1329/1/3
f 1425/1/3 1331/1/3 1424/1/3
f 1426/3/3 1332/3/3 1331/3/3
f 1426/1/3 1331/1/3 1425/1/3
f 1427/1/3 1333/1/3 1332/1/3
f 1427/3/3 1332/3/3 1426/3/3
f 1428/3/3 1384/3/3 1383/3/3
f 1428/4/3 1383/4/3 1382/4/3
f 1429/1/3 1385/1/3 1384/1/3
f 1429/3/3 1384/3/3 1428/3/3
f 1430/1/3 1385/1/3 1429/1/3
f 1431/1/3 1385/1/3 1430/1/3
f 1432/4/3 1386/4/3 1385/4/3
f 1432/1/3 1385/1/3 1431/1/3
f 1433/1/3 1387/1/3 1386/1/3
f 1433/4/3 1386/4/3 1432/4/3
f 1433/1/3 1388/1/3 1387/1/3
f 1434/3/3 1342/3/3 1391/3/3
f 1434/1/3 1392/1/3 1342/1/3
f 1434/3/3 1391/3/3 1390/3/3
f 1435/3/3 1394/3/3 1393/3/3
f 1435/1/3 1392/1/3 1434/1/3
f 1435/3/3 1393/3/3 1392/3/3
f 1436/4/3 1395/4/3 1394/4/3
f 1436/3/3 1394/3/3 1435/3/3
f 1437/1/3 1398/1/3 1397/1/3
f 1437/4/3 1395/4/3 1436/4/3
f 1437/1/3 1396/1/3 1395/1/3
f 1437/1/3 1397/1/3 1396/1/3
f 1438/1/3 1398/1/3 1437/1/3
f 1439/1/3 1398/1/3 1438/1/3
f 1440/4/3 1399/4/3 1398/4/3
f 1440/1/3 1398/1/3 1439/1/3
f 1441/3/3 1401/3/3 1400/3/3
f 1441/4/3 1399/4/3 1440/4/3
f 1441/3/3 1400/3/3 1399/3/3
f 1442/1/3 1355/1/3 1401/1/3
f 1442/3/3 1401/3/3 1441/3/3
f 1443/3/3 1402/3/3 1355/3/3
f 1443/1/3 1355/1/3 1442/1/3
f 1443/3/3 1403/3/3 1402/3/3
f 1444/1/3 1406/1/3 1405/1/3
f 1444/4/3 1408/4/3 1407/4/3
f 1444/1/3 1407/1/3 1406/1/3
f 1445/1/3 1409/1/3 1408/1/3
f 1445/4/3 1408/4/3 1444/4/3
f 1446/1/3 1409/1/3 1445/1/3
f 1447/1/3 1409/1/3 1446/1/3
f 1448/3/3 1410/3/3 1409/3/3
f 1448/1/3 1409/1/3 1447/1/3
f 1449/4/3 1411/4/3 1410/4/3
f 1449/3/3 1410/3/3 1448/3/3
f 1450/3/3 1366/3/3 1365/3/3
f 1450/1/3 1365/1/3 1364/1/3
f 1451/1/3 1367/1/3 1366/1/3
f 1451/3/3 1366/3/3 1450/3/3
f 1451/1/3 1368/1/3 1367/1/3
f 1452/1/3 1368/1/3 1451/1/3
f 1453/3/3 1369/3/3 1368/3/3
f 1453/1/3 1368/1/3 1452/1/3
f 1454/1/3 1370/1/3 1369/1/3
f 1454/3/3 1369/3/3 1453/3/3
f 1454/1/3 1371/1/3 1370/1/3
f 1455/1/3 1371/1/3 1454/1/3
f 1456/1/3 1415/1/3 1414/1/3
f 1456/1/3 1414/1/3 1372/1/3
f 1457/3/3 1416/3/3 1415/3/3
f 1457/1/3 1415/1/3 1456/1/3
f 1458/3/3 1416/3/3 1457/3/3
f 1459/1/3 1417/1/3 1416/1/3
f 1459/3/3 1416/3/3 1458/3/3
f 1460/3/3 1421/3/3 1420/3/3
f 1460/3/3 1420/3/3 1419/3/3
f 1461/1/3 1325/1/3 1421/1/3
f 1461/3/3 1421/3/3 1460/3/3
f 1462/1/3 1325/1/3 1461/1/3
f 1463/1/3 1325/1/3 1462/1/3
f 1464/3/3 1326/3/3 1325/3/3
f 1464/1/3 1325/1/3 1463/1/3
f 1465/1/3 1422/1/3 1326/1/3
f 1465/3/3 1326/3/3 1464/3/3
f 1466/1/3 1422/1/3 1465/1/3
f 1467/3/3 1423/3/3 1422/3/3
f 1467/1/3 1422/1/3 1466/1/3
f 1468/1/3 1424/1/3 1423/1/3
f 1468/3/3 1423/3/3 1467/3/3
f 1468/1/3 1425/1/3 1424/1/3
f 1469/3/3 1426/3/3 1425/3/3
f 1469/1/3 1425/1/3 1468/1/3
f 1470/1/3 1427/1/3 1426/1/3
f 1470/3/3 1426/3/3 1469/3/3
f 1471/1/3 1333/1/3 1427/1/3
f 1471/1/3 1427/1/3 1470/1/3
f 1471/3/3 1334/3/3 1333/3/3
f 1472/1/3 1380/1/3 1334/1/3
f 1472/3/3 1334/3/3 1471/3/3
f 1472/1/3 1381/1/3 1380/1/3
f 1472/1/3 1382/1/3 1381/1/3
f 1473/4/3 1428/4/3 1382/4/3
f 1473/1/3 1382/1/3 1472/1/3
f 1474/1/3 1429/1/3 1428/1/3
f 1474/4/3 1428/4/3 1473/4/3
f 1475/3/3 1430/3/3 1429/3/3
f 1475/1/3 1429/1/3 1474/1/3
f 1476/1/3 1431/1/3 1430/1/3
f 1476/3/3 1430/3/3 1475/3/3
f 1477/1/3 1431/1/3 1476/1/3
f 1478/1/3 1431/1/3 1477/1/3
f 1479/4/3 1432/4/3 1431/4/3
f 1479/1/3 1431/1/3 1478/1/3
f 1480/1/3 1433/1/3 1432/1/3
f 1480/4/3 1432/4/3 1479/4/3
f 1481/1/3 1388/1/3 1433/1/3
f 1481/1/3 1433/1/3 1480/1/3
f 1482/3/3 1389/3/3 1388/3/3
f 1482/1/3 1388/1/3 1481/1/3
f 1483/1/3 1390/1/3 1389/1/3
f 1483/3/3 1389/3/3 1482/3/3
f 1484/3/3 1435/3/3 1434/3/3
f 1484/1/3 1390/1/3 1483/1/3
f 1484/3/3 1434/3/3 1390/3/3
f 1485/3/3 1435/3/3 1484/3/3
f 1486/1/3 1436/1/3 1435/1/3
f 1486/3/3 1435/3/3 1485/3/3
f 1486/1/3 1437/1/3 1436/1/3
f 1487/1/3 1437/1/3 1486/1/3
f 1488/4/3 1438/4/3 1437/4/3
f 1488/1/3 1437/1/3 1487/1/3
f 1489/1/3 1439/1/3 1438/1/3
f 1489/4/3 1438/4/3 1488/4/3
f 1490/1/3 1439/1/3 1489/1/3
f 1491/1/3 1439/1/3 1490/1/3
f 1492/4/3 1440/4/3 1439/4/3
f 1492/1/3 1439/1/3 1491/1/3
f 1493/1/3 1441/1/3 1440/1/3
f 1493/4/3 1440/4/3 1492/4/3
f 1493/1/3 1442/1/3 1441/1/3
f 1494/1/3 1442/1/3 1493/1/3
f 1495/3/3 1443/3/3 1442/3/3
f 1495/1/3 1442/1/3 1494/1/3
f 1496/3/3 1403/3/3 1443/3/3
f 1496/3/3 1443/3/3 1495/3/3
f 1497/1/3 1404/1/3 1403/1/3
f 1497/3/3 1403/3/3 1496/3/3
f 1498/3/3 1405/3/3 1404/3/3
f 1498/1/3 1404/1/3 1497/1/3
f 1499/1/3 1444/1/3 1405/1/3
f 1499/3/3 1405/3/3 1498/3/3
f 1499/1/3 1445/1/3 1444/1/3
f 1500/1/3 1445/1/3 1499/1/3
f 1501/4/3 1446/4/3 1445/4/3
f 1501/1/3 1445/1/3 1500/1/3
f 1502/1/3 1447/1/3 1446/1/3
f 1502/4/3 1446/4/3 1501/4/3
f 1503/1/3 1447/1/3 1502/1/3
f 1504/1/3 1447/1/3 1503/1/3
f 1505/3/3 1448/3/3 1447/3/3
f 1505/1/3 1447/1/3 1504/1/3
f 1506/1/3 1449/1/3 1448/1/3
f 1506/3/3 1448/3/3 1505/3/3
f 1507/4/3 1411/4/3 1449/4/3
f 1507/1/3 1449/1/3 1506/1/3
f 1508/1/3 1413/1/3 1412/1/3
f 1508/4/3 1411/4/3 1507/4/3
f 1508/1/3 1412/1/3 1411/1/3
f 1509/3/3 1364/3/3 1363/3/3
f 1509/1/3 1413/1/3 1508/1/3
f 1509/1/3 1363/1/3 1413/1/3
f 1510/1/3 1450/1/3 1364/1/3
f 1510/3/3 1364/3/3 1509/3/3
f 1510/1/3 1451/1/3 1450/1/3
f 1511/3/3 1452/3/3 1451/3/3
f 1511/1/3 1451/1/3 1510/1/3
f 1512/1/3 1453/1/3 1452/1/3
f 1512/3/3 1452/3/3 1511/3/3
f 1512/1/3 1454/1/3 1453/1/3
f 1513/3/3 1455/3/3 1454/3/3
f 1513/1/3 1454/1/3 1512/1/3
f 1514/1/3 1371/1/3 1455/1/3
f 1514/3/3 1455/3/3 1513/3/3
f 1515/1/3 1371/1/3 1514/1/3
f 1516/3/3 1372/3/3 1371/3/3
f 1516/1/3 1371/1/3 1515/1/3
f 1517/1/3 1456/1/3 1372/1/3
f 1517/3/3 1372/3/3 1516/3/3
f 1518/1/3 1456/1/3 1517/1/3
f 1519/1/3 1456/1/3 1518/1/3
f 1520/3/3 1458/3/3 1457/3/3
f 1520/1/3 1456/1/3 1519/1/3
f 1520/3/3 1457/3/3 1456/3/3
f 1521/3/3 1458/3/3 1520/3/3
f 1522/1/3 1046/1/3 966/1/3
f 1522/1/3 1186/1/3 1132/1/3
f 1522/1/3 1418/1/3 1376/1/3
f 1522/1/3 1282/1/3 1232/1/3
f 1522/1/3 1376/1/3 1322/1/3
f 1522/1/3 1322/1/3 1282/1/3
f 1522/1/3 1132/1/3 1046/1/3
f 1522/1/3 1232/1/3 1186/1/3
f 1522/1/3 1419/1/3 1418/1/3
f 1523/3/3 1460/3/3 1419/3/3
f 1523/1/3 1419/1/3 1522/1/3
f 1524/1/3 1461/1/3 1460/1/3
f 1524/3/3 1460/3/3 1523/3/3
f 1525/3/3 1462/3/3 1461/3/3
f 1525/1/3 1461/1/3 1524/1/3
f 1526/1/3 1463/1/3 1462/1/3
f 1526/3/3 1462/3/3 1525/3/3
f 1527/3/3 1464/3/3 1463/3/3
f 1527/1/3 1463/1/3 1526/1/3
f 1528/1/3 1466/1/3 1465/1/3
f 1528/3/3 1464/3/3 1527/3/3
f 1528/1/3 1465/1/3 1464/1/3
f 1529/3/3 1467/3/3 1466/3/3
f 1529/1/3 1466/1/3 1528/1/3
f 1530/1/3 1468/1/3 1467/1/3
f 1530/3/3 1467/3/3 1529/3/3
f 1531/3/3 1470/3/3 1469/3/3
f 1531/1/3 1468/1/3 1530/1/3
f 1531/3/3 1471/3/3 1470/3/3
f 1531/3/3 1472/3/3 1471/3/3
f 1531/3/3 1473/3/3 1472/3/3
f 1531/3/3 1469/3/3 1468/3/3
f 1532/1/3 1474/1/3 1473/1/3
f 1532/3/3 1473/3/3 1531/3/3
f 1533/4/3 1475/4/3 1474/4/3
f 1533/1/3 1474/1/3 1532/1/3
f 1534/1/3 1476/1/3 1475/1/3
f 1534/4/3 1475/4/3 1533/4/3
f 1535/3/3 1477/3/3 1476/3/3
f 1535/1/3 1476/1/3 1534/1/3
f 1536/1/3 1478/1/3 1477/1/3
f 1536/3/3 1477/3/3 1535/3/3
f 1537/4/3 1479/4/3 1478/4/3
f 1537/1/3 1478/1/3 1536/1/3
f 1538/1/3 1480/1/3 1479/1/3
f 1538/4/3 1479/4/3 1537/4/3
f 1538/1/3 1481/1/3 1480/1/3
f 1539/3/3 1483/3/3 1482/3/3
f 1539/1/3 1481/1/3 1538/1/3
f 1539/3/3 1485/3/3 1484/3/3
f 1539/3/3 1484/3/3 1483/3/3
f 1539/3/3 1482/3/3 1481/3/3
f 1540/1/3 1486/1/3 1485/1/3
f 1540/3/3 1485/3/3 1539/3/3
f 1541/3/3 1487/3/3 1486/3/3
f 1541/1/3 1486/1/3 1540/1/3
f 1542/1/3 1488/1/3 1487/1/3
f 1542/3/3 1487/3/3 1541/3/3
f 1542/1/3 1489/1/3 1488/1/3
f 1543/4/3 1490/4/3 1489/4/3
f 1543/1/3 1489/1/3 1542/1/3
f 1544/1/3 1491/1/3 1490/1/3
f 1544/4/3 1490/4/3 1543/4/3
f 1545/4/3 1492/4/3 1491/4/3
f 1545/1/3 1491/1/3 1544/1/3
f 1546/1/3 1493/1/3 1492/1/3
f 1546/4/3 1492/4/3 1545/4/3
f 1546/1/3 1494/1/3 1493/1/3
f 1547/3/3 1495/3/3 1494/3/3
f 1547/1/3 1494/1/3 1546/1/3
f 1548/1/3 1496/1/3 1495/1/3
f 1548/3/3 1495/3/3 1547/3/3
f 1549/3/3 1497/3/3 1496/3/3
f 1549/1/3 1496/1/3 1548/1/3
f 1549/3/3 1498/3/3 1497/3/3
f 1549/3/3 1500/3/3 1499/3/3
f 1549/3/3 1499/3/3 1498/3/3
f 1550/1/3 1502/1/3 1501/1/3
f 1550/3/3 1500/3/3 1549/3/3
f 1550/1/3 1501/1/3 1500/1/3
f 1551/4/3 1503/4/3 1502/4/3
f 1551/1/3 1502/1/3 1550/1/3
f 1552/1/3 1504/1/3 1503/1/3
f 1552/4/3 1503/4/3 1551/4/3
f 1553/3/3 1505/3/3 1504/3/3
f 1553/1/3 1504/1/3 1552/1/3
f 1554/1/3 1506/1/3 1505/1/3
f 1554/3/3 1505/3/3 1553/3/3
f 1555/4/3 1507/4/3 1506/4/3
f 1555/1/3 1506/1/3 1554/1/3
f 1556/1/3 1508/1/3 1507/1/3
f 1556/4/3 1507/4/3 1555/4/3
f 1557/3/3 1511/3/3 1510/3/3
f 1557/1/3 1508/1/3 1556/1/3
f 1557/3/3 1509/3/3 1508/3/3
f 1557/3/3 1510/3/3 1509/3/3
f 1557/3/3 1513/3/3 1512/3/3
f 1557/3/3 1512/3/3 1511/3/3
f 1558/1/3 1514/1/3 1513/1/3
f 1558/3/3 1513/3/3 1557/3/3
f 1559/3/3 1515/3/3 1514/3/3
f 1559/1/3 1514/1/3 1558/1/3
f 1560/1/3 1517/1/3 1516/1/3
f 1560/3/3 1515/3/3 1559/3/3
f 1560/1/3 1516/1/3 1515/1/3
f 1561/3/3 1518/3/3 1517/3/3
f 1561/1/3 1517/1/3 1560/1/3
f 1562/1/3 1519/1/3 1518/1/3
f 1562/3/3 1518/3/3 1561/3/3
f 1563/3/3 1520/3/3 1519/3/3
f 1563/1/3 1519/1/3 1562/1/3
f 1564/1/3 1521/1/3 1520/1/3
f 1564/3/3 1520/3/3 1563/3/3
f 1565/3/3 1458/3/3 1521/3/3
f 1565/1/3 1521/1/3 1564/1/3
f 1566/1/3 1459/1/3 1458/1/3
f 1566/3/3 1458/3/3 1565/3/3
f 1567/1/3 1045/1/3 1131/1/3
f 1567/1/3 1459/1/3 1566/1/3
f 1567/1/3 1131/1/3 1185/1/3
f 1567/1/3 1375/1/3 1417/1/3
f 1567/1/3 1185/1/3 1231/1/3
f 1567/1/3 1281/1/3 1321/1/3
f 1567/1/3 1417/1/3 1459/1/3
f 1567/1/3 1321/1/3 1375/1/3
f 1567/1/3 1231/1/3 1281/1/3
f 1568/1/4 1569/1/4 1637/1/4
f 1637/1/4 1569/1/4 1638/1/4
f 1638/1/4 1569/1/4 1639/1/4
f 1569/3/4 1570/3/4 1640/3/4
f 1639/1/4 1569/1/4 1640/1/4
f 1570/1/4 1571/1/4 1641/1/4
f 1640/3/4 1570/3/4 1641/3/4
f 1571/2/4 1572/2/4 1642/2/4
f 1641/1/4 1571/1/4 1642/1/4
f 1572/3/4 1573/3/4 1643/3/4
f 1642/2/4 1572/2/4 1643/2/4
f 1573/1/4 1574/1/4 1644/1/4
f 1643/3/4 1573/3/4 1644/3/4
f 1574/2/4 1575/2/4 1645/2/4
f 1644/1/4 1574/1/4 1645/1/4
f 1575/1/4 1576/1/4 1646/1/4
f 1645/2/4 1575/2/4 1646/2/4
f 1576/3/4 1577/3/4 1647/3/4
f 1646/1/4 1576/1/4 1647/1/4
f 1577/1/4 1578/1/4 1648/1/4
f 1647/3/4 1577/3/4 1648/3/4
f 1578/3/4 1579/3/4 1649/3/4
f 1648/1/4 1578/1/4 1649/1/4
f 1579/1/4 1580/1/4 1650/1/4
f 1649/3/4 1579/3/4 1650/3/4
f 1580/3/4 1581/3/4 1651/3/4
f 1650/1/4 1580/1/4 1651/1/4
f 1581/1/4 1582/1/4 1652/1/4
f 1651/3/4 1581/3/4 1652/3/4
f 1582/3/4 1583/3/4 1653/3/4
f 1652/1/4 1582/1/4 1653/1/4
f 1583/1/4 1584/1/4 1654/1/4
f 1653/3/4 1583/3/4 1654/3/4
f 1584/3/4 1585/3/4 1655/3/4
f 1654/1/4 1584/1/4 1655/1/4
f 1585/1/4 1586/1/4 1656/1/4
f 1655/3/4 1585/3/4 1656/3/4
f 1586/4/4 1587/4/4 1657/4/4
f 1656/1/4 1586/1/4 1657/1/4
f 1587/1/4 1588/1/4 1658/1/4
f 1657/4/4 1587/4/4 1658/4/4
f 1658/1/4 1588/1/4 1659/1/4
f 1588/3/4 1589/3/4 1660/3/4
f 1659/1/4 1588/1/4 1660/1/4
f 1589/1/4 1590/1/4 1661/1/4
f 1660/3/4 1589/3/4 1661/3/4
f 1590/2/4 1591/2/4 1662/2/4
f 1661/1/4 1590/1/4 1662/1/4
f 1591/1/4 1592/1/4 1663/1/4
f 1662/2/4 1591/2/4 1663/2/4
f 1592/2/4 1593/2/4 1664/2/4
f 1663/1/4 1592/1/4 1664/1/4
f 1593/1/4 1594/1/4 1665/1/4
f 1664/2/4 1593/2/4 1665/2/4
f 1594/4/4 1595/4/4 1666/4/4
f 1595/1/4 1596/1/4 1667/1/4
f 1666/4/4 1595/4/4 1667/4/4
f 1596/4/4 1597/4/4 1668/4/4
f 1667/1/4 1596/1/4 1668/1/4
f 1597/1/4 1598/1/4 1669/1/4
f 1668/4/4 1597/4/4 1669/4/4
f 1598/4/4 1599/4/4 1670/4/4
f 1669/1/4 1598/1/4 1670/1/4
f 1599/1/4 1600/1/4 1671/1/4
f 1670/4/4 1599/4/4 1671/4/4
f 1600/4/4 1601/4/4 1672/4/4
f 1671/1/4 1600/1/4 1672/1/4
f 1601/1/4 1602/1/4 1673/1/4
f 1672/4/4 1601/4/4 1673/4/4
f 1603/1/4 1604/1/4 1674/1/4
f 1604/3/4 1605/3/4 1674/3/4
f 1605/1/4 1606/1/4 1675/1/4
f 1674/3/4 1605/3/4 1675/3/4
f 1606/3/4 1607/3/4 1676/3/4
f 1675/1/4 1606/1/4 1676/1/4
f 1607/1/4 1608/1/4 1677/1/4
f 1676/3/4 1607/3/4 1677/3/4
f 1609/1/4 1610/1/4 1678/1/4
f 1610/4/4 1611/4/4 1678/4/4
f 1611/1/4 1612/1/4 1679/1/4
f 1678/4/4 1611/4/4 1679/4/4
f 1612/4/4 1613/4/4 1680/4/4
f 1679/1/4 1612/1/4 1680/1/4
f 1613/1/4 1614/1/4 1681/1/4
f 1680/4/4 1613/4/4 1681/4/4
f 1614/4/4 1615/4/4 1682/4/4
f 1681/1/4 1614/1/4 1682/1/4
f 1615/1/4 1616/1/4 1683/1/4
f 1682/4/4 1615/4/4 1683/4/4
f 1616/4/4 1617/4/4 1684/4/4
f 1683/1/4 1616/1/4 1684/1/4
f 1684/4/4 1617/4/4 1685/4/4
f 1617/1/4 1618/1/4 1686/1/4
f 1618/3/4 1619/3/4 1686/3/4
f 1619/1/4 1620/1/4 1687/1/4
f 1686/3/4 1619/3/4 1687/3/4
f 1687/1/4 1620/1/4 1688/1/4
f 1620/4/4 1621/4/4 1689/4/4
f 1688/1/4 1620/1/4 1689/1/4
f 1621/1/4 1622/1/4 1690/1/4
f 1689/4/4 1621/4/4 1690/4/4
f 1622/3/4 1623/3/4 1691/3/4
f 1690/1/4 1622/1/4 1691/1/4
f 1623/1/4 1624/1/4 1692/1/4
f 1691/3/4 1623/3/4 1692/3/4
f 1624/3/4 1625/3/4 1693/3/4
f 1692/1/4 1624/1/4 1693/1/4
f 1625/1/4 1626/1/4 1694/1/4
f 1693/3/4 1625/3/4 1694/3/4
f 1626/3/4 1627/3/4 1695/3/4
f 1694/1/4 1626/1/4 1695/1/4
f 1627/1/4 1628/1/4 1696/1/4
f 1695/3/4 1627/3/4 1696/3/4
f 1628/3/4 1629/3/4 1697/3/4
f 1696/1/4 1628/1/4 1697/1/4
f 1629/1/4 1630/1/4 1698/1/4
f 1697/3/4 1629/3/4 1698/3/4
f 1630/3/4 1631/3/4 1699/3/4
f 1698/1/4 1630/1/4 1699/1/4
f 1631/1/4 1632/1/4 1700/1/4
f 1699/3/4 1631/3/4 1700/3/4
f 1700/1/4 1632/1/4 1701/1/4
f 1632/3/4 1633/3/4 1702/3/4
f 1701/1/4 1632/1/4 1702/1/4
f 1633/1/4 1634/1/4 1703/1/4
f 1702/3/4 1633/3/4 1703/3/4
f 1703/1/4 1634/1/4 1704/1/4
f 1634/3/4 1635/3/4 1705/3/4
f 1704/1/4 1634/1/4 1705/1/4
f 1635/1/4 1636/1/4 1706/1/4
f 1705/3/4 1635/3/4 1706/3/4
f 1706/1/4 1636/1/4 1707/1/4
f 1707/1/4 1636/1/4 1708/1/4
f 1708/1/4 1636/1/4 1709/1/4
f 1660/1/4 1661/1/4 1710/1/4
f 1661/1/4 1662/1/4 1710/1/4
f 1662/1/4 1663/1/4 1710/1/4
f 1663/1/4 1664/1/4 1710/1/4
f 1665/1/4 1594/1/4 1710/1/4
f 1664/1/4 1665/1/4 1710/1/4
f 1594/4/4 1666/4/4 1711/4/4
f 1710/1/4 1594/1/4 1711/1/4
f 1666/1/4 1667/1/4 1712/1/4
f 1711/4/4 1666/4/4 1712/4/4
f 1667/1/4 1668/1/4 1712/1/4
f 1668/1/4 1669/1/4 1712/1/4
f 1712/1/4 1669/1/4 1713/1/4
f 1669/4/4 1670/4/4 1714/4/4
f 1713/1/4 1669/1/4 1714/1/4
f 1670/1/4 1671/1/4 1715/1/4
f 1714/4/4 1670/4/4 1715/4/4
f 1671/1/4 1672/1/4 1715/1/4
f 1672/3/4 1673/3/4 1716/3/4
f 1715/1/4 1672/1/4 1716/1/4
f 1673/1/4 1602/1/4 1717/1/4
f 1716/3/4 1673/3/4 1717/3/4
f 1717/1/4 1602/1/4 1718/1/4
f 1609/1/4 1678/1/4 1719/1/4
f 1678/3/4 1679/3/4 1720/3/4
f 1719/1/4 1678/1/4 1720/1/4
f 1679/1/4 1680/1/4 1721/1/4
f 1720/3/4 1679/3/4 1721/3/4
f 1680/1/4 1681/1/4 1721/1/4
f 1681/4/4 1682/4/4 1722/4/4
f 1721/1/4 1681/1/4 1722/1/4
f 1682/1/4 1683/1/4 1723/1/4
f 1722/4/4 1682/4/4 1723/4/4
f 1684/1/4 1685/1/4 1723/1/4
f 1683/1/4 1684/1/4 1723/1/4
f 1723/1/4 1685/1/4 1724/1/4
f 1685/4/4 1617/4/4 1725/4/4
f 1724/1/4 1685/1/4 1725/1/4
f 1686/1/4 1687/1/4 1726/1/4
f 1725/4/4 1617/4/4 1726/4/4
f 1617/1/4 1686/1/4 1726/1/4
f 1726/1/4 1687/1/4 1727/1/4
f 1638/1/4 1639/1/4 1728/1/4
f 1639/3/4 1640/3/4 1729/3/4
f 1728/1/4 1639/1/4 1729/1/4
f 1640/1/4 1641/1/4 1730/1/4
f 1729/3/4 1640/3/4 1730/3/4
f 1641/1/4 1642/1/4 1730/1/4
f 1730/1/4 1642/1/4 1731/1/4
f 1642/3/4 1643/3/4 1732/3/4
f 1731/1/4 1642/1/4 1732/1/4
f 1643/1/4 1644/1/4 1733/1/4
f 1732/3/4 1643/3/4 1733/3/4
f 1644/1/4 1645/1/4 1733/1/4
f 1645/1/4 1646/1/4 1733/1/4
f 1733/1/4 1646/1/4 1734/1/4
f 1646/3/4 1647/3/4 1735/3/4
f 1734/1/4 1646/1/4 1735/1/4
f 1647/1/4 1648/1/4 1736/1/4
f 1735/3/4 1647/3/4 1736/3/4
f 1648/1/4 1649/1/4 1736/1/4
f 1649/1/4 1650/1/4 1736/1/4
f 1650/1/4 1651/1/4 1736/1/4
f 1657/1/4 1658/1/4 1736/1/4
f 1651/1/4 1652/1/4 1736/1/4
f 1652/1/4 1653/1/4 1736/1/4
f 1653/1/4 1654/1/4 1736/1/4
f 1654/1/4 1655/1/4 1736/1/4
f 1655/1/4 1656/1/4 1736/1/4
f 1656/1/4 1657/1/4 1736/1/4
f 1658/1/4 1659/1/4 1736/1/4
f 1736/1/4 1659/1/4 1737/1/4
f 1737/1/4 1659/1/4 1738/1/4
f 1738/1/4 1659/1/4 1739/1/4
f 1659/3/4 1660/3/4 1740/3/4
f 1739/1/4 1659/1/4 1740/1/4
f 1660/1/4 1710/1/4 1741/1/4
f 1740/3/4 1660/3/4 1741/3/4
f 1741/1/4 1710/1/4 1742/1/4
f 1742/1/4 1710/1/4 1743/1/4
f 1743/1/4 1710/1/4 1744/1/4
f 1744/1/4 1710/1/4 1745/1/4
f 1710/4/4 1711/4/4 1746/4/4
f 1745/1/4 1710/1/4 1746/1/4
f 1712/1/4 1713/1/4 1747/1/4
f 1746/4/4 1711/4/4 1747/4/4
f 1711/1/4 1712/1/4 1747/1/4
f 1747/1/4 1713/1/4 1748/1/4
f 1713/4/4 1714/4/4 1749/4/4
f 1748/1/4 1713/1/4 1749/1/4
f 1715/1/4 1716/1/4 1750/1/4
f 1749/4/4 1714/4/4 1750/4/4
f 1714/1/4 1715/1/4 1750/1/4
f 1716/1/4 1717/1/4 1750/1/4
f 1717/3/4 1718/3/4 1751/3/4
f 1718/1/4 1602/1/4 1752/1/4
f 1751/3/4 1718/3/4 1752/3/4
f 1609/1/4 1719/1/4 1753/1/4
f 1719/3/4 1720/3/4 1753/3/4
f 1753/3/4 1720/3/4 1754/3/4
f 1720/1/4 1721/1/4 1755/1/4
f 1721/1/4 1722/1/4 1755/1/4
f 1723/4/4 1724/4/4 1755/4/4
f 1722/1/4 1723/1/4 1755/1/4
f 1725/1/4 1726/1/4 1756/1/4
f 1755/4/4 1724/4/4 1756/4/4
f 1724/1/4 1725/1/4 1756/1/4
f 1756/1/4 1726/1/4 1757/1/4
f 1726/4/4 1727/4/4 1758/4/4
f 1757/1/4 1726/1/4 1758/1/4
f 1727/1/4 1687/1/4 1759/1/4
f 1758/4/4 1727/4/4 1759/4/4
f 1759/1/4 1687/1/4 1760/1/4
f 1687/3/4 1688/3/4 1761/3/4
f 1760/1/4 1687/1/4 1761/1/4
f 1698/1/4 1699/1/4 1762/1/4
f 1761/3/4 1688/3/4 1762/3/4
f 1697/1/4 1698/1/4 1762/1/4
f 1696/1/4 1697/1/4 1762/1/4
f 1699/1/4 1700/1/4 1762/1/4
f 1688/1/4 1689/1/4 1762/1/4
f 1689/1/4 1690/1/4 1762/1/4
f 1690/1/4 1691/1/4 1762/1/4
f 1691/1/4 1692/1/4 1762/1/4
f 1695/1/4 1696/1/4 1762/1/4
f 1694/1/4 1695/1/4 1762/1/4
f 1693/1/4 1694/1/4 1762/1/4
f 1692/1/4 1693/1/4 1762/1/4
f 1762/1/4 1700/1/4 1763/1/4
f 1763/1/4 1700/1/4 1764/1/4
f 1764/1/4 1700/1/4 1765/1/4
f 1700/3/4 1701/3/4 1766/3/4
f 1765/1/4 1700/1/4 1766/1/4
f 1702/1/4 1703/1/4 1767/1/4
f 1766/3/4 1701/3/4 1767/3/4
f 1701/1/4 1702/1/4 1767/1/4
f 1767/1/4 1703/1/4 1768/1/4
f 1703/3/4 1704/3/4 1769/3/4
f 1768/1/4 1703/1/4 1769/1/4
f 1704/1/4 1705/1/4 1770/1/4
f 1769/3/4 1704/3/4 1770/3/4
f 1705/1/4 1706/1/4 1770/1/4
f 1770/1/4 1706/1/4 1771/1/4
f 1706/3/4 1707/3/4 1772/3/4
f 1771/1/4 1706/1/4 1772/1/4
f 1707/1/4 1708/1/4 1773/1/4
f 1772/3/4 1707/3/4 1773/3/4
f 1773/1/4 1708/1/4 1774/1/4
f 1730/1/4 1731/1/4 1775/1/4
f 1729/1/4 1730/1/4 1775/1/4
f 1731/3/4 1732/3/4 1776/3/4
f 1775/1/4 1731/1/4 1776/1/4
f 1732/2/4 1733/2/4 1777/2/4
f 1776/3/4 1732/3/4 1777/3/4
f 1733/1/4 1734/1/4 1778/1/4
f 1777/2/4 1733/2/4 1778/2/4
f 1778/1/4 1734/1/4 1779/1/4
f 1734/3/4 1735/3/4 1780/3/4
f 1779/1/4 1734/1/4 1780/1/4
f 1736/1/4 1737/1/4 1781/1/4
f 1780/3/4 1735/3/4 1781/3/4
f 1735/1/4 1736/1/4 1781/1/4
f 1737/3/4 1738/3/4 1782/3/4
f 1738/1/4 1739/1/4 1783/1/4
f 1782/3/4 1738/3/4 1783/3/4
f 1740/1/4 1741/1/4 1784/1/4
f 1741/1/4 1742/1/4 1784/1/4
f 1742/2/4 1743/2/4 1784/2/4
f 1743/1/4 1744/1/4 1785/1/4
f 1784/2/4 1743/2/4 1785/2/4
f 1744/2/4 1745/2/4 1786/2/4
f 1785/1/4 1744/1/4 1786/1/4
f 1745/4/4 1746/4/4 1787/4/4
f 1786/2/4 1745/2/4 1787/2/4
f 1747/1/4 1748/1/4 1788/1/4
f 1787/4/4 1746/4/4 1788/4/4
f 1746/1/4 1747/1/4 1788/1/4
f 1788/1/4 1748/1/4 1789/1/4
f 1748/4/4 1749/4/4 1790/4/4
f 1789/1/4 1748/1/4 1790/1/4
f 1749/1/4 1750/1/4 1791/1/4
f 1790/4/4 1749/4/4 1791/4/4
f 1750/1/4 1717/1/4 1792/1/4
f 1791/1/4 1750/1/4 1792/1/4
f 1717/3/4 1751/3/4 1793/3/4
f 1792/1/4 1717/1/4 1793/1/4
f 1720/1/4 1755/1/4 1794/1/4
f 1755/1/4 1756/1/4 1794/1/4
f 1754/3/4 1720/3/4 1794/3/4
f 1794/1/4 1756/1/4 1795/1/4
f 1756/4/4 1757/4/4 1796/4/4
f 1795/1/4 1756/1/4 1796/1/4
f 1757/1/4 1758/1/4 1797/1/4
f 1796/4/4 1757/4/4 1797/4/4
f 1758/1/4 1759/1/4 1797/1/4
f 1797/1/4 1759/1/4 1798/1/4
f 1759/4/4 1760/4/4 1799/4/4
f 1798/1/4 1759/1/4 1799/1/4
f 1760/1/4 1761/1/4 1800/1/4
f 1799/4/4 1760/4/4 1800/4/4
f 1761/1/4 1762/1/4 1800/1/4
f 1800/1/4 1762/1/4 1801/1/4
f 1763/1/4 1764/1/4 1802/1/4
f 1764/3/4 1765/3/4 1802/3/4
f 1802/3/4 1765/3/4 1803/3/4
f 1765/1/4 1766/1/4 1804/1/4
f 1767/3/4 1768/3/4 1804/3/4
f 1766/1/4 1767/1/4 1804/1/4
f 1768/1/4 1769/1/4 1805/1/4
f 1804/3/4 1768/3/4 1805/3/4
f 1769/1/4 1770/1/4 1805/1/4
f 1805/1/4 1770/1/4 1806/1/4
f 1770/3/4 1771/3/4 1807/3/4
f 1806/1/4 1770/1/4 1807/1/4
f 1771/1/4 1772/1/4 1808/1/4
f 1807/3/4 1771/3/4 1808/3/4
f 1772/1/4 1773/1/4 1808/1/4
f 1808/1/4 1773/1/4 1809/1/4
f 1637/3/4 1638/3/4 1810/3/4
f 1568/1/4 1637/1/4 1810/1/4
f 1638/1/4 1728/1/4 1811/1/4
f 1810/3/4 1638/3/4 1811/3/4
f 1811/1/4 1728/1/4 1812/1/4
f 1812/1/4 1728/1/4 1813/1/4
f 1728/3/4 1729/3/4 1814/3/4
f 1813/1/4 1728/1/4 1814/1/4
f 1729/1/4 1775/1/4 1815/1/4
f 1814/3/4 1729/3/4 1815/3/4
f 1776/1/4 1777/1/4 1816/1/4
f 1778/1/4 1779/1/4 1816/1/4
f 1777/1/4 1778/1/4 1816/1/4
f 1779/3/4 1780/3/4 1817/3/4
f 1816/1/4 1779/1/4 1817/1/4
f 1780/1/4 1781/1/4 1818/1/4
f 1817/3/4 1780/3/4 1818/3/4
f 1783/1/4 1739/1/4 1819/1/4
f 1782/1/4 1783/1/4 1819/1/4
f 1739/3/4 1740/3/4 1820/3/4
f 1819/1/4 1739/1/4 1820/1/4
f 1784/1/4 1785/1/4 1821/1/4
f 1820/3/4 1740/3/4 1821/3/4
f 1785/1/4 1786/1/4 1821/1/4
f 1740/1/4 1784/1/4 1821/1/4
f 1821/1/4 1786/1/4 1822/1/4
f 1786/4/4 1787/4/4 1823/4/4
f 1822/1/4 1786/1/4 1823/1/4
f 1788/1/4 1789/1/4 1824/1/4
f 1823/4/4 1787/4/4 1824/4/4
f 1787/1/4 1788/1/4 1824/1/4
f 1824/1/4 1789/1/4 1825/1/4
f 1789/4/4 1790/4/4 1826/4/4
f 1825/1/4 1789/1/4 1826/1/4
f 1791/1/4 1792/1/4 1827/1/4
f 1826/4/4 1790/4/4 1827/4/4
f 1790/1/4 1791/1/4 1827/1/4
f 1827/1/4 1792/1/4 1828/1/4
f 1828/1/4 1792/1/4 1829/1/4
f 1795/1/4 1796/1/4 1830/1/4
f 1796/1/4 1797/1/4 1830/1/4
f 1830/1/4 1797/1/4 1831/1/4
f 1797/4/4 1798/4/4 1832/4/4
f 1831/1/4 1797/1/4 1832/1/4
f 1798/1/4 1799/1/4 1833/1/4
f 1832/4/4 1798/4/4 1833/4/4
f 1799/1/4 1800/1/4 1833/1/4
f 1833/1/4 1800/1/4 1834/1/4
f 1800/4/4 1801/4/4 1835/4/4
f 1834/1/4 1800/1/4 1835/1/4
f 1801/1/4 1762/1/4 1836/1/4
f 1835/4/4 1801/4/4 1836/4/4
f 1836/1/4 1762/1/4 1837/1/4
f 1762/3/4 1763/3/4 1838/3/4
f 1837/1/4 1762/1/4 1838/1/4
f 1802/1/4 1803/1/4 1839/1/4
f 1838/3/4 1763/3/4 1839/3/4
f 1763/1/4 1802/1/4 1839/1/4
f 1839/1/4 1803/1/4 1840/1/4
f 1805/3/4 1806/3/4 1841/3/4
f 1804/1/4 1805/1/4 1841/1/4
f 1806/1/4 1807/1/4 1842/1/4
f 1841/3/4 1806/3/4 1842/3/4
f 1807/1/4 1808/1/4 1842/1/4
f 1842/1/4 1808/1/4 1843/1/4
f 1773/3/4 1774/3/4 1844/3/4
f 1809/1/4 1773/1/4 1844/1/4
f 1774/1/4 1708/1/4 1845/1/4
f 1844/3/4 1774/3/4 1845/3/4
f 1845/1/4 1708/1/4 1846/1/4
f 1846/1/4 1708/1/4 1847/1/4
f 1708/3/4 1709/3/4 1848/3/4
f 1847/1/4 1708/1/4 1848/1/4
f 1709/1/4 1636/1/4 1849/1/4
f 1848/3/4 1709/3/4 1849/3/4
f 1815/1/4 1775/1/4 1850/1/4
f 1814/1/4 1815/1/4 1850/1/4
f 1850/1/4 1775/1/4 1851/1/4
f 1851/1/4 1775/1/4 1852/1/4
f 1775/3/4 1776/3/4 1853/3/4
f 1852/1/4 1775/1/4 1853/1/4
f 1776/1/4 1816/1/4 1854/1/4
f 1853/3/4 1776/3/4 1854/3/4
f 1816/3/4 1817/3/4 1855/3/4
f 1854/1/4 1816/1/4 1855/1/4
f 1855/3/4 1817/3/4 1856/3/4
f 1817/1/4 1818/1/4 1857/1/4
f 1856/3/4 1817/3/4 1857/3/4
f 1818/1/4 1781/1/4 1858/1/4
f 1857/1/4 1818/1/4 1858/1/4
f 1781/1/4 1737/1/4 1859/1/4
f 1858/1/4 1781/1/4 1859/1/4
f 1821/1/4 1822/1/4 1860/1/4
f 1820/1/4 1821/1/4 1860/1/4
f 1860/1/4 1822/1/4 1861/1/4
f 1861/1/4 1822/1/4 1862/1/4
f 1862/1/4 1822/1/4 1863/1/4
f 1863/1/4 1822/1/4 1864/1/4
f 1864/1/4 1822/1/4 1865/1/4
f 1822/4/4 1823/4/4 1866/4/4
f 1865/1/4 1822/1/4 1866/1/4
f 1823/1/4 1824/1/4 1867/1/4
f 1866/4/4 1823/4/4 1867/4/4
f 1824/1/4 1825/1/4 1867/1/4
f 1867/1/4 1825/1/4 1868/1/4
f 1868/1/4 1825/1/4 1869/1/4
f 1825/4/4 1826/4/4 1870/4/4
f 1869/1/4 1825/1/4 1870/1/4
f 1826/1/4 1827/1/4 1871/1/4
f 1870/4/4 1826/4/4 1871/4/4
f 1827/1/4 1828/1/4 1871/1/4
f 1793/3/4 1751/3/4 1872/3/4
f 1792/3/4 1793/3/4 1872/3/4
f 1751/1/4 1752/1/4 1873/1/4
f 1872/3/4 1751/3/4 1873/3/4
f 1752/1/4 1602/1/4 1874/1/4
f 1873/1/4 1752/1/4 1874/1/4
f 1753/1/4 1754/1/4 1875/1/4
f 1609/1/4 1753/1/4 1875/1/4
f 1794/3/4 1795/3/4 1876/3/4
f 1875/1/4 1754/1/4 1876/1/4
f 1754/3/4 1794/3/4 1876/3/4
f 1876/3/4 1795/3/4 1877/3/4
f 1833/4/4 1834/4/4 1878/4/4
f 1831/1/4 1832/1/4 1878/1/4
f 1832/1/4 1833/1/4 1878/1/4
f 1834/1/4 1835/1/4 1879/1/4
f 1878/4/4 1834/4/4 1879/4/4
f 1835/1/4 1836/1/4 1879/1/4
f 1879/1/4 1836/1/4 1880/1/4
f 1836/4/4 1837/4/4 1881/4/4
f 1880/1/4 1836/1/4 1881/1/4
f 1837/1/4 1838/1/4 1882/1/4
f 1881/4/4 1837/4/4 1882/4/4
f 1838/1/4 1839/1/4 1882/1/4
f 1882/1/4 1839/1/4 1883/1/4
f 1842/3/4 1843/3/4 1884/3/4
f 1841/1/4 1842/1/4 1884/1/4
f 1843/1/4 1808/1/4 1885/1/4
f 1884/3/4 1843/3/4 1885/3/4
f 1808/3/4 1809/3/4 1886/3/4
f 1885/1/4 1808/1/4 1886/1/4
f 1809/1/4 1844/1/4 1887/1/4
f 1886/3/4 1809/3/4 1887/3/4
f 1844/1/4 1845/1/4 1887/1/4
f 1887/1/4 1845/1/4 1888/1/4
f 1812/1/4 1813/1/4 1889/1/4
f 1813/3/4 1814/3/4 1890/3/4
f 1889/1/4 1813/1/4 1890/1/4
f 1814/1/4 1850/1/4 1891/1/4
f 1890/3/4 1814/3/4 1891/3/4
f 1850/2/4 1851/2/4 1892/2/4
f 1891/1/4 1850/1/4 1892/1/4
f 1851/1/4 1852/1/4 1893/1/4
f 1892/2/4 1851/2/4 1893/2/4
f 1855/2/4 1856/2/4 1894/2/4
f 1854/3/4 1855/3/4 1894/3/4
f 1856/1/4 1857/1/4 1895/1/4
f 1894/2/4 1856/2/4 1895/2/4
f 1857/1/4 1858/1/4 1895/1/4
f 1858/2/4 1859/2/4 1896/2/4
f 1895/1/4 1858/1/4 1896/1/4
f 1859/1/4 1737/1/4 1897/1/4
f 1896/2/4 1859/2/4 1897/2/4
f 1897/1/4 1737/1/4 1898/1/4
f 1737/3/4 1782/3/4 1899/3/4
f 1898/1/4 1737/1/4 1899/1/4
f 1820/1/4 1860/1/4 1900/1/4
f 1860/2/4 1861/2/4 1900/2/4
f 1861/1/4 1862/1/4 1901/1/4
f 1900/2/4 1861/2/4 1901/2/4
f 1862/2/4 1863/2/4 1902/2/4
f 1901/1/4 1862/1/4 1902/1/4
f 1863/1/4 1864/1/4 1903/1/4
f 1902/2/4 1863/2/4 1903/2/4
f 1864/2/4 1865/2/4 1904/2/4
f 1903/1/4 1864/1/4 1904/1/4
f 1865/4/4 1866/4/4 1905/4/4
f 1904/2/4 1865/2/4 1905/2/4
f 1866/1/4 1867/1/4 1906/1/4
f 1905/4/4 1866/4/4 1906/4/4
f 1867/2/4 1868/2/4 1907/2/4
f 1906/1/4 1867/1/4 1907/1/4
f 1868/1/4 1869/1/4 1908/1/4
f 1907/2/4 1868/2/4 1908/2/4
f 1908/1/4 1869/1/4 1909/1/4
f 1869/4/4 1870/4/4 1910/4/4
f 1909/1/4 1869/1/4 1910/1/4
f 1870/1/4 1871/1/4 1911/1/4
f 1910/4/4 1870/4/4 1911/4/4
f 1878/1/4 1879/1/4 1912/1/4
f 1879/4/4 1880/4/4 1912/4/4
f 1880/1/4 1881/1/4 1913/1/4
f 1912/4/4 1880/4/4 1913/4/4
f 1881/1/4 1882/1/4 1913/1/4
f 1913/1/4 1882/1/4 1914/1/4
f 1882/4/4 1883/4/4 1915/4/4
f 1914/1/4 1882/1/4 1915/1/4
f 1883/1/4 1839/1/4 1916/1/4
f 1915/4/4 1883/4/4 1916/4/4
f 1916/1/4 1839/1/4 1917/1/4
f 1765/1/4 1804/1/4 1918/1/4
f 1841/1/4 1884/1/4 1918/1/4
f 1803/3/4 1765/3/4 1918/3/4
f 1884/1/4 1885/1/4 1918/1/4
f 1804/1/4 1841/1/4 1918/1/4
f 1918/1/4 1885/1/4 1919/1/4
f 1888/1/4 1845/1/4 1920/1/4
f 1845/3/4 1846/3/4 1920/3/4
f 1846/1/4 1847/1/4 1921/1/4
f 1920/3/4 1846/3/4 1921/3/4
f 1921/1/4 1847/1/4 1922/1/4
f 1891/1/4 1892/1/4 1923/1/4
f 1893/1/4 1852/1/4 1923/1/4
f 1890/1/4 1891/1/4 1923/1/4
f 1892/1/4 1893/1/4 1923/1/4
f 1852/3/4 1853/3/4 1924/3/4
f 1923/1/4 1852/1/4 1924/1/4
f 1853/1/4 1854/1/4 1925/1/4
f 1924/3/4 1853/3/4 1925/3/4
f 1854/3/4 1894/3/4 1926/3/4
f 1925/1/4 1854/1/4 1926/1/4
f 1897/1/4 1898/1/4 1927/1/4
f 1926/3/4 1894/3/4 1927/3/4
f 1896/1/4 1897/1/4 1927/1/4
f 1895/1/4 1896/1/4 1927/1/4
f 1894/1/4 1895/1/4 1927/1/4
f 1927/1/4 1898/1/4 1928/1/4
f 1898/3/4 1899/3/4 1929/3/4
f 1928/1/4 1898/1/4 1929/1/4
f 1929/3/4 1899/3/4 1930/3/4
f 1782/1/4 1819/1/4 1931/1/4
f 1930/3/4 1899/3/4 1931/3/4
f 1899/3/4 1782/3/4 1931/3/4
f 1931/1/4 1819/1/4 1932/1/4
f 1932/1/4 1819/1/4 1933/1/4
f 1819/3/4 1820/3/4 1934/3/4
f 1933/1/4 1819/1/4 1934/1/4
f 1900/1/4 1901/1/4 1935/1/4
f 1934/3/4 1820/3/4 1935/3/4
f 1820/1/4 1900/1/4 1935/1/4
f 1902/1/4 1903/1/4 1935/1/4
f 1903/1/4 1904/1/4 1935/1/4
f 1901/1/4 1902/1/4 1935/1/4
f 1906/1/4 1907/1/4 1936/1/4
f 1908/1/4 1909/1/4 1936/1/4
f 1905/1/4 1906/1/4 1936/1/4
f 1907/1/4 1908/1/4 1936/1/4
f 1909/4/4 1910/4/4 1937/4/4
f 1936/1/4 1909/1/4 1937/1/4
f 1910/1/4 1911/1/4 1938/1/4
f 1937/4/4 1910/4/4 1938/4/4
f 1829/1/4 1792/1/4 1939/1/4
f 1828/3/4 1829/3/4 1939/3/4
f 1792/3/4 1872/3/4 1940/3/4
f 1939/1/4 1792/1/4 1940/1/4
f 1872/1/4 1873/1/4 1941/1/4
f 1940/3/4 1872/3/4 1941/3/4
f 1877/3/4 1795/3/4 1942/3/4
f 1876/1/4 1877/1/4 1942/1/4
f 1795/1/4 1830/1/4 1943/1/4
f 1942/3/4 1795/3/4 1943/3/4
f 1830/3/4 1831/3/4 1944/3/4
f 1943/1/4 1830/1/4 1944/1/4
f 1912/1/4 1913/1/4 1945/1/4
f 1913/4/4 1914/4/4 1945/4/4
f 1915/1/4 1916/1/4 1946/1/4
f 1945/4/4 1914/4/4 1946/4/4
f 1914/1/4 1915/1/4 1946/1/4
f 1946/1/4 1916/1/4 1947/1/4
f 1917/1/4 1839/1/4 1948/1/4
f 1839/3/4 1840/3/4 1948/3/4
f 1840/1/4 1803/1/4 1949/1/4
f 1948/3/4 1840/3/4 1949/3/4
f 1949/1/4 1803/1/4 1950/1/4
f 1950/1/4 1803/1/4 1951/1/4
f 1803/3/4 1918/3/4 1952/3/4
f 1951/1/4 1803/1/4 1952/1/4
f 1918/3/4 1919/3/4 1952/3/4
f 1952/3/4 1919/3/4 1953/3/4
f 1919/1/4 1885/1/4 1954/1/4
f 1953/3/4 1919/3/4 1954/3/4
f 1954/1/4 1885/1/4 1955/1/4
f 1885/3/4 1886/3/4 1956/3/4
f 1955/1/4 1885/1/4 1956/1/4
f 1886/1/4 1887/1/4 1957/1/4
f 1956/3/4 1886/3/4 1957/3/4
f 1887/3/4 1888/3/4 1958/3/4
f 1957/1/4 1887/1/4 1958/1/4
f 1888/1/4 1920/1/4 1959/1/4
f 1958/3/4 1888/3/4 1959/3/4
f 1920/1/4 1921/1/4 1959/1/4
f 1959/1/4 1921/1/4 1960/1/4
f 1812/1/4 1889/1/4 1961/1/4
f 1889/3/4 1890/3/4 1962/3/4
f 1961/1/4 1889/1/4 1962/1/4
f 1890/1/4 1923/1/4 1963/1/4
f 1962/3/4 1890/3/4 1963/3/4
f 1963/1/4 1923/1/4 1964/1/4
f 1964/1/4 1923/1/4 1965/1/4
f 1924/1/4 1925/1/4 1966/1/4
f 1923/3/4 1924/3/4 1966/3/4
f 1925/3/4 1926/3/4 1967/3/4
f 1966/1/4 1925/1/4 1967/1/4
f 1926/1/4 1927/1/4 1968/1/4
f 1927/1/4 1928/1/4 1968/1/4
f 1968/1/4 1928/1/4 1969/1/4
f 1969/1/4 1928/1/4 1970/1/4
f 1928/3/4 1929/3/4 1971/3/4
f 1970/1/4 1928/1/4 1971/1/4
f 1929/1/4 1930/1/4 1972/1/4
f 1971/3/4 1929/3/4 1972/3/4
f 1931/3/4 1932/3/4 1973/3/4
f 1930/3/4 1931/3/4 1973/3/4
f 1932/1/4 1933/1/4 1974/1/4
f 1973/3/4 1932/3/4 1974/3/4
f 1974/1/4 1933/1/4 1975/1/4
f 1935/1/4 1904/1/4 1976/1/4
f 1934/1/4 1935/1/4 1976/1/4
f 1976/1/4 1904/1/4 1977/1/4
f 1977/1/4 1904/1/4 1978/1/4
f 1978/1/4 1904/1/4 1979/1/4
f 1979/1/4 1904/1/4 1980/1/4
f 1904/4/4 1905/4/4 1981/4/4
f 1980/1/4 1904/1/4 1981/1/4
f 1905/1/4 1936/1/4 1982/1/4
f 1981/4/4 1905/4/4 1982/4/4
f 1982/1/4 1936/1/4 1983/1/4
f 1936/4/4 1937/4/4 1984/4/4
f 1983/1/4 1936/1/4 1984/1/4
f 1984/4/4 1937/4/4 1985/4/4
f 1937/1/4 1938/1/4 1986/1/4
f 1985/4/4 1937/4/4 1986/4/4
f 1938/1/4 1911/1/4 1987/1/4
f 1986/1/4 1938/1/4 1987/1/4
f 1871/1/4 1828/1/4 1987/1/4
f 1911/1/4 1871/1/4 1987/1/4
f 1939/3/4 1940/3/4 1988/3/4
f 1987/1/4 1828/1/4 1988/1/4
f 1828/3/4 1939/3/4 1988/3/4
f 1912/1/4 1945/1/4 1989/1/4
f 1944/3/4 1831/3/4 1989/3/4
f 1878/1/4 1912/1/4 1989/1/4
f 1831/1/4 1878/1/4 1989/1/4
f 1943/3/4 1944/3/4 1989/3/4
f 1945/1/4 1946/1/4 1989/1/4
f 1989/1/4 1946/1/4 1990/1/4
f 1946/4/4 1947/4/4 1991/4/4
f 1990/1/4 1946/1/4 1991/1/4
f 1991/4/4 1947/4/4 1992/4/4
f 1947/1/4 1916/1/4 1993/1/4
f 1992/4/4 1947/4/4 1993/4/4
f 1993/1/4 1916/1/4 1994/1/4
f 1916/4/4 1917/4/4 1995/4/4
f 1994/1/4 1916/1/4 1995/1/4
f 1917/1/4 1948/1/4 1996/1/4
f 1995/4/4 1917/4/4 1996/4/4
f 1948/1/4 1949/1/4 1996/1/4
f 1996/1/4 1949/1/4 1997/1/4
f 1950/1/4 1951/1/4 1998/1/4
f 1952/3/4 1953/3/4 1999/3/4
f 1998/1/4 1951/1/4 1999/1/4
f 1951/3/4 1952/3/4 1999/3/4
f 1999/3/4 1953/3/4 2000/3/4
f 1954/3/4 1955/3/4 2001/3/4
f 1953/1/4 1954/1/4 2001/1/4
f 1955/1/4 1956/1/4 2002/1/4
f 2001/3/4 1955/3/4 2002/3/4
f 1956/1/4 1957/1/4 2002/1/4
f 2002/1/4 1957/1/4 2003/1/4
f 1960/1/4 1921/1/4 2004/1/4
f 1921/3/4 1922/3/4 2004/3/4
f 1922/1/4 1847/1/4 2005/1/4
f 2004/3/4 1922/3/4 2005/3/4
f 2005/1/4 1847/1/4 2006/1/4
f 1568/1/4 1810/1/4 2007/1/4
f 1810/1/4 1811/1/4 2007/1/4
f 1811/3/4 1812/3/4 2008/3/4
f 2007/1/4 1811/1/4 2008/1/4
f 1812/1/4 1961/1/4 2009/1/4
f 2008/3/4 1812/3/4 2009/3/4
f 1961/3/4 1962/3/4 2010/3/4
f 2009/1/4 1961/1/4 2010/1/4
f 1962/1/4 1963/1/4 2011/1/4
f 2010/3/4 1962/3/4 2011/3/4
f 1963/1/4 1964/1/4 2011/1/4
f 1964/2/4 1965/2/4 2012/2/4
f 2011/1/4 1964/1/4 2012/1/4
f 1965/1/4 1923/1/4 2013/1/4
f 2012/2/4 1965/2/4 2013/2/4
f 1923/3/4 1966/3/4 2014/3/4
f 2013/1/4 1923/1/4 2014/1/4
f 1966/2/4 1967/2/4 2015/2/4
f 2014/3/4 1966/3/4 2015/3/4
f 1967/3/4 1926/3/4 2016/3/4
f 2015/2/4 1967/2/4 2016/2/4
f 1926/1/4 1968/1/4 2017/1/4
f 2016/3/4 1926/3/4 2017/3/4
f 1968/2/4 1969/2/4 2018/2/4
f 2017/1/4 1968/1/4 2018/1/4
f 1969/1/4 1970/1/4 2019/1/4
f 2018/2/4 1969/2/4 2019/2/4
f 1970/3/4 1971/3/4 2020/3/4
f 2019/1/4 1970/1/4 2020/1/4
f 1971/1/4 1972/1/4 2021/1/4
f 2020/3/4 1971/3/4 2021/3/4
f 1930/3/4 1973/3/4 2022/3/4
f 2021/1/4 1972/1/4 2022/1/4
f 1972/1/4 1930/1/4 2022/1/4
f 1973/1/4 1974/1/4 2023/1/4
f 2022/3/4 1973/3/4 2023/3/4
f 1974/3/4 1975/3/4 2024/3/4
f 2023/1/4 1974/1/4 2024/1/4
f 1975/1/4 1933/1/4 2025/1/4
f 2024/3/4 1975/3/4 2025/3/4
f 1933/3/4 1934/3/4 2026/3/4
f 2025/1/4 1933/1/4 2026/1/4
f 1934/1/4 1976/1/4 2027/1/4
f 2026/3/4 1934/3/4 2027/3/4
f 1976/2/4 1977/2/4 2028/2/4
f 2027/1/4 1976/1/4 2028/1/4
f 1977/1/4 1978/1/4 2029/1/4
f 2028/2/4 1977/2/4 2029/2/4
f 1978/2/4 1979/2/4 2030/2/4
f 2029/1/4 1978/1/4 2030/1/4
f 1979/1/4 1980/1/4 2031/1/4
f 2030/2/4 1979/2/4 2031/2/4
f 1980/4/4 1981/4/4 2032/4/4
f 2031/1/4 1980/1/4 2032/1/4
f 1981/2/4 1982/2/4 2033/2/4
f 2032/4/4 1981/4/4 2033/4/4
f 1982/1/4 1983/1/4 2034/1/4
f 2033/2/4 1982/2/4 2034/2/4
f 1983/4/4 1984/4/4 2035/4/4
f 2034/1/4 1983/1/4 2035/1/4
f 1984/3/4 1985/3/4 2036/3/4
f 2035/4/4 1984/4/4 2036/4/4
f 1985/1/4 1986/1/4 2037/1/4
f 2036/3/4 1985/3/4 2037/3/4
f 1986/1/4 1987/1/4 2037/1/4
f 1987/3/4 1988/3/4 2038/3/4
f 2037/1/4 1987/1/4 2038/1/4
f 1988/3/4 1940/3/4 2039/3/4
f 2038/3/4 1988/3/4 2039/3/4
f 1940/1/4 1941/1/4 2039/1/4
f 1941/1/4 1873/1/4 2040/1/4
f 2039/1/4 1941/1/4 2040/1/4
f 1873/3/4 1874/3/4 2040/3/4
f 1874/1/4 1602/1/4 2041/1/4
f 2040/3/4 1874/3/4 2041/3/4
f 1602/3/4 1603/3/4 2042/3/4
f 2041/1/4 1602/1/4 2042/1/4
f 1603/1/4 1674/1/4 2043/1/4
f 2042/3/4 1603/3/4 2043/3/4
f 1674/1/4 1675/1/4 2043/1/4
f 1675/1/4 1676/1/4 2043/1/4
f 1676/1/4 1677/1/4 2043/1/4
f 1608/3/4 1609/3/4 2044/3/4
f 2043/1/4 1677/1/4 2044/1/4
f 1677/1/4 1608/1/4 2044/1/4
f 1609/1/4 1875/1/4 2045/1/4
f 2044/3/4 1609/3/4 2045/3/4
f 1875/3/4 1876/3/4 2046/3/4
f 2045/1/4 1875/1/4 2046/1/4
f 1942/1/4 1943/1/4 2047/1/4
f 2046/3/4 1876/3/4 2047/3/4
f 1876/1/4 1942/1/4 2047/1/4
f 1989/3/4 1990/3/4 2048/3/4
f 2047/1/4 1943/1/4 2048/1/4
f 1943/3/4 1989/3/4 2048/3/4
f 1991/1/4 1992/1/4 2049/1/4
f 2048/3/4 1990/3/4 2049/3/4
f 1990/1/4 1991/1/4 2049/1/4
f 1992/3/4 1993/3/4 2050/3/4
f 2049/1/4 1992/1/4 2050/1/4
f 1993/4/4 1994/4/4 2051/4/4
f 2050/3/4 1993/3/4 2051/3/4
f 1994/1/4 1995/1/4 2052/1/4
f 2051/4/4 1994/4/4 2052/4/4
f 1995/1/4 1996/1/4 2052/1/4
f 1996/4/4 1997/4/4 2053/4/4
f 2052/1/4 1996/1/4 2053/1/4
f 1997/1/4 1949/1/4 2054/1/4
f 2053/4/4 1997/4/4 2054/4/4
f 1949/3/4 1950/3/4 2055/3/4
f 2054/1/4 1949/1/4 2055/1/4
f 1950/1/4 1998/1/4 2056/1/4
f 2055/3/4 1950/3/4 2056/3/4
f 1998/3/4 1999/3/4 2057/3/4
f 2056/1/4 1998/1/4 2057/1/4
f 1999/1/4 2000/1/4 2058/1/4
f 2057/3/4 1999/3/4 2058/3/4
f 2000/3/4 1953/3/4 2059/3/4
f 2058/1/4 2000/1/4 2059/1/4
f 1953/1/4 2001/1/4 2060/1/4
f 2059/3/4 1953/3/4 2060/3/4
f 2001/1/4 2002/1/4 2060/1/4
f 2002/3/4 2003/3/4 2061/3/4
f 2060/1/4 2002/1/4 2061/1/4
f 2003/1/4 1957/1/4 2062/1/4
f 2061/3/4 2003/3/4 2062/3/4
f 1957/3/4 1958/3/4 2063/3/4
f 2062/1/4 1957/1/4 2063/1/4
f 1958/1/4 1959/1/4 2064/1/4
f 2063/3/4 1958/3/4 2064/3/4
f 1959/3/4 1960/3/4 2065/3/4
f 2064/1/4 1959/1/4 2065/1/4
f 1960/1/4 2004/1/4 2066/1/4
f 2065/3/4 1960/3/4 2066/3/4
f 2004/1/4 2005/1/4 2066/1/4
f 2005/3/4 2006/3/4 2067/3/4
f 2066/1/4 2005/1/4 2067/1/4
f 2006/1/4 1847/1/4 2068/1/4
f 2067/3/4 2006/3/4 2068/3/4
f 1847/3/4 1848/3/4 2069/3/4
f 2068/1/4 1847/1/4 2069/1/4
f 1848/1/4 1849/1/4 2070/1/4
f 2069/3/4 1848/3/4 2070/3/4
f 1849/1/4 1636/1/4 2071/1/4
f 2070/1/4 1849/1/4 2071/1/4
f 2074/1/5 2073/1/5 2072/1/5
f 2075/1/5 2073/1/5 2074/1/5
f 2076/1/5 2074/1/5 2072/1/5
f 2076/3/5 2075/3/5 2074/3/5
f 2077/3/5 2075/3/5 2076/3/5
f 2078/1/5 2076/1/5 2072/1/5
f 2078/1/5 2077/1/5 2076/1/5
f 2079/1/5 2077/1/5 2078/1/5
f 2080/1/6 2081/1/6 2082/1/6
f 2082/1/6 2081/1/6 2083/1/6
f 2080/1/6 2082/1/6 2084/1/6
f 2082/3/6 2083/3/6 2084/3/6
f 2084/3/6 2083/3/6 2085/3/6
f 2080/1/6 2084/1/6 2086/1/6
f 2084/1/6 2085/1/6 2086/1/6
f 2086/1/6 2085/1/6 2087/1/6
