# MagicaVoxel @ Ephtracy

# group
o 

# material
mtllib stadium-large-complex-22.mtl
usemtl palette

# normals
vn -1 0 0
vn 1 0 0
vn 0 0 1
vn 0 0 -1
vn 0 -1 0
vn 0 1 0

# texcoords
vt 0.970703 0.5
vt 0.974609 0.5
vt 0.978516 0.5
vt 0.982422 0.5

# verts
v -12.8 0 5
v -12.8 0 4
v -12.8 1.6 4.1
v -12.8 1.6 4
v -12.8 1.7 4.3
v -12.8 1.7 4.1
v -12.8 1.7 4
v -12.8 1.8 4.5
v -12.8 1.8 4.3
v -12.8 1.8 4.1
v -12.8 1.9 4.7
v -12.8 1.9 4.5
v -12.8 1.9 4.3
v -12.8 2 4.8
v -12.8 2 4.7
v -12.8 2 4.5
v -12.8 2 4.4
v -12.8 2 4.3
v -12.8 2 4.1
v -12.8 2 4
v -12.8 2.1 5
v -12.8 2.1 4.8
v -12.8 2.1 4.7
v -12.8 2.1 4.4
v -12.8 2.1 4.3
v -12.8 2.1 4.1
v -12.8 2.1 4
v -12.8 2.2 5
v -12.8 2.2 4.8
v -12.8 2.3 4.4
v -12.8 2.3 4.3
v -12.8 2.3 4.1
v -12.8 2.3 4
v -12.8 2.4 4.4
v -12.8 2.4 4.3
v -12.8 2.4 4.1
v -12.8 2.4 4
v -12.8 2.5 4.5
v -12.8 2.5 4.1
v -12.8 2.5 4
v -12.8 2.6 5
v -12.8 2.6 4.9
v -12.8 2.6 4.8
v -12.8 2.6 4.5
v -12.8 2.6 4.4
v -12.8 2.6 4.3
v -12.8 2.6 4.1
v -12.8 2.6 4
v -12.8 2.7 5
v -12.8 2.7 4.9
v -12.8 2.7 4.8
v -12.8 2.7 4.5
v -12.8 2.7 4.4
v -12.8 2.7 4.3
v -12.8 2.7 4.1
v -12.8 2.7 4
v -12.8 2.8 5
v -12.8 2.8 4.8
v -12.8 2.9 5
v -12.8 2.9 4.9
v -12.8 2.9 4.7
v -12.8 2.9 4.6
v -12.8 2.9 4.4
v -12.8 2.9 4.3
v -12.8 2.9 4.1
v -12.8 2.9 4
v -12.8 3 5
v -12.8 3 4.9
v -12.8 3 4.7
v -12.8 3 4.6
v -12.8 3 4.4
v -12.8 3 4.3
v -12.8 3 4.1
v -12.8 3 4
v -12.8 3.1 5
v -12.8 3.1 4.9
v -12.8 3.2 5
v -12.8 3.2 4.9
v -12.8 3.2 4.8
v -12.8 3.3 4.9
v -12.8 3.3 4.8
v -12.8 3.3 4.6
v -12.8 3.4 4.8
v -12.8 3.4 4.6
v -12.8 3.4 4.5
v -12.8 3.5 4.6
v -12.8 3.5 4.5
v -12.8 3.5 4.4
v -12.8 3.6 4.5
v -12.8 3.6 4.4
v -12.8 3.6 4.3
v -12.8 3.6 4.1
v -12.8 3.6 4
v -12.8 3.7 4.4
v -12.8 3.7 4.3
v -12.8 3.7 4.1
v -12.8 3.7 4
v -12.8 3.8 4.3
v -12.8 3.8 4.1
v -12.8 3.8 4
v -12.8 3.9 4.1
v -12.8 3.9 4
v -12.8 5.1 4.2
v -12.8 5.1 4
v -12.8 5.2 4.4
v -12.8 5.2 4.2
v -12.8 5.2 4
v -12.8 5.3 4.6
v -12.8 5.3 4.4
v -12.8 5.3 4.2
v -12.8 5.4 4.9
v -12.8 5.4 4.6
v -12.8 5.4 4.4
v -12.8 5.5 5
v -12.8 5.5 4.9
v -12.8 5.5 4.6
v -12.8 5.6 5
v -12.8 5.6 4.9
v -12.8 6 4.1
v -12.8 6 4
v -12.8 6.1 5
v -12.8 6.1 4.1
v -12.8 6.2 5
v -12.8 6.2 4
v -12.8 6.6 4.1
v -12.8 6.6 4
v -12.8 6.7 4.7
v -12.8 6.7 4.1
v -12.8 6.7 4
v -12.8 6.8 5
v -12.8 6.8 4.7
v -12.8 6.8 4.1
v -12.8 6.9 5
v -12.8 6.9 4.7
v -12.8 6.9 4.2
v -12.8 6.9 4
v -12.8 7 4.8
v -12.8 7 4.2
v -12.8 7 4.1
v -12.8 7 4
v -12.8 7.1 5
v -12.8 7.1 4.8
v -12.8 7.1 4.3
v -12.8 7.1 4.2
v -12.8 7.1 4.1
v -12.8 7.1 4
v -12.8 7.2 5
v -12.8 7.2 4.8
v -12.8 7.2 4.4
v -12.8 7.2 4.3
v -12.8 7.2 4.1
v -12.8 7.3 4.6
v -12.8 7.3 4.4
v -12.8 7.3 4.3
v -12.8 7.4 4.7
v -12.8 7.4 4.6
v -12.8 7.4 4.4
v -12.8 7.5 4.9
v -12.8 7.5 4.7
v -12.8 7.5 4.6
v -12.8 7.6 5
v -12.8 7.6 4.9
v -12.8 7.6 4.7
v -12.8 7.7 5
v -12.8 7.7 4.9
v -12.8 7.8 4.1
v -12.8 7.8 4
v -12.8 7.9 4.2
v -12.8 7.9 4.1
v -12.8 7.9 4
v -12.8 8 4.4
v -12.8 8 4.3
v -12.8 8 4.1
v -12.8 8 4
v -12.8 8.1 5
v -12.8 8.1 4.4
v -12.8 8.1 4.3
v -12.8 8.1 4.2
v -12.8 8.1 4.1
v -12.8 8.1 4
v -12.8 8.2 5
v -12.8 8.2 4.3
v -12.8 8.2 4.2
v -12.8 8.2 4
v -12.8 8.3 4.4
v -12.8 8.3 4.3
v -12.8 8.3 4.2
v -12.8 8.3 4.1
v -12.8 8.3 4
v -12.8 8.4 4.1
v -12.8 8.4 4
v -12.8 8.5 4.5
v -12.8 8.5 4.4
v -12.8 8.5 4.3
v -12.8 8.6 5
v -12.8 8.6 4.9
v -12.8 8.6 4.7
v -12.8 8.6 4.6
v -12.8 8.6 4.5
v -12.8 8.6 4.4
v -12.8 8.6 4.3
v -12.8 8.6 4.1
v -12.8 8.6 4
v -12.8 8.7 5
v -12.8 8.7 4.9
v -12.8 8.7 4.7
v -12.8 8.7 4.6
v -12.8 8.7 4.5
v -12.8 8.7 4.4
v -12.8 8.7 4.3
v -12.8 8.7 4.1
v -12.8 8.7 4
v -12.8 8.9 5
v -12.8 8.9 4.9
v -12.8 8.9 4.8
v -12.8 8.9 4.7
v -12.8 8.9 4.6
v -12.8 8.9 4.4
v -12.8 8.9 4.3
v -12.8 8.9 4.1
v -12.8 8.9 4
v -12.8 9 5
v -12.8 9 4.9
v -12.8 9 4.7
v -12.8 9 4.6
v -12.8 9 4.4
v -12.8 9 4.3
v -12.8 9 4.1
v -12.8 9 4
v -12.8 9.1 4.9
v -12.8 9.1 4.8
v -12.8 9.1 4.7
v -12.8 9.2 5
v -12.8 9.2 4.9
v -12.8 9.3 4.8
v -12.8 9.3 4.7
v -12.8 9.4 4.9
v -12.8 9.4 4.7
v -12.8 9.4 4
v -12.8 9.5 5
v -12.8 9.5 4.9
v -12.8 9.5 4.7
v -12.8 9.5 4
v -12.8 10.1 5
v -12.8 10.1 4.9
v -12.8 10.2 5
v -12.8 10.2 4.9
v -12.8 10.2 4.7
v -12.8 10.3 4.9
v -12.8 10.3 4.7
v -12.8 10.3 4.5
v -12.8 10.3 4.1
v -12.8 10.3 4
v -12.8 10.4 5
v -12.8 10.4 4.9
v -12.8 10.4 4.7
v -12.8 10.4 4.5
v -12.8 10.4 4.3
v -12.8 10.4 4.2
v -12.8 10.4 4.1
v -12.8 10.4 4
v -12.8 10.5 4.9
v -12.8 10.5 4.7
v -12.8 10.5 4.5
v -12.8 10.5 4.3
v -12.8 10.5 4.2
v -12.8 10.5 4.1
v -12.8 10.6 5
v -12.8 10.6 4.7
v -12.8 10.6 4.5
v -12.8 10.6 4.4
v -12.8 10.6 4.3
v -12.8 10.6 4.2
v -12.8 10.6 4.1
v -12.8 10.6 4
v -12.8 10.7 5
v -12.8 10.7 4.7
v -12.8 10.7 4.5
v -12.8 10.7 4.4
v -12.8 10.7 4.3
v -12.8 10.7 4.2
v -12.8 10.8 5
v -12.8 10.8 4.9
v -12.8 10.8 4.3
v -12.8 10.8 4
v -12.8 10.9 4.9
v -12.8 10.9 4.6
v -12.8 10.9 4.5
v -12.8 10.9 4.4
v -12.8 10.9 4.3
v -12.8 10.9 4
v -12.8 11 4.7
v -12.8 11 4.6
v -12.8 11 4.5
v -12.8 11 4.4
v -12.8 11 4
v -12.8 11.1 4.8
v -12.8 11.1 4.7
v -12.8 11.1 4.6
v -12.8 11.3 4.9
v -12.8 11.3 4.8
v -12.8 11.3 4.7
v -12.8 11.3 4.1
v -12.8 11.3 4
v -12.8 11.4 5
v -12.8 11.4 4.9
v -12.8 11.4 4.8
v -12.8 11.4 4.4
v -12.8 11.4 4.1
v -12.8 11.4 4
v -12.8 11.5 5
v -12.8 11.5 4.9
v -12.8 11.5 4.7
v -12.8 11.5 4.4
v -12.8 11.5 4.1
v -12.8 11.6 5
v -12.8 11.6 4.7
v -12.8 11.6 4.4
v -12.8 11.7 5
v -12.8 11.7 4.7
v -12.8 13.9 5
v -12.8 13.9 4.7
v -12.8 14 5
v -12.8 14 4.7
v -12.8 14 4.4
v -12.8 14.1 5
v -12.8 14.1 4.9
v -12.8 14.1 4.7
v -12.8 14.1 4.4
v -12.8 14.1 4.1
v -12.8 14.2 5
v -12.8 14.2 4.9
v -12.8 14.2 4.8
v -12.8 14.2 4.4
v -12.8 14.2 4.1
v -12.8 14.2 4
v -12.8 14.3 4.9
v -12.8 14.3 4.8
v -12.8 14.3 4.7
v -12.8 14.3 4.1
v -12.8 14.3 4
v -12.8 14.5 4.8
v -12.8 14.5 4.7
v -12.8 14.5 4.6
v -12.8 14.6 4.7
v -12.8 14.6 4.6
v -12.8 14.6 4.5
v -12.8 14.6 4.4
v -12.8 14.6 4
v -12.8 14.7 4.9
v -12.8 14.7 4.6
v -12.8 14.7 4.5
v -12.8 14.7 4.4
v -12.8 14.7 4.3
v -12.8 14.7 4
v -12.8 14.8 5
v -12.8 14.8 4.9
v -12.8 14.8 4.3
v -12.8 14.8 4
v -12.8 14.9 5
v -12.8 14.9 4.7
v -12.8 14.9 4.5
v -12.8 14.9 4.4
v -12.8 14.9 4.3
v -12.8 14.9 4.2
v -12.8 15 5
v -12.8 15 4.7
v -12.8 15 4.5
v -12.8 15 4.4
v -12.8 15 4.3
v -12.8 15 4.2
v -12.8 15 4.1
v -12.8 15 4
v -12.8 15.1 4.9
v -12.8 15.1 4.7
v -12.8 15.1 4.5
v -12.8 15.1 4.3
v -12.8 15.1 4.2
v -12.8 15.1 4.1
v -12.8 15.2 5
v -12.8 15.2 4.9
v -12.8 15.2 4.7
v -12.8 15.2 4.5
v -12.8 15.2 4.3
v -12.8 15.2 4.2
v -12.8 15.2 4.1
v -12.8 15.2 4
v -12.8 15.3 4.9
v -12.8 15.3 4.7
v -12.8 15.3 4.5
v -12.8 15.3 4.1
v -12.8 15.3 4
v -12.8 15.4 5
v -12.8 15.4 4.9
v -12.8 15.4 4.7
v -12.8 15.5 5
v -12.8 15.5 4.9
v -12.8 16 4.4
v -12.8 16 4.3
v -12.8 16 4.1
v -12.8 16 4
v -12.8 16.1 5
v -12.8 16.1 4.9
v -12.8 16.1 4.7
v -12.8 16.1 4.4
v -12.8 16.1 4.3
v -12.8 16.1 4.1
v -12.8 16.1 4
v -12.8 16.2 4.9
v -12.8 16.2 4.7
v -12.8 16.2 4
v -12.8 16.3 4.8
v -12.8 16.3 4.7
v -12.8 16.4 5
v -12.8 16.4 4.9
v -12.8 16.5 4.9
v -12.8 16.5 4.8
v -12.8 16.5 4.7
v -12.8 16.5 4.4
v -12.8 16.5 4.3
v -12.8 16.5 4.1
v -12.8 16.5 4
v -12.8 16.6 4.4
v -12.8 16.6 4.3
v -12.8 16.6 4.1
v -12.8 16.6 4
v -12.8 16.7 4.8
v -12.8 16.7 4.7
v -12.8 16.7 4.6
v -12.8 16.9 4.7
v -12.8 16.9 4.6
v -12.8 16.9 4.5
v -12.8 17 4.6
v -12.8 17 4.5
v -12.8 17 4.4
v -12.8 17.1 4.5
v -12.8 17.1 4.4
v -12.8 17.1 4.3
v -12.8 17.3 4.4
v -12.8 17.3 4.3
v -12.8 17.3 4.2
v -12.8 17.3 4
v -12.8 17.4 5
v -12.8 17.4 4.3
v -12.8 17.4 4.2
v -12.8 17.4 4
v -12.8 17.5 5
v -12.8 17.5 4.3
v -12.8 17.5 4.2
v -12.8 17.5 4.1
v -12.8 17.7 4.2
v -12.8 17.7 4.1
v -12.8 17.7 4
v -12.8 17.8 4.1
v -12.8 17.8 4
v -12.8 17.9 5
v -12.8 17.9 4.9
v -12.8 18 5
v -12.8 18 4.9
v -12.8 18 4.7
v -12.8 18.1 4.9
v -12.8 18.1 4.7
v -12.8 18.1 4.6
v -12.8 18.2 4.7
v -12.8 18.2 4.6
v -12.8 18.2 4.4
v -12.8 18.3 4.6
v -12.8 18.3 4.4
v -12.8 18.3 4.3
v -12.8 18.4 5
v -12.8 18.4 4.8
v -12.8 18.4 4.4
v -12.8 18.4 4.3
v -12.8 18.4 4.1
v -12.8 18.5 5
v -12.8 18.5 4.8
v -12.8 18.5 4.3
v -12.8 18.5 4.2
v -12.8 18.5 4.1
v -12.8 18.5 4
v -12.8 18.6 4.8
v -12.8 18.6 4.2
v -12.8 18.6 4.1
v -12.8 18.6 4
v -12.8 18.7 5
v -12.8 18.7 4.7
v -12.8 18.7 4.2
v -12.8 18.7 4
v -12.8 18.8 5
v -12.8 18.8 4.7
v -12.8 18.8 4.1
v -12.8 18.9 4.7
v -12.8 18.9 4.1
v -12.8 18.9 4
v -12.8 19 5
v -12.8 19 4.1
v -12.8 19 4
v -11.8 0 5
v -11.8 0 4.4
v -11.8 0 4.2
v -11.8 0 4
v -11.8 0.1 4.6
v -11.8 0.1 4.4
v -11.8 0.1 4.2
v -11.8 0.2 4.7
v -11.8 0.2 4.6
v -11.8 0.2 4.5
v -11.8 0.2 4.4
v -11.8 0.3 4.9
v -11.8 0.3 4.7
v -11.8 0.3 4.5
v -11.8 0.4 5
v -11.8 0.4 4.9
v -11.8 0.4 4.7
v -11.8 0.5 5
v -11.8 0.5 4.9
v -11.8 1.6 5
v -11.8 1.6 4.9
v -11.8 1.7 5
v -11.8 1.7 4.9
v -11.8 2 5
v -11.8 2 4.9
v -11.8 2.1 5
v -11.8 2.1 4.9
v -11.8 2.2 5
v -11.8 2.2 4.9
v -11.8 2.3 5
v -11.8 2.3 4.9
v -11.8 2.4 5
v -11.8 2.4 4.9
v -11.8 2.5 5
v -11.8 2.5 4.9
v -11.8 2.6 5
v -11.8 2.6 4.9
v -11.8 2.7 5
v -11.8 2.7 4.9
v -11.8 2.8 5
v -11.8 2.8 4.9
v -11.8 3 5
v -11.8 3 4.9
v -11.8 4.2 4.8
v -11.8 4.2 4.7
v -11.8 4.6 4.8
v -11.8 4.6 4.7
v -11.8 4.6 4.6
v -11.8 4.8 4.7
v -11.8 4.8 4.6
v -11.8 4.8 4.5
v -11.8 4.8 4.1
v -11.8 4.8 4
v -11.8 4.9 5
v -11.8 4.9 4.9
v -11.8 4.9 4.1
v -11.8 4.9 4
v -11.8 5 5
v -11.8 5 4.9
v -11.8 5 4.6
v -11.8 5 4.5
v -11.8 5 4.4
v -11.8 5.2 4.1
v -11.8 5.2 4
v -11.8 5.4 4.5
v -11.8 5.4 4.4
v -11.8 5.4 4.3
v -11.8 5.5 5
v -11.8 5.5 4.9
v -11.8 5.5 4.1
v -11.8 5.5 4
v -11.8 5.6 4.4
v -11.8 5.6 4.3
v -11.8 5.6 4.2
v -11.8 5.6 4.1
v -11.8 5.6 4
v -11.8 5.7 4.1
v -11.8 5.7 4
v -11.8 5.8 4.3
v -11.8 5.8 4.2
v -11.8 5.8 4.1
v -11.8 5.9 4.1
v -11.8 5.9 4
v -11.8 6 5
v -11.8 6 4.9
v -11.8 6 4.8
v -11.8 6 4.1
v -11.8 6 4
v -11.8 6.1 4.2
v -11.8 6.1 4.1
v -11.8 6.1 4
v -11.8 6.2 4.9
v -11.8 6.2 4.8
v -11.8 6.2 4.7
v -11.8 6.4 4.8
v -11.8 6.4 4.7
v -11.8 6.4 4.6
v -11.8 6.5 4.7
v -11.8 6.5 4.6
v -11.8 6.5 4.5
v -11.8 6.6 4.6
v -11.8 6.6 4.5
v -11.8 6.6 4.4
v -11.8 6.7 4.4
v -11.8 6.7 4.3
v -11.8 6.8 4.5
v -11.8 6.8 4.3
v -11.8 6.8 4.1
v -11.8 6.9 4.3
v -11.8 6.9 4.2
v -11.8 7.3 4.1
v -11.8 7.3 4
v -11.8 7.4 4.1
v -11.8 7.4 4
v -11.8 7.5 4.1
v -11.8 7.5 4
v -11.8 7.7 5
v -11.8 7.7 4.9
v -11.8 7.7 4.3
v -11.8 7.7 4.2
v -11.8 7.7 4.1
v -11.8 7.7 4
v -11.8 7.8 5
v -11.8 7.8 4.9
v -11.8 7.9 4.4
v -11.8 7.9 4.3
v -11.8 7.9 4.2
v -11.8 7.9 4.1
v -11.8 8 5
v -11.8 8 4.9
v -11.8 8 4.2
v -11.8 8 4.1
v -11.8 8.1 5
v -11.8 8.1 4.9
v -11.8 8.3 5
v -11.8 8.3 4.9
v -11.8 8.4 5
v -11.8 8.4 4.9
v -11.8 8.4 4.5
v -11.8 8.4 4.4
v -11.8 8.4 4.3
v -11.8 8.5 5
v -11.8 8.5 4.9
v -11.8 8.6 5
v -11.8 8.6 4.9
v -11.8 8.6 4.6
v -11.8 8.6 4.5
v -11.8 8.6 4.4
v -11.8 8.7 5
v -11.8 8.7 4.9
v -11.8 8.9 5
v -11.8 8.9 4.9
v -11.8 9 4.7
v -11.8 9 4.6
v -11.8 9 4.5
v -11.8 9.1 5
v -11.8 9.1 4.9
v -11.8 9.2 5
v -11.8 9.2 4.9
v -11.8 9.2 4.8
v -11.8 9.2 4.7
v -11.8 9.2 4.6
v -11.8 9.2 4.1
v -11.8 9.2 4
v -11.8 9.6 4.1
v -11.8 9.6 4
v -11.8 9.7 4.1
v -11.8 9.7 4
v -11.8 9.9 4.9
v -11.8 9.9 4.8
v -11.8 9.9 4.7
v -11.8 10 4.1
v -11.8 10 4
v -11.8 10.3 5
v -11.8 10.3 4.9
v -11.8 10.3 4.8
v -11.8 10.4 4.3
v -11.8 10.4 4.1
v -11.8 10.5 4.9
v -11.8 10.5 4.3
v -11.8 10.5 4.1
v -11.8 10.6 4.9
v -11.8 10.6 4.3
v -11.8 10.7 5
v -11.8 10.7 4.9
v -11.8 10.9 5
v -11.8 10.9 4.9
v -11.8 10.9 4.1
v -11.8 10.9 4
v -11.8 11 5
v -11.8 11 4.9
v -11.8 11.1 4.1
v -11.8 11.1 4
v -11.8 11.2 4.1
v -11.8 11.2 4
v -11.8 11.4 5
v -11.8 11.4 4.9
v -11.8 11.5 5
v -11.8 11.5 4.9
v -11.8 11.8 4.1
v -11.8 11.8 4
v -11.8 11.9 4.1
v -11.8 11.9 4
v -11.8 13.7 4.1
v -11.8 13.7 4
v -11.8 13.8 4.1
v -11.8 13.8 4
v -11.8 14.1 5
v -11.8 14.1 4.9
v -11.8 14.2 5
v -11.8 14.2 4.9
v -11.8 14.4 4.1
v -11.8 14.4 4
v -11.8 14.5 4.1
v -11.8 14.5 4
v -11.8 14.6 5
v -11.8 14.6 4.9
v -11.8 14.7 5
v -11.8 14.7 4.9
v -11.8 14.7 4.1
v -11.8 14.7 4
v -11.8 14.9 5
v -11.8 14.9 4.9
v -11.8 15 4.9
v -11.8 15 4.3
v -11.8 15.1 4.9
v -11.8 15.1 4.3
v -11.8 15.1 4.1
v -11.8 15.2 4.3
v -11.8 15.2 4.1
v -11.8 15.3 5
v -11.8 15.3 4.9
v -11.8 15.3 4.8
v -11.8 15.6 4.1
v -11.8 15.6 4
v -11.8 15.7 4.9
v -11.8 15.7 4.8
v -11.8 15.7 4.7
v -11.8 15.9 4.1
v -11.8 15.9 4
v -11.8 16 4.1
v -11.8 16 4
v -11.8 16.4 5
v -11.8 16.4 4.9
v -11.8 16.4 4.8
v -11.8 16.4 4.7
v -11.8 16.4 4.6
v -11.8 16.4 4.1
v -11.8 16.4 4
v -11.8 16.5 5
v -11.8 16.5 4.9
v -11.8 16.6 4.7
v -11.8 16.6 4.6
v -11.8 16.6 4.5
v -11.8 16.7 5
v -11.8 16.7 4.9
v -11.8 17 5
v -11.8 17 4.9
v -11.8 17 4.6
v -11.8 17 4.5
v -11.8 17 4.4
v -11.8 17.1 5
v -11.8 17.1 4.9
v -11.8 17.2 4.5
v -11.8 17.2 4.4
v -11.8 17.2 4.3
v -11.8 17.6 4.2
v -11.8 17.6 4.1
v -11.8 17.7 4.4
v -11.8 17.7 4.3
v -11.8 17.7 4.2
v -11.8 17.7 4.1
v -11.8 17.8 5
v -11.8 17.8 4.9
v -11.8 17.9 5
v -11.8 17.9 4.9
v -11.8 17.9 4.3
v -11.8 17.9 4.2
v -11.8 17.9 4.1
v -11.8 17.9 4
v -11.8 18.1 4.1
v -11.8 18.1 4
v -11.8 18.2 4.1
v -11.8 18.2 4
v -11.8 18.3 4.1
v -11.8 18.3 4
v -11.8 18.7 4.3
v -11.8 18.7 4.2
v -11.8 18.8 4.5
v -11.8 18.8 4.3
v -11.8 18.8 4.1
v -11.8 18.9 4.4
v -11.8 18.9 4.3
v -11.8 19 5
v -11.8 19 4.5
v -11.8 19 4.4
v -11.8 19 4.1
v -11.8 19 4
v -12.8 0 5
v -12.8 2.1 5
v -12.8 2.2 5
v -12.8 2.6 5
v -12.8 2.7 5
v -12.8 2.8 5
v -12.8 2.9 5
v -12.8 3 5
v -12.8 3.1 5
v -12.8 3.2 5
v -12.8 5.5 5
v -12.8 5.6 5
v -12.8 6.1 5
v -12.8 6.2 5
v -12.8 6.8 5
v -12.8 6.9 5
v -12.8 7.1 5
v -12.8 7.2 5
v -12.8 7.6 5
v -12.8 7.7 5
v -12.8 8.1 5
v -12.8 8.2 5
v -12.8 8.6 5
v -12.8 8.7 5
v -12.8 8.9 5
v -12.8 9 5
v -12.8 9.2 5
v -12.8 9.5 5
v -12.8 10.1 5
v -12.8 10.2 5
v -12.8 10.4 5
v -12.8 10.6 5
v -12.8 10.7 5
v -12.8 10.8 5
v -12.8 11.4 5
v -12.8 11.5 5
v -12.8 11.6 5
v -12.8 11.7 5
v -12.8 13.9 5
v -12.8 14 5
v -12.8 14.1 5
v -12.8 14.2 5
v -12.8 14.8 5
v -12.8 14.9 5
v -12.8 15 5
v -12.8 15.2 5
v -12.8 15.4 5
v -12.8 15.5 5
v -12.8 16.1 5
v -12.8 16.4 5
v -12.8 17.4 5
v -12.8 17.5 5
v -12.8 17.9 5
v -12.8 18 5
v -12.8 18.4 5
v -12.8 18.5 5
v -12.8 18.7 5
v -12.8 18.8 5
v -12.8 19 5
v -12.7 0.3 5
v -12.7 0.4 5
v -12.7 2 5
v -12.7 2.1 5
v -12.7 2.2 5
v -12.7 2.6 5
v -12.7 2.7 5
v -12.7 2.8 5
v -12.7 2.9 5
v -12.7 3 5
v -12.7 3.1 5
v -12.7 3.2 5
v -12.7 5.5 5
v -12.7 5.6 5
v -12.7 6.1 5
v -12.7 6.2 5
v -12.7 6.8 5
v -12.7 6.9 5
v -12.7 7.1 5
v -12.7 7.2 5
v -12.7 7.6 5
v -12.7 7.7 5
v -12.7 8 5
v -12.7 8.1 5
v -12.7 8.2 5
v -12.7 8.6 5
v -12.7 8.7 5
v -12.7 8.9 5
v -12.7 9 5
v -12.7 9.3 5
v -12.7 9.5 5
v -12.7 10.1 5
v -12.7 10.2 5
v -12.7 10.4 5
v -12.7 10.6 5
v -12.7 10.7 5
v -12.7 10.8 5
v -12.7 11.6 5
v -12.7 11.7 5
v -12.7 13.9 5
v -12.7 14 5
v -12.7 14.8 5
v -12.7 14.9 5
v -12.7 15 5
v -12.7 15.2 5
v -12.7 15.4 5
v -12.7 15.5 5
v -12.7 16.1 5
v -12.7 16.3 5
v -12.7 17.4 5
v -12.7 17.5 5
v -12.7 17.6 5
v -12.7 17.9 5
v -12.7 18 5
v -12.7 18.4 5
v -12.7 18.5 5
v -12.7 18.7 5
v -12.7 18.8 5
v -12.6 9.1 5
v -12.6 9.2 5
v -12.6 9.3 5
v -12.6 10.1 5
v -12.6 10.2 5
v -12.6 10.4 5
v -12.6 10.7 5
v -12.6 10.8 5
v -12.6 11 5
v -12.6 14.6 5
v -12.6 14.8 5
v -12.6 14.9 5
v -12.6 15.2 5
v -12.6 15.4 5
v -12.6 15.5 5
v -12.6 16.3 5
v -12.6 16.4 5
v -12.6 16.5 5
v -12.5 1.9 5
v -12.5 2 5
v -12.5 2.1 5
v -12.5 2.5 5
v -12.5 2.6 5
v -12.5 2.7 5
v -12.5 2.9 5
v -12.5 3 5
v -12.5 3.1 5
v -12.5 5 5
v -12.5 5.2 5
v -12.5 7.9 5
v -12.5 8 5
v -12.5 8.1 5
v -12.5 8.6 5
v -12.5 8.7 5
v -12.5 8.9 5
v -12.5 9 5
v -12.5 9.1 5
v -12.5 9.2 5
v -12.5 9.9 5
v -12.5 10.1 5
v -12.5 10.2 5
v -12.5 10.9 5
v -12.5 11 5
v -12.5 14.6 5
v -12.5 14.7 5
v -12.5 15.4 5
v -12.5 15.5 5
v -12.5 15.7 5
v -12.5 16.4 5
v -12.5 16.5 5
v -12.5 16.6 5
v -12.5 17.5 5
v -12.5 17.6 5
v -12.5 17.7 5
v -12.4 2.4 5
v -12.4 2.5 5
v -12.4 2.6 5
v -12.4 2.7 5
v -12.4 2.8 5
v -12.4 2.9 5
v -12.4 3 5
v -12.4 5.1 5
v -12.4 5.2 5
v -12.4 8.6 5
v -12.4 8.7 5
v -12.4 8.9 5
v -12.4 9 5
v -12.4 9.1 5
v -12.4 9.7 5
v -12.4 9.9 5
v -12.4 10.1 5
v -12.4 10.7 5
v -12.4 10.8 5
v -12.4 14.8 5
v -12.4 14.9 5
v -12.4 15.5 5
v -12.4 15.7 5
v -12.4 15.9 5
v -12.4 16.5 5
v -12.4 16.6 5
v -12.4 16.7 5
v -12.3 0.3 5
v -12.3 0.4 5
v -12.3 0.5 5
v -12.3 1.8 5
v -12.3 1.9 5
v -12.3 2 5
v -12.3 2.6 5
v -12.3 2.8 5
v -12.3 2.9 5
v -12.3 7.8 5
v -12.3 7.9 5
v -12.3 8 5
v -12.3 8.8 5
v -12.3 8.9 5
v -12.3 9 5
v -12.3 9.6 5
v -12.3 9.7 5
v -12.3 9.9 5
v -12.3 10.5 5
v -12.3 10.6 5
v -12.3 15 5
v -12.3 15.1 5
v -12.3 15.7 5
v -12.3 15.9 5
v -12.3 16 5
v -12.3 16.6 5
v -12.3 16.7 5
v -12.3 16.8 5
v -12.3 17.6 5
v -12.3 17.7 5
v -12.3 17.8 5
v -12.2 2 5
v -12.2 2.1 5
v -12.2 2.3 5
v -12.2 2.4 5
v -12.2 2.5 5
v -12.2 2.6 5
v -12.2 2.7 5
v -12.2 2.8 5
v -12.2 2.9 5
v -12.2 3 5
v -12.2 8 5
v -12.2 8.1 5
v -12.2 8.3 5
v -12.2 8.4 5
v -12.2 8.6 5
v -12.2 8.7 5
v -12.2 8.8 5
v -12.2 8.9 5
v -12.2 9 5
v -12.2 9.4 5
v -12.2 9.6 5
v -12.2 9.7 5
v -12.2 10.8 5
v -12.2 10.9 5
v -12.2 11 5
v -12.2 14.6 5
v -12.2 14.7 5
v -12.2 14.8 5
v -12.2 15.9 5
v -12.2 16 5
v -12.2 16.2 5
v -12.2 16.7 5
v -12.2 16.8 5
v -12.2 16.9 5
v -12.1 1.7 5
v -12.1 1.8 5
v -12.1 1.9 5
v -12.1 2 5
v -12.1 2.1 5
v -12.1 2.6 5
v -12.1 2.7 5
v -12.1 2.9 5
v -12.1 3 5
v -12.1 3.3 5
v -12.1 5 5
v -12.1 8 5
v -12.1 8.1 5
v -12.1 8.3 5
v -12.1 8.4 5
v -12.1 8.6 5
v -12.1 8.7 5
v -12.1 8.8 5
v -12.1 8.9 5
v -12.1 9 5
v -12.1 9.3 5
v -12.1 9.4 5
v -12.1 9.6 5
v -12.1 16 5
v -12.1 16.2 5
v -12.1 16.3 5
v -12.1 16.8 5
v -12.1 16.9 5
v -12.1 17 5
v -12 2.2 5
v -12 2.3 5
v -12 2.4 5
v -12 2.5 5
v -12 2.6 5
v -12 3 5
v -12 3.3 5
v -12 4.9 5
v -12 5.1 5
v -12 5.5 5
v -12 7.7 5
v -12 7.8 5
v -12 7.9 5
v -12 9.1 5
v -12 9.3 5
v -12 9.4 5
v -12 10.6 5
v -12 10.7 5
v -12 10.8 5
v -12 14.8 5
v -12 14.9 5
v -12 15 5
v -12 16.2 5
v -12 16.3 5
v -12 16.5 5
v -12 17.7 5
v -12 17.8 5
v -12 17.9 5
v -11.9 1.6 5
v -11.9 1.7 5
v -11.9 1.8 5
v -11.9 2 5
v -11.9 2.1 5
v -11.9 2.3 5
v -11.9 2.4 5
v -11.9 2.6 5
v -11.9 2.7 5
v -11.9 2.8 5
v -11.9 3 5
v -11.9 3.3 5
v -11.9 5 5
v -11.9 5.5 5
v -11.9 6 5
v -11.9 8 5
v -11.9 8.1 5
v -11.9 8.3 5
v -11.9 8.4 5
v -11.9 8.5 5
v -11.9 8.6 5
v -11.9 8.7 5
v -11.9 8.9 5
v -11.9 9.1 5
v -11.9 9.2 5
v -11.9 9.3 5
v -11.9 10.3 5
v -11.9 10.5 5
v -11.9 15.1 5
v -11.9 15.3 5
v -11.9 16.3 5
v -11.9 16.4 5
v -11.9 16.5 5
v -11.9 16.7 5
v -11.9 16.9 5
v -11.9 17 5
v -11.9 17.1 5
v -11.8 0 5
v -11.8 0.4 5
v -11.8 0.5 5
v -11.8 1.6 5
v -11.8 1.7 5
v -11.8 2 5
v -11.8 2.1 5
v -11.8 2.2 5
v -11.8 2.3 5
v -11.8 2.4 5
v -11.8 2.5 5
v -11.8 2.6 5
v -11.8 2.7 5
v -11.8 2.8 5
v -11.8 3 5
v -11.8 4.9 5
v -11.8 5 5
v -11.8 5.5 5
v -11.8 6 5
v -11.8 7.7 5
v -11.8 7.8 5
v -11.8 8 5
v -11.8 8.1 5
v -11.8 8.3 5
v -11.8 8.4 5
v -11.8 8.5 5
v -11.8 8.6 5
v -11.8 8.7 5
v -11.8 8.9 5
v -11.8 9.1 5
v -11.8 9.2 5
v -11.8 10.3 5
v -11.8 10.7 5
v -11.8 10.9 5
v -11.8 11 5
v -11.8 11.4 5
v -11.8 11.5 5
v -11.8 14.1 5
v -11.8 14.2 5
v -11.8 14.6 5
v -11.8 14.7 5
v -11.8 14.9 5
v -11.8 15.3 5
v -11.8 16.4 5
v -11.8 16.5 5
v -11.8 16.7 5
v -11.8 17 5
v -11.8 17.1 5
v -11.8 17.8 5
v -11.8 17.9 5
v -11.8 19 5
v -12.8 0 4
v -12.8 1.6 4
v -12.8 1.7 4
v -12.8 2 4
v -12.8 2.1 4
v -12.8 2.3 4
v -12.8 2.4 4
v -12.8 2.5 4
v -12.8 2.6 4
v -12.8 2.7 4
v -12.8 2.9 4
v -12.8 3 4
v -12.8 3.6 4
v -12.8 3.7 4
v -12.8 3.8 4
v -12.8 3.9 4
v -12.8 5.1 4
v -12.8 5.2 4
v -12.8 6 4
v -12.8 6.2 4
v -12.8 6.6 4
v -12.8 6.7 4
v -12.8 6.9 4
v -12.8 7 4
v -12.8 7.1 4
v -12.8 7.8 4
v -12.8 7.9 4
v -12.8 8 4
v -12.8 8.1 4
v -12.8 8.2 4
v -12.8 8.3 4
v -12.8 8.4 4
v -12.8 8.6 4
v -12.8 8.7 4
v -12.8 8.9 4
v -12.8 9 4
v -12.8 9.4 4
v -12.8 9.5 4
v -12.8 10.3 4
v -12.8 10.4 4
v -12.8 10.6 4
v -12.8 10.8 4
v -12.8 10.9 4
v -12.8 11 4
v -12.8 11.3 4
v -12.8 11.4 4
v -12.8 14.2 4
v -12.8 14.3 4
v -12.8 14.6 4
v -12.8 14.7 4
v -12.8 14.8 4
v -12.8 15 4
v -12.8 15.2 4
v -12.8 15.3 4
v -12.8 16 4
v -12.8 16.1 4
v -12.8 16.2 4
v -12.8 16.5 4
v -12.8 16.6 4
v -12.8 17.3 4
v -12.8 17.4 4
v -12.8 17.7 4
v -12.8 17.8 4
v -12.8 18.5 4
v -12.8 18.6 4
v -12.8 18.7 4
v -12.8 18.9 4
v -12.8 19 4
v -12.7 1.6 4
v -12.7 1.7 4
v -12.7 2 4
v -12.7 2.1 4
v -12.7 2.3 4
v -12.7 2.4 4
v -12.7 2.5 4
v -12.7 2.6 4
v -12.7 2.7 4
v -12.7 2.9 4
v -12.7 3 4
v -12.7 3.6 4
v -12.7 3.7 4
v -12.7 3.8 4
v -12.7 3.9 4
v -12.7 4 4
v -12.7 6 4
v -12.7 6.1 4
v -12.7 6.2 4
v -12.7 6.3 4
v -12.7 6.5 4
v -12.7 6.6 4
v -12.7 6.7 4
v -12.7 6.8 4
v -12.7 7.8 4
v -12.7 7.9 4
v -12.7 8 4
v -12.7 8.1 4
v -12.7 8.2 4
v -12.7 8.3 4
v -12.7 8.4 4
v -12.7 8.6 4
v -12.7 8.7 4
v -12.7 8.9 4
v -12.7 9 4
v -12.7 9.3 4
v -12.7 9.4 4
v -12.7 9.5 4
v -12.7 10.3 4
v -12.7 10.4 4
v -12.7 10.5 4
v -12.7 10.6 4
v -12.7 10.8 4
v -12.7 10.9 4
v -12.7 11 4
v -12.7 11.2 4
v -12.7 11.3 4
v -12.7 11.4 4
v -12.7 11.6 4
v -12.7 14 4
v -12.7 14.2 4
v -12.7 14.3 4
v -12.7 14.4 4
v -12.7 14.6 4
v -12.7 14.7 4
v -12.7 14.8 4
v -12.7 15 4
v -12.7 15.1 4
v -12.7 15.2 4
v -12.7 15.3 4
v -12.7 16 4
v -12.7 16.1 4
v -12.7 16.2 4
v -12.7 16.3 4
v -12.7 16.5 4
v -12.7 16.6 4
v -12.7 17.3 4
v -12.7 17.4 4
v -12.7 17.7 4
v -12.7 17.8 4
v -12.7 18.8 4
v -12.7 18.9 4
v -12.7 19 4
v -12.6 3.7 4
v -12.6 3.9 4
v -12.6 5 4
v -12.6 5.1 4
v -12.6 5.2 4
v -12.6 6 4
v -12.6 6.1 4
v -12.6 6.3 4
v -12.6 6.5 4
v -12.6 6.6 4
v -12.6 6.8 4
v -12.6 6.9 4
v -12.6 7 4
v -12.6 7.1 4
v -12.6 7.2 4
v -12.6 9.1 4
v -12.6 9.3 4
v -12.6 9.4 4
v -12.6 10.4 4
v -12.6 10.5 4
v -12.6 10.6 4
v -12.6 10.8 4
v -12.6 10.9 4
v -12.6 11.1 4
v -12.6 11.3 4
v -12.6 11.6 4
v -12.6 12 4
v -12.6 13.6 4
v -12.6 14 4
v -12.6 14.3 4
v -12.6 14.5 4
v -12.6 14.7 4
v -12.6 14.8 4
v -12.6 15 4
v -12.6 15.1 4
v -12.6 15.2 4
v -12.6 16.2 4
v -12.6 16.3 4
v -12.6 16.5 4
v -12.6 18.4 4
v -12.6 18.5 4
v -12.6 18.6 4
v -12.6 18.7 4
v -12.6 18.8 4
v -12.5 3.9 4
v -12.5 4 4
v -12.5 4.2 4
v -12.5 5.9 4
v -12.5 6 4
v -12.5 6.1 4
v -12.5 6.3 4
v -12.5 6.4 4
v -12.5 6.5 4
v -12.5 6.7 4
v -12.5 9 4
v -12.5 9.1 4
v -12.5 9.3 4
v -12.5 10.3 4
v -12.5 10.4 4
v -12.5 10.5 4
v -12.5 10.9 4
v -12.5 11.1 4
v -12.5 11.2 4
v -12.5 11.3 4
v -12.5 11.6 4
v -12.5 12 4
v -12.5 12.4 4
v -12.5 13.2 4
v -12.5 13.6 4
v -12.5 14 4
v -12.5 14.3 4
v -12.5 14.4 4
v -12.5 14.5 4
v -12.5 14.7 4
v -12.5 15.1 4
v -12.5 15.2 4
v -12.5 15.3 4
v -12.5 16.3 4
v -12.5 16.5 4
v -12.5 16.6 4
v -12.5 18.9 4
v -12.5 19 4
v -12.4 4 4
v -12.4 4.2 4
v -12.4 4.3 4
v -12.4 4.9 4
v -12.4 5 4
v -12.4 5.1 4
v -12.4 5.5 4
v -12.4 5.6 4
v -12.4 5.8 4
v -12.4 5.9 4
v -12.4 6 4
v -12.4 6.3 4
v -12.4 6.4 4
v -12.4 6.7 4
v -12.4 9 4
v -12.4 9.1 4
v -12.4 10.2 4
v -12.4 10.3 4
v -12.4 10.4 4
v -12.4 11 4
v -12.4 11.1 4
v -12.4 11.2 4
v -12.4 11.3 4
v -12.4 12 4
v -12.4 12.4 4
v -12.4 13.2 4
v -12.4 13.6 4
v -12.4 14.3 4
v -12.4 14.4 4
v -12.4 14.5 4
v -12.4 14.6 4
v -12.4 15.2 4
v -12.4 15.3 4
v -12.4 15.4 4
v -12.4 16.5 4
v -12.4 16.6 4
v -12.4 18.9 4
v -12.4 19 4
v -12.3 4.2 4
v -12.3 4.3 4
v -12.3 4.4 4
v -12.3 5.5 4
v -12.3 5.6 4
v -12.3 6.2 4
v -12.3 6.3 4
v -12.3 6.4 4
v -12.3 6.9 4
v -12.3 7.1 4
v -12.3 7.2 4
v -12.3 7.3 4
v -12.3 10 4
v -12.3 10.2 4
v -12.3 10.3 4
v -12.3 11.2 4
v -12.3 11.3 4
v -12.3 11.4 4
v -12.3 12.3 4
v -12.3 12.4 4
v -12.3 13.2 4
v -12.3 13.3 4
v -12.3 14.2 4
v -12.3 14.3 4
v -12.3 14.4 4
v -12.3 15.3 4
v -12.3 15.4 4
v -12.3 15.6 4
v -12.3 18.3 4
v -12.3 18.4 4
v -12.3 18.5 4
v -12.3 18.7 4
v -12.2 4.3 4
v -12.2 4.4 4
v -12.2 4.5 4
v -12.2 5.7 4
v -12.2 5.8 4
v -12.2 5.9 4
v -12.2 6.1 4
v -12.2 6.2 4
v -12.2 6.3 4
v -12.2 6.6 4
v -12.2 6.7 4
v -12.2 6.8 4
v -12.2 6.9 4
v -12.2 7.1 4
v -12.2 7.2 4
v -12.2 9.9 4
v -12.2 10 4
v -12.2 10.2 4
v -12.2 10.8 4
v -12.2 10.9 4
v -12.2 11 4
v -12.2 11.1 4
v -12.2 11.3 4
v -12.2 11.4 4
v -12.2 11.5 4
v -12.2 11.7 4
v -12.2 12.3 4
v -12.2 13.3 4
v -12.2 13.9 4
v -12.2 14.1 4
v -12.2 14.2 4
v -12.2 14.3 4
v -12.2 14.5 4
v -12.2 14.6 4
v -12.2 14.7 4
v -12.2 14.8 4
v -12.2 15.4 4
v -12.2 15.6 4
v -12.2 15.7 4
v -12.2 18.4 4
v -12.2 18.5 4
v -12.2 18.7 4
v -12.2 18.8 4
v -12.2 18.9 4
v -12.2 19 4
v -12.1 4.4 4
v -12.1 4.5 4
v -12.1 4.9 4
v -12.1 5 4
v -12.1 7.1 4
v -12.1 7.2 4
v -12.1 7.3 4
v -12.1 7.4 4
v -12.1 7.5 4
v -12.1 9.8 4
v -12.1 9.9 4
v -12.1 10 4
v -12.1 10.1 4
v -12.1 10.2 4
v -12.1 10.8 4
v -12.1 10.9 4
v -12.1 11.1 4
v -12.1 11.4 4
v -12.1 11.5 4
v -12.1 11.7 4
v -12.1 12.3 4
v -12.1 13.3 4
v -12.1 13.9 4
v -12.1 14.1 4
v -12.1 14.2 4
v -12.1 14.5 4
v -12.1 14.7 4
v -12.1 14.8 4
v -12.1 15.4 4
v -12.1 15.5 4
v -12.1 15.6 4
v -12.1 15.7 4
v -12.1 15.8 4
v -12.1 18.1 4
v -12.1 18.2 4
v -12.1 18.3 4
v -12.1 18.4 4
v -12.1 18.5 4
v -12 4.5 4
v -12 4.8 4
v -12 4.9 4
v -12 5.2 4
v -12 6 4
v -12 6.1 4
v -12 6.2 4
v -12 6.5 4
v -12 6.6 4
v -12 6.7 4
v -12 7.4 4
v -12 7.5 4
v -12 7.7 4
v -12 9.7 4
v -12 9.8 4
v -12 9.9 4
v -12 11 4
v -12 11.1 4
v -12 11.5 4
v -12 11.7 4
v -12 11.8 4
v -12 13.8 4
v -12 13.9 4
v -12 14.1 4
v -12 14.5 4
v -12 14.6 4
v -12 15.7 4
v -12 15.8 4
v -12 15.9 4
v -12 17.9 4
v -12 18.1 4
v -12 18.2 4
v -12 18.9 4
v -12 19 4
v -11.9 4.9 4
v -11.9 5.2 4
v -11.9 5.5 4
v -11.9 5.6 4
v -11.9 5.7 4
v -11.9 5.8 4
v -11.9 5.9 4
v -11.9 6 4
v -11.9 6.1 4
v -11.9 6.5 4
v -11.9 6.6 4
v -11.9 6.8 4
v -11.9 6.9 4
v -11.9 7.3 4
v -11.9 7.4 4
v -11.9 7.5 4
v -11.9 7.7 4
v -11.9 9.2 4
v -11.9 9.6 4
v -11.9 9.7 4
v -11.9 9.8 4
v -11.9 10 4
v -11.9 10.1 4
v -11.9 10.2 4
v -11.9 10.8 4
v -11.9 10.9 4
v -11.9 11.1 4
v -11.9 11.2 4
v -11.9 11.7 4
v -11.9 11.8 4
v -11.9 11.9 4
v -11.9 13.7 4
v -11.9 13.8 4
v -11.9 13.9 4
v -11.9 14.4 4
v -11.9 14.5 4
v -11.9 14.7 4
v -11.9 14.8 4
v -11.9 15.4 4
v -11.9 15.5 4
v -11.9 15.6 4
v -11.9 15.8 4
v -11.9 15.9 4
v -11.9 16 4
v -11.9 16.4 4
v -11.9 17.9 4
v -11.9 18.1 4
v -11.9 18.2 4
v -11.9 18.3 4
v -11.9 18.7 4
v -11.9 18.8 4
v -11.9 19 4
v -11.8 0 4
v -11.8 4.8 4
v -11.8 4.9 4
v -11.8 5.2 4
v -11.8 5.5 4
v -11.8 5.6 4
v -11.8 5.7 4
v -11.8 5.9 4
v -11.8 6 4
v -11.8 6.1 4
v -11.8 7.3 4
v -11.8 7.4 4
v -11.8 7.5 4
v -11.8 7.7 4
v -11.8 9.2 4
v -11.8 9.6 4
v -11.8 9.7 4
v -11.8 10 4
v -11.8 10.9 4
v -11.8 11.1 4
v -11.8 11.2 4
v -11.8 11.8 4
v -11.8 11.9 4
v -11.8 13.7 4
v -11.8 13.8 4
v -11.8 14.4 4
v -11.8 14.5 4
v -11.8 14.7 4
v -11.8 15.6 4
v -11.8 15.9 4
v -11.8 16 4
v -11.8 16.4 4
v -11.8 17.9 4
v -11.8 18.1 4
v -11.8 18.2 4
v -11.8 18.3 4
v -11.8 19 4
v -12.8 0 5
v -11.8 0 5
v -11.9 0 4.4
v -11.8 0 4.4
v -11.9 0 4.2
v -11.8 0 4.2
v -12.8 0 4
v -11.8 0 4
v -12.8 19 5
v -11.8 19 5
v -11.9 19 4.5
v -11.8 19 4.5
v -11.9 19 4.4
v -11.8 19 4.4
v -12.8 19 4.1
v -12.7 19 4.1
v -12.5 19 4.1
v -12.4 19 4.1
v -12.2 19 4.1
v -12 19 4.1
v -11.9 19 4.1
v -11.8 19 4.1
v -12.8 19 4
v -12.7 19 4
v -12.5 19 4
v -12.4 19 4
v -12.2 19 4
v -12 19 4
v -11.9 19 4
v -11.8 19 4

# faces
f 3/1/1 2/1/1 1/1/1
f 4/1/1 2/1/1 3/1/1
f 5/1/1 3/1/1 1/1/1
f 6/3/1 4/3/1 3/3/1
f 6/1/1 3/1/1 5/1/1
f 7/3/1 4/3/1 6/3/1
f 8/1/1 5/1/1 1/1/1
f 9/3/1 6/3/1 5/3/1
f 9/1/1 5/1/1 8/1/1
f 10/1/1 7/1/1 6/1/1
f 10/3/1 6/3/1 9/3/1
f 11/1/1 8/1/1 1/1/1
f 12/3/1 9/3/1 8/3/1
f 12/1/1 8/1/1 11/1/1
f 13/1/1 10/1/1 9/1/1
f 13/3/1 9/3/1 12/3/1
f 14/1/1 11/1/1 1/1/1
f 15/3/1 12/3/1 11/3/1
f 15/1/1 11/1/1 14/1/1
f 16/1/1 13/1/1 12/1/1
f 16/3/1 12/3/1 15/3/1
f 17/1/1 13/1/1 16/1/1
f 18/1/1 10/1/1 13/1/1
f 18/1/1 13/1/1 17/1/1
f 19/1/1 7/1/1 10/1/1
f 19/1/1 10/1/1 18/1/1
f 20/1/1 7/1/1 19/1/1
f 21/1/1 14/1/1 1/1/1
f 22/3/1 15/3/1 14/3/1
f 22/1/1 14/1/1 21/1/1
f 23/1/1 17/1/1 16/1/1
f 23/3/1 15/3/1 22/3/1
f 23/1/1 16/1/1 15/1/1
f 24/2/1 18/2/1 17/2/1
f 24/1/1 17/1/1 23/1/1
f 25/1/1 19/1/1 18/1/1
f 25/2/1 18/2/1 24/2/1
f 26/2/1 20/2/1 19/2/1
f 26/1/1 19/1/1 25/1/1
f 27/2/1 20/2/1 26/2/1
f 28/3/1 22/3/1 21/3/1
f 29/1/1 23/1/1 22/1/1
f 29/3/1 22/3/1 28/3/1
f 29/1/1 25/1/1 24/1/1
f 29/1/1 27/1/1 26/1/1
f 29/1/1 26/1/1 25/1/1
f 29/1/1 24/1/1 23/1/1
f 30/1/1 29/1/1 28/1/1
f 30/1/1 27/1/1 29/1/1
f 31/1/1 27/1/1 30/1/1
f 32/1/1 27/1/1 31/1/1
f 33/1/1 27/1/1 32/1/1
f 34/1/1 30/1/1 28/1/1
f 34/2/1 31/2/1 30/2/1
f 35/1/1 32/1/1 31/1/1
f 35/2/1 31/2/1 34/2/1
f 36/2/1 33/2/1 32/2/1
f 36/1/1 32/1/1 35/1/1
f 37/2/1 33/2/1 36/2/1
f 38/1/1 35/1/1 34/1/1
f 38/1/1 34/1/1 28/1/1
f 38/1/1 36/1/1 35/1/1
f 39/3/1 37/3/1 36/3/1
f 39/1/1 36/1/1 38/1/1
f 40/3/1 37/3/1 39/3/1
f 41/1/1 38/1/1 28/1/1
f 42/1/1 38/1/1 41/1/1
f 43/1/1 38/1/1 42/1/1
f 44/3/1 39/3/1 38/3/1
f 44/1/1 38/1/1 43/1/1
f 45/3/1 39/3/1 44/3/1
f 46/3/1 39/3/1 45/3/1
f 47/1/1 40/1/1 39/1/1
f 47/3/1 39/3/1 46/3/1
f 48/1/1 40/1/1 47/1/1
f 49/2/1 42/2/1 41/2/1
f 50/1/1 43/1/1 42/1/1
f 50/2/1 42/2/1 49/2/1
f 51/3/1 44/3/1 43/3/1
f 51/1/1 43/1/1 50/1/1
f 52/1/1 45/1/1 44/1/1
f 52/3/1 44/3/1 51/3/1
f 53/2/1 46/2/1 45/2/1
f 53/1/1 45/1/1 52/1/1
f 54/1/1 47/1/1 46/1/1
f 54/2/1 46/2/1 53/2/1
f 55/2/1 48/2/1 47/2/1
f 55/1/1 47/1/1 54/1/1
f 56/2/1 48/2/1 55/2/1
f 57/3/1 50/3/1 49/3/1
f 57/3/1 51/3/1 50/3/1
f 58/1/1 52/1/1 51/1/1
f 58/3/1 51/3/1 57/3/1
f 58/1/1 56/1/1 55/1/1
f 58/1/1 55/1/1 54/1/1
f 58/1/1 54/1/1 53/1/1
f 58/1/1 53/1/1 52/1/1
f 59/1/1 58/1/1 57/1/1
f 60/1/1 58/1/1 59/1/1
f 61/1/1 56/1/1 58/1/1
f 61/1/1 58/1/1 60/1/1
f 62/1/1 56/1/1 61/1/1
f 63/1/1 56/1/1 62/1/1
f 64/1/1 56/1/1 63/1/1
f 65/1/1 56/1/1 64/1/1
f 66/1/1 56/1/1 65/1/1
f 67/2/1 60/2/1 59/2/1
f 68/1/1 61/1/1 60/1/1
f 68/2/1 60/2/1 67/2/1
f 69/2/1 62/2/1 61/2/1
f 69/1/1 61/1/1 68/1/1
f 70/1/1 63/1/1 62/1/1
f 70/2/1 62/2/1 69/2/1
f 71/2/1 64/2/1 63/2/1
f 71/1/1 63/1/1 70/1/1
f 72/1/1 65/1/1 64/1/1
f 72/2/1 64/2/1 71/2/1
f 73/2/1 66/2/1 65/2/1
f 73/1/1 65/1/1 72/1/1
f 74/2/1 66/2/1 73/2/1
f 75/1/1 68/1/1 67/1/1
f 75/1/1 69/1/1 68/1/1
f 75/1/1 74/1/1 73/1/1
f 75/1/1 73/1/1 72/1/1
f 75/1/1 72/1/1 71/1/1
f 75/1/1 71/1/1 70/1/1
f 75/1/1 70/1/1 69/1/1
f 76/1/1 74/1/1 75/1/1
f 77/3/1 76/3/1 75/3/1
f 78/1/1 74/1/1 76/1/1
f 78/3/1 76/3/1 77/3/1
f 79/1/1 74/1/1 78/1/1
f 80/1/1 78/1/1 77/1/1
f 80/3/1 79/3/1 78/3/1
f 81/1/1 74/1/1 79/1/1
f 81/3/1 79/3/1 80/3/1
f 82/1/1 74/1/1 81/1/1
f 83/1/1 81/1/1 80/1/1
f 83/3/1 82/3/1 81/3/1
f 84/1/1 74/1/1 82/1/1
f 84/3/1 82/3/1 83/3/1
f 85/1/1 74/1/1 84/1/1
f 86/1/1 84/1/1 83/1/1
f 86/3/1 85/3/1 84/3/1
f 87/1/1 74/1/1 85/1/1
f 87/3/1 85/3/1 86/3/1
f 88/1/1 74/1/1 87/1/1
f 89/1/1 87/1/1 86/1/1
f 89/3/1 88/3/1 87/3/1
f 90/1/1 74/1/1 88/1/1
f 90/3/1 88/3/1 89/3/1
f 91/1/1 74/1/1 90/1/1
f 92/1/1 74/1/1 91/1/1
f 93/1/1 74/1/1 92/1/1
f 94/1/1 90/1/1 89/1/1
f 94/3/1 91/3/1 90/3/1
f 95/1/1 92/1/1 91/1/1
f 95/3/1 91/3/1 94/3/1
f 96/3/1 93/3/1 92/3/1
f 96/1/1 92/1/1 95/1/1
f 97/3/1 93/3/1 96/3/1
f 98/1/1 95/1/1 94/1/1
f 98/3/1 96/3/1 95/3/1
f 99/1/1 97/1/1 96/1/1
f 99/3/1 96/3/1 98/3/1
f 100/1/1 97/1/1 99/1/1
f 101/1/1 99/1/1 98/1/1
f 101/3/1 100/3/1 99/3/1
f 102/3/1 100/3/1 101/3/1
f 103/1/1 101/1/1 98/1/1
f 103/1/1 102/1/1 101/1/1
f 104/1/1 102/1/1 103/1/1
f 105/1/1 94/1/1 89/1/1
f 105/1/1 98/1/1 94/1/1
f 105/1/1 103/1/1 98/1/1
f 106/3/1 104/3/1 103/3/1
f 106/1/1 103/1/1 105/1/1
f 107/3/1 104/3/1 106/3/1
f 108/1/1 86/1/1 83/1/1
f 108/1/1 89/1/1 86/1/1
f 108/1/1 105/1/1 89/1/1
f 109/3/1 106/3/1 105/3/1
f 109/1/1 105/1/1 108/1/1
f 110/1/1 107/1/1 106/1/1
f 110/3/1 106/3/1 109/3/1
f 111/1/1 80/1/1 77/1/1
f 111/1/1 83/1/1 80/1/1
f 111/1/1 108/1/1 83/1/1
f 112/3/1 109/3/1 108/3/1
f 112/1/1 108/1/1 111/1/1
f 113/1/1 110/1/1 109/1/1
f 113/3/1 109/3/1 112/3/1
f 114/1/1 111/1/1 77/1/1
f 115/3/1 112/3/1 111/3/1
f 115/1/1 111/1/1 114/1/1
f 116/1/1 113/1/1 112/1/1
f 116/3/1 112/3/1 115/3/1
f 117/3/1 115/3/1 114/3/1
f 118/1/1 116/1/1 115/1/1
f 118/3/1 115/3/1 117/3/1
f 119/1/1 107/1/1 110/1/1
f 119/1/1 116/1/1 118/1/1
f 119/1/1 118/1/1 117/1/1
f 119/1/1 110/1/1 113/1/1
f 119/1/1 113/1/1 116/1/1
f 120/1/1 107/1/1 119/1/1
f 121/1/1 119/1/1 117/1/1
f 122/3/1 120/3/1 119/3/1
f 122/1/1 119/1/1 121/1/1
f 123/3/1 122/3/1 121/3/1
f 124/3/1 120/3/1 122/3/1
f 124/3/1 122/3/1 123/3/1
f 125/1/1 124/1/1 123/1/1
f 126/1/1 124/1/1 125/1/1
f 127/1/1 125/1/1 123/1/1
f 128/3/1 126/3/1 125/3/1
f 128/1/1 125/1/1 127/1/1
f 129/3/1 126/3/1 128/3/1
f 130/1/1 127/1/1 123/1/1
f 131/3/1 128/3/1 127/3/1
f 131/1/1 127/1/1 130/1/1
f 132/1/1 129/1/1 128/1/1
f 132/3/1 128/3/1 131/3/1
f 133/3/1 131/3/1 130/3/1
f 134/1/1 132/1/1 131/1/1
f 134/3/1 131/3/1 133/3/1
f 135/1/1 132/1/1 134/1/1
f 136/1/1 129/1/1 132/1/1
f 136/1/1 132/1/1 135/1/1
f 137/1/1 135/1/1 134/1/1
f 137/1/1 134/1/1 133/1/1
f 138/3/1 136/3/1 135/3/1
f 138/1/1 135/1/1 137/1/1
f 139/3/1 136/3/1 138/3/1
f 140/3/1 136/3/1 139/3/1
f 141/1/1 137/1/1 133/1/1
f 142/3/1 138/3/1 137/3/1
f 142/1/1 137/1/1 141/1/1
f 143/3/1 138/3/1 142/3/1
f 144/1/1 139/1/1 138/1/1
f 144/3/1 138/3/1 143/3/1
f 145/4/1 140/4/1 139/4/1
f 145/1/1 139/1/1 144/1/1
f 146/4/1 140/4/1 145/4/1
f 147/3/1 142/3/1 141/3/1
f 148/1/1 143/1/1 142/1/1
f 148/3/1 142/3/1 147/3/1
f 149/1/1 143/1/1 148/1/1
f 150/4/1 144/4/1 143/4/1
f 150/1/1 143/1/1 149/1/1
f 150/4/1 145/4/1 144/4/1
f 151/1/1 146/1/1 145/1/1
f 151/4/1 145/4/1 150/4/1
f 152/1/1 149/1/1 148/1/1
f 152/1/1 148/1/1 147/1/1
f 153/4/1 150/4/1 149/4/1
f 153/1/1 149/1/1 152/1/1
f 154/1/1 151/1/1 150/1/1
f 154/4/1 150/4/1 153/4/1
f 155/1/1 152/1/1 147/1/1
f 156/4/1 153/4/1 152/4/1
f 156/1/1 152/1/1 155/1/1
f 157/1/1 154/1/1 153/1/1
f 157/4/1 153/4/1 156/4/1
f 158/1/1 155/1/1 147/1/1
f 159/4/1 156/4/1 155/4/1
f 159/1/1 155/1/1 158/1/1
f 160/1/1 157/1/1 156/1/1
f 160/4/1 156/4/1 159/4/1
f 161/1/1 158/1/1 147/1/1
f 162/4/1 159/4/1 158/4/1
f 162/1/1 158/1/1 161/1/1
f 163/1/1 160/1/1 159/1/1
f 163/4/1 159/4/1 162/4/1
f 164/4/1 162/4/1 161/4/1
f 165/1/1 163/1/1 162/1/1
f 165/4/1 162/4/1 164/4/1
f 166/1/1 146/1/1 151/1/1
f 166/1/1 163/1/1 165/1/1
f 166/1/1 165/1/1 164/1/1
f 166/1/1 154/1/1 157/1/1
f 166/1/1 160/1/1 163/1/1
f 166/1/1 151/1/1 154/1/1
f 166/1/1 157/1/1 160/1/1
f 167/1/1 146/1/1 166/1/1
f 168/1/1 166/1/1 164/1/1
f 169/4/1 167/4/1 166/4/1
f 169/1/1 166/1/1 168/1/1
f 170/4/1 167/4/1 169/4/1
f 171/1/1 168/1/1 164/1/1
f 172/1/1 168/1/1 171/1/1
f 173/4/1 169/4/1 168/4/1
f 173/1/1 170/1/1 169/1/1
f 174/1/1 170/1/1 173/1/1
f 175/1/1 171/1/1 164/1/1
f 176/2/1 172/2/1 171/2/1
f 176/1/1 171/1/1 175/1/1
f 177/1/1 168/1/1 172/1/1
f 177/2/1 172/2/1 176/2/1
f 178/4/1 173/4/1 168/4/1
f 178/1/1 168/1/1 177/1/1
f 179/2/1 174/2/1 173/2/1
f 179/4/1 173/4/1 178/4/1
f 180/2/1 174/2/1 179/2/1
f 181/3/1 176/3/1 175/3/1
f 181/3/1 177/3/1 176/3/1
f 182/4/1 178/4/1 177/4/1
f 182/3/1 177/3/1 181/3/1
f 183/1/1 180/1/1 179/1/1
f 183/4/1 178/4/1 182/4/1
f 183/1/1 179/1/1 178/1/1
f 184/1/1 180/1/1 183/1/1
f 185/1/1 182/1/1 181/1/1
f 186/4/1 183/4/1 182/4/1
f 186/1/1 182/1/1 185/1/1
f 187/3/1 184/3/1 183/3/1
f 187/4/1 183/4/1 186/4/1
f 188/3/1 184/3/1 187/3/1
f 189/3/1 184/3/1 188/3/1
f 190/1/1 187/1/1 186/1/1
f 190/1/1 188/1/1 187/1/1
f 190/2/1 189/2/1 188/2/1
f 191/2/1 189/2/1 190/2/1
f 192/1/1 185/1/1 181/1/1
f 193/4/1 186/4/1 185/4/1
f 193/1/1 185/1/1 192/1/1
f 194/1/1 190/1/1 186/1/1
f 194/4/1 186/4/1 193/4/1
f 194/1/1 191/1/1 190/1/1
f 195/1/1 192/1/1 181/1/1
f 196/1/1 192/1/1 195/1/1
f 197/1/1 192/1/1 196/1/1
f 198/1/1 192/1/1 197/1/1
f 199/4/1 193/4/1 192/4/1
f 199/1/1 192/1/1 198/1/1
f 200/1/1 194/1/1 193/1/1
f 200/4/1 193/4/1 199/4/1
f 201/1/1 191/1/1 194/1/1
f 201/1/1 194/1/1 200/1/1
f 202/1/1 191/1/1 201/1/1
f 203/1/1 191/1/1 202/1/1
f 204/2/1 196/2/1 195/2/1
f 205/1/1 197/1/1 196/1/1
f 205/2/1 196/2/1 204/2/1
f 206/2/1 198/2/1 197/2/1
f 206/1/1 197/1/1 205/1/1
f 207/4/1 199/4/1 198/4/1
f 207/2/1 198/2/1 206/2/1
f 208/1/1 200/1/1 199/1/1
f 208/4/1 199/4/1 207/4/1
f 209/2/1 201/2/1 200/2/1
f 209/1/1 200/1/1 208/1/1
f 210/1/1 202/1/1 201/1/1
f 210/2/1 201/2/1 209/2/1
f 211/2/1 203/2/1 202/2/1
f 211/1/1 202/1/1 210/1/1
f 212/2/1 203/2/1 211/2/1
f 213/1/1 205/1/1 204/1/1
f 213/1/1 206/1/1 205/1/1
f 214/1/1 206/1/1 213/1/1
f 215/1/1 206/1/1 214/1/1
f 216/4/1 207/4/1 206/4/1
f 216/1/1 206/1/1 215/1/1
f 217/1/1 212/1/1 211/1/1
f 217/4/1 207/4/1 216/4/1
f 217/1/1 208/1/1 207/1/1
f 217/1/1 209/1/1 208/1/1
f 217/1/1 210/1/1 209/1/1
f 217/1/1 211/1/1 210/1/1
f 218/1/1 212/1/1 217/1/1
f 219/1/1 212/1/1 218/1/1
f 220/1/1 212/1/1 219/1/1
f 221/1/1 212/1/1 220/1/1
f 222/2/1 214/2/1 213/2/1
f 223/1/1 215/1/1 214/1/1
f 223/2/1 214/2/1 222/2/1
f 224/4/1 216/4/1 215/4/1
f 224/2/1 217/2/1 216/2/1
f 225/1/1 218/1/1 217/1/1
f 225/2/1 217/2/1 224/2/1
f 226/2/1 219/2/1 218/2/1
f 226/1/1 218/1/1 225/1/1
f 227/1/1 220/1/1 219/1/1
f 227/2/1 219/2/1 226/2/1
f 228/2/1 221/2/1 220/2/1
f 228/1/1 220/1/1 227/1/1
f 229/2/1 221/2/1 228/2/1
f 230/1/1 215/1/1 223/1/1
f 230/1/1 223/1/1 222/1/1
f 231/4/1 224/4/1 215/4/1
f 231/1/1 215/1/1 230/1/1
f 232/1/1 229/1/1 228/1/1
f 232/4/1 224/4/1 231/4/1
f 232/1/1 225/1/1 224/1/1
f 232/1/1 228/1/1 227/1/1
f 232/1/1 227/1/1 226/1/1
f 232/1/1 226/1/1 225/1/1
f 233/1/1 230/1/1 222/1/1
f 234/4/1 231/4/1 230/4/1
f 234/1/1 230/1/1 233/1/1
f 235/1/1 232/1/1 231/1/1
f 235/4/1 231/4/1 234/4/1
f 235/4/1 234/4/1 233/4/1
f 236/1/1 229/1/1 232/1/1
f 236/1/1 232/1/1 235/1/1
f 237/4/1 235/4/1 233/4/1
f 237/4/1 236/4/1 235/4/1
f 238/1/1 229/1/1 236/1/1
f 238/4/1 236/4/1 237/4/1
f 239/1/1 229/1/1 238/1/1
f 240/4/1 237/4/1 233/4/1
f 241/1/1 238/1/1 237/1/1
f 241/4/1 237/4/1 240/4/1
f 242/4/1 239/4/1 238/4/1
f 242/1/1 238/1/1 241/1/1
f 243/4/1 239/4/1 242/4/1
f 244/1/1 241/1/1 240/1/1
f 244/1/1 242/1/1 241/1/1
f 244/1/1 243/1/1 242/1/1
f 245/1/1 243/1/1 244/1/1
f 246/4/1 245/4/1 244/4/1
f 247/1/1 243/1/1 245/1/1
f 247/4/1 245/4/1 246/4/1
f 248/1/1 243/1/1 247/1/1
f 249/1/1 247/1/1 246/1/1
f 249/4/1 248/4/1 247/4/1
f 250/1/1 243/1/1 248/1/1
f 250/4/1 248/4/1 249/4/1
f 251/1/1 243/1/1 250/1/1
f 252/1/1 243/1/1 251/1/1
f 253/1/1 243/1/1 252/1/1
f 254/1/1 249/1/1 246/1/1
f 254/1/1 250/1/1 249/1/1
f 255/1/1 250/1/1 254/1/1
f 256/4/1 251/4/1 250/4/1
f 256/1/1 250/1/1 255/1/1
f 257/1/1 252/1/1 251/1/1
f 257/4/1 251/4/1 256/4/1
f 258/1/1 252/1/1 257/1/1
f 259/1/1 252/1/1 258/1/1
f 260/3/1 253/3/1 252/3/1
f 260/1/1 252/1/1 259/1/1
f 261/3/1 253/3/1 260/3/1
f 262/4/1 255/4/1 254/4/1
f 262/1/1 256/1/1 255/1/1
f 262/1/1 257/1/1 256/1/1
f 263/1/1 257/1/1 262/1/1
f 264/4/1 258/4/1 257/4/1
f 264/1/1 257/1/1 263/1/1
f 265/1/1 259/1/1 258/1/1
f 265/4/1 258/4/1 264/4/1
f 266/3/1 260/3/1 259/3/1
f 266/1/1 259/1/1 265/1/1
f 267/1/1 261/1/1 260/1/1
f 267/3/1 260/3/1 266/3/1
f 268/4/1 263/4/1 262/4/1
f 268/4/1 262/4/1 254/4/1
f 269/1/1 264/1/1 263/1/1
f 269/4/1 263/4/1 268/4/1
f 269/1/1 265/1/1 264/1/1
f 270/1/1 265/1/1 269/1/1
f 271/1/1 265/1/1 270/1/1
f 272/4/1 266/4/1 265/4/1
f 272/1/1 265/1/1 271/1/1
f 272/4/1 267/4/1 266/4/1
f 273/4/1 267/4/1 272/4/1
f 274/1/1 261/1/1 267/1/1
f 274/4/1 267/4/1 273/4/1
f 275/1/1 261/1/1 274/1/1
f 276/1/1 269/1/1 268/1/1
f 277/4/1 270/4/1 269/4/1
f 277/1/1 269/1/1 276/1/1
f 278/1/1 271/1/1 270/1/1
f 278/4/1 270/4/1 277/4/1
f 279/3/1 272/3/1 271/3/1
f 279/1/1 271/1/1 278/1/1
f 280/1/1 273/1/1 272/1/1
f 280/3/1 272/3/1 279/3/1
f 281/4/1 274/4/1 273/4/1
f 281/1/1 273/1/1 280/1/1
f 281/4/1 275/4/1 274/4/1
f 282/4/1 277/4/1 276/4/1
f 282/4/1 279/4/1 278/4/1
f 282/4/1 281/4/1 280/4/1
f 282/4/1 280/4/1 279/4/1
f 282/4/1 278/4/1 277/4/1
f 283/4/1 281/4/1 282/4/1
f 284/4/1 281/4/1 283/4/1
f 285/4/1 275/4/1 281/4/1
f 285/4/1 281/4/1 284/4/1
f 286/3/1 284/3/1 283/3/1
f 286/1/1 283/1/1 282/1/1
f 287/3/1 284/3/1 286/3/1
f 288/3/1 284/3/1 287/3/1
f 289/3/1 284/3/1 288/3/1
f 290/1/1 285/1/1 284/1/1
f 290/3/1 284/3/1 289/3/1
f 291/1/1 285/1/1 290/1/1
f 292/1/1 287/1/1 286/1/1
f 293/3/1 288/3/1 287/3/1
f 293/1/1 287/1/1 292/1/1
f 294/1/1 289/1/1 288/1/1
f 294/3/1 288/3/1 293/3/1
f 295/3/1 290/3/1 289/3/1
f 295/1/1 289/1/1 294/1/1
f 295/3/1 291/3/1 290/3/1
f 296/3/1 291/3/1 295/3/1
f 297/1/1 292/1/1 286/1/1
f 298/3/1 293/3/1 292/3/1
f 298/1/1 292/1/1 297/1/1
f 299/1/1 294/1/1 293/1/1
f 299/3/1 293/3/1 298/3/1
f 299/1/1 295/1/1 294/1/1
f 299/1/1 296/1/1 295/1/1
f 300/1/1 297/1/1 286/1/1
f 300/1/1 286/1/1 282/1/1
f 301/3/1 298/3/1 297/3/1
f 301/1/1 297/1/1 300/1/1
f 302/1/1 299/1/1 298/1/1
f 302/3/1 298/3/1 301/3/1
f 303/1/1 296/1/1 299/1/1
f 303/1/1 299/1/1 302/1/1
f 304/1/1 296/1/1 303/1/1
f 305/1/1 300/1/1 282/1/1
f 306/3/1 301/3/1 300/3/1
f 306/1/1 300/1/1 305/1/1
f 307/1/1 302/1/1 301/1/1
f 307/3/1 301/3/1 306/3/1
f 307/1/1 303/1/1 302/1/1
f 308/1/1 303/1/1 307/1/1
f 309/3/1 304/3/1 303/3/1
f 309/1/1 303/1/1 308/1/1
f 310/3/1 304/3/1 309/3/1
f 311/3/1 306/3/1 305/3/1
f 312/1/1 308/1/1 307/1/1
f 312/3/1 306/3/1 311/3/1
f 312/1/1 307/1/1 306/1/1
f 313/1/1 308/1/1 312/1/1
f 314/3/1 309/3/1 308/3/1
f 314/1/1 308/1/1 313/1/1
f 315/1/1 310/1/1 309/1/1
f 315/3/1 309/3/1 314/3/1
f 316/1/1 313/1/1 312/1/1
f 316/1/1 312/1/1 311/1/1
f 317/3/1 314/3/1 313/3/1
f 317/1/1 313/1/1 316/1/1
f 318/1/1 315/1/1 314/1/1
f 318/3/1 314/3/1 317/3/1
f 319/3/1 317/3/1 316/3/1
f 320/1/1 318/1/1 317/1/1
f 320/3/1 317/3/1 319/3/1
f 321/1/1 320/1/1 319/1/1
f 322/1/1 318/1/1 320/1/1
f 322/1/1 320/1/1 321/1/1
f 323/3/1 322/3/1 321/3/1
f 324/1/1 318/1/1 322/1/1
f 324/3/1 322/3/1 323/3/1
f 325/1/1 315/1/1 318/1/1
f 325/1/1 318/1/1 324/1/1
f 326/1/1 324/1/1 323/1/1
f 327/1/1 324/1/1 326/1/1
f 328/3/1 325/3/1 324/3/1
f 328/1/1 324/1/1 327/1/1
f 329/1/1 315/1/1 325/1/1
f 329/3/1 325/3/1 328/3/1
f 330/1/1 310/1/1 315/1/1
f 330/1/1 315/1/1 329/1/1
f 331/3/1 327/3/1 326/3/1
f 332/1/1 329/1/1 328/1/1
f 332/3/1 327/3/1 331/3/1
f 332/1/1 328/1/1 327/1/1
f 333/1/1 329/1/1 332/1/1
f 334/3/1 330/3/1 329/3/1
f 334/1/1 329/1/1 333/1/1
f 335/1/1 310/1/1 330/1/1
f 335/3/1 330/3/1 334/3/1
f 336/1/1 310/1/1 335/1/1
f 337/3/1 333/3/1 332/3/1
f 337/1/1 332/1/1 331/1/1
f 338/1/1 334/1/1 333/1/1
f 338/3/1 333/3/1 337/3/1
f 338/1/1 335/1/1 334/1/1
f 339/1/1 335/1/1 338/1/1
f 340/3/1 336/3/1 335/3/1
f 340/1/1 335/1/1 339/1/1
f 341/3/1 336/3/1 340/3/1
f 342/3/1 339/3/1 338/3/1
f 342/1/1 338/1/1 337/1/1
f 343/1/1 341/1/1 340/1/1
f 343/3/1 339/3/1 342/3/1
f 343/1/1 340/1/1 339/1/1
f 344/1/1 341/1/1 343/1/1
f 345/1/1 343/1/1 342/1/1
f 345/3/1 344/3/1 343/3/1
f 346/1/1 341/1/1 344/1/1
f 346/3/1 344/3/1 345/3/1
f 347/1/1 341/1/1 346/1/1
f 348/1/1 341/1/1 347/1/1
f 349/1/1 341/1/1 348/1/1
f 350/1/1 337/1/1 331/1/1
f 350/1/1 342/1/1 337/1/1
f 350/1/1 345/1/1 342/1/1
f 350/1/1 346/1/1 345/1/1
f 351/3/1 347/3/1 346/3/1
f 351/1/1 346/1/1 350/1/1
f 352/1/1 348/1/1 347/1/1
f 352/3/1 347/3/1 351/3/1
f 353/3/1 349/3/1 348/3/1
f 353/1/1 348/1/1 352/1/1
f 354/3/1 349/3/1 353/3/1
f 355/3/1 349/3/1 354/3/1
f 356/1/1 350/1/1 331/1/1
f 357/3/1 352/3/1 351/3/1
f 357/1/1 350/1/1 356/1/1
f 357/3/1 351/3/1 350/3/1
f 357/3/1 353/3/1 352/3/1
f 357/3/1 354/3/1 353/3/1
f 358/1/1 355/1/1 354/1/1
f 358/3/1 354/3/1 357/3/1
f 359/1/1 355/1/1 358/1/1
f 360/4/1 357/4/1 356/4/1
f 360/4/1 358/4/1 357/4/1
f 360/4/1 359/4/1 358/4/1
f 361/4/1 359/4/1 360/4/1
f 362/4/1 359/4/1 361/4/1
f 363/4/1 359/4/1 362/4/1
f 364/4/1 359/4/1 363/4/1
f 365/4/1 359/4/1 364/4/1
f 366/1/1 361/1/1 360/1/1
f 367/4/1 362/4/1 361/4/1
f 367/1/1 361/1/1 366/1/1
f 368/1/1 363/1/1 362/1/1
f 368/4/1 362/4/1 367/4/1
f 369/3/1 364/3/1 363/3/1
f 369/1/1 363/1/1 368/1/1
f 370/1/1 365/1/1 364/1/1
f 370/3/1 364/3/1 369/3/1
f 371/4/1 359/4/1 365/4/1
f 371/1/1 365/1/1 370/1/1
f 372/4/1 359/4/1 371/4/1
f 373/4/1 359/4/1 372/4/1
f 374/4/1 367/4/1 366/4/1
f 375/1/1 370/1/1 369/1/1
f 375/4/1 367/4/1 374/4/1
f 375/1/1 368/1/1 367/1/1
f 375/1/1 369/1/1 368/1/1
f 376/1/1 370/1/1 375/1/1
f 377/4/1 372/4/1 371/4/1
f 377/1/1 370/1/1 376/1/1
f 377/4/1 371/4/1 370/4/1
f 378/4/1 372/4/1 377/4/1
f 379/1/1 373/1/1 372/1/1
f 379/4/1 372/4/1 378/4/1
f 380/4/1 374/4/1 366/4/1
f 381/1/1 376/1/1 375/1/1
f 381/4/1 374/4/1 380/4/1
f 381/1/1 375/1/1 374/1/1
f 382/1/1 376/1/1 381/1/1
f 383/4/1 377/4/1 376/4/1
f 383/1/1 376/1/1 382/1/1
f 384/1/1 378/1/1 377/1/1
f 384/4/1 377/4/1 383/4/1
f 385/3/1 379/3/1 378/3/1
f 385/1/1 378/1/1 384/1/1
f 386/1/1 373/1/1 379/1/1
f 386/3/1 379/3/1 385/3/1
f 387/1/1 373/1/1 386/1/1
f 388/1/1 382/1/1 381/1/1
f 388/1/1 381/1/1 380/1/1
f 389/4/1 383/4/1 382/4/1
f 389/1/1 382/1/1 388/1/1
f 390/1/1 385/1/1 384/1/1
f 390/4/1 383/4/1 389/4/1
f 390/1/1 384/1/1 383/1/1
f 390/1/1 386/1/1 385/1/1
f 391/3/1 387/3/1 386/3/1
f 391/1/1 386/1/1 390/1/1
f 392/3/1 387/3/1 391/3/1
f 393/1/1 388/1/1 380/1/1
f 394/4/1 389/4/1 388/4/1
f 394/1/1 388/1/1 393/1/1
f 395/1/1 390/1/1 389/1/1
f 395/4/1 389/4/1 394/4/1
f 395/1/1 391/1/1 390/1/1
f 395/1/1 392/1/1 391/1/1
f 396/4/1 394/4/1 393/4/1
f 397/1/1 395/1/1 394/1/1
f 397/4/1 394/4/1 396/4/1
f 398/1/1 392/1/1 395/1/1
f 398/1/1 395/1/1 397/1/1
f 398/1/1 397/1/1 396/1/1
f 399/1/1 392/1/1 398/1/1
f 400/1/1 392/1/1 399/1/1
f 401/1/1 392/1/1 400/1/1
f 402/1/1 398/1/1 396/1/1
f 403/1/1 398/1/1 402/1/1
f 404/1/1 398/1/1 403/1/1
f 405/2/1 399/2/1 398/2/1
f 405/1/1 398/1/1 404/1/1
f 406/1/1 400/1/1 399/1/1
f 406/2/1 399/2/1 405/2/1
f 407/2/1 401/2/1 400/2/1
f 407/1/1 400/1/1 406/1/1
f 408/2/1 401/2/1 407/2/1
f 409/1/1 404/1/1 403/1/1
f 409/4/1 403/4/1 402/4/1
f 410/4/1 405/4/1 404/4/1
f 410/1/1 404/1/1 409/1/1
f 410/4/1 406/4/1 405/4/1
f 410/4/1 407/4/1 406/4/1
f 410/4/1 408/4/1 407/4/1
f 411/4/1 408/4/1 410/4/1
f 412/4/1 410/4/1 409/4/1
f 413/1/1 411/1/1 410/1/1
f 413/4/1 410/4/1 412/4/1
f 414/4/1 409/4/1 402/4/1
f 414/4/1 412/4/1 409/4/1
f 415/4/1 412/4/1 414/4/1
f 416/1/1 415/1/1 414/1/1
f 416/4/1 412/4/1 415/4/1
f 417/1/1 413/1/1 412/1/1
f 417/4/1 412/4/1 416/4/1
f 418/1/1 411/1/1 413/1/1
f 418/1/1 413/1/1 417/1/1
f 419/1/1 411/1/1 418/1/1
f 420/1/1 411/1/1 419/1/1
f 421/1/1 411/1/1 420/1/1
f 422/1/1 411/1/1 421/1/1
f 423/1/1 419/1/1 418/1/1
f 423/2/1 420/2/1 419/2/1
f 424/1/1 421/1/1 420/1/1
f 424/2/1 420/2/1 423/2/1
f 425/2/1 422/2/1 421/2/1
f 425/1/1 421/1/1 424/1/1
f 426/2/1 422/2/1 425/2/1
f 427/1/1 417/1/1 416/1/1
f 427/4/1 418/4/1 417/4/1
f 428/1/1 426/1/1 425/1/1
f 428/4/1 418/4/1 427/4/1
f 428/1/1 424/1/1 423/1/1
f 428/1/1 425/1/1 424/1/1
f 428/1/1 423/1/1 418/1/1
f 429/1/1 426/1/1 428/1/1
f 430/1/1 428/1/1 427/1/1
f 430/4/1 429/4/1 428/4/1
f 431/1/1 426/1/1 429/1/1
f 431/4/1 429/4/1 430/4/1
f 432/1/1 426/1/1 431/1/1
f 433/1/1 431/1/1 430/1/1
f 433/4/1 432/4/1 431/4/1
f 434/1/1 426/1/1 432/1/1
f 434/4/1 432/4/1 433/4/1
f 435/1/1 426/1/1 434/1/1
f 436/1/1 434/1/1 433/1/1
f 436/4/1 435/4/1 434/4/1
f 437/1/1 426/1/1 435/1/1
f 437/4/1 435/4/1 436/4/1
f 438/1/1 426/1/1 437/1/1
f 439/1/1 437/1/1 436/1/1
f 439/4/1 438/4/1 437/4/1
f 440/1/1 426/1/1 438/1/1
f 440/4/1 438/4/1 439/4/1
f 441/1/1 426/1/1 440/1/1
f 442/1/1 426/1/1 441/1/1
f 443/1/1 416/1/1 414/1/1
f 443/1/1 427/1/1 416/1/1
f 443/1/1 430/1/1 427/1/1
f 443/1/1 433/1/1 430/1/1
f 443/1/1 440/1/1 439/1/1
f 443/1/1 439/1/1 436/1/1
f 443/1/1 436/1/1 433/1/1
f 444/4/1 441/4/1 440/4/1
f 444/1/1 440/1/1 443/1/1
f 445/3/1 442/3/1 441/3/1
f 445/4/1 441/4/1 444/4/1
f 446/3/1 442/3/1 445/3/1
f 447/3/1 444/3/1 443/3/1
f 448/4/1 445/4/1 444/4/1
f 448/3/1 444/3/1 447/3/1
f 449/1/1 446/1/1 445/1/1
f 449/4/1 445/4/1 448/4/1
f 450/1/1 446/1/1 449/1/1
f 451/1/1 448/1/1 447/1/1
f 451/1/1 449/1/1 448/1/1
f 451/4/1 450/4/1 449/4/1
f 452/1/1 446/1/1 450/1/1
f 452/4/1 450/4/1 451/4/1
f 453/1/1 446/1/1 452/1/1
f 454/1/1 452/1/1 451/1/1
f 454/4/1 453/4/1 452/4/1
f 455/4/1 453/4/1 454/4/1
f 456/1/1 451/1/1 447/1/1
f 456/1/1 454/1/1 451/1/1
f 456/1/1 455/1/1 454/1/1
f 457/1/1 455/1/1 456/1/1
f 458/4/1 457/4/1 456/4/1
f 459/1/1 455/1/1 457/1/1
f 459/4/1 457/4/1 458/4/1
f 460/1/1 455/1/1 459/1/1
f 461/1/1 459/1/1 458/1/1
f 461/4/1 460/4/1 459/4/1
f 462/1/1 455/1/1 460/1/1
f 462/4/1 460/4/1 461/4/1
f 463/1/1 455/1/1 462/1/1
f 464/1/1 462/1/1 461/1/1
f 464/4/1 463/4/1 462/4/1
f 465/1/1 455/1/1 463/1/1
f 465/4/1 463/4/1 464/4/1
f 466/1/1 455/1/1 465/1/1
f 467/1/1 465/1/1 464/1/1
f 467/4/1 466/4/1 465/4/1
f 468/1/1 455/1/1 466/1/1
f 468/4/1 466/4/1 467/4/1
f 469/1/1 455/1/1 468/1/1
f 470/1/1 461/1/1 458/1/1
f 470/1/1 464/1/1 461/1/1
f 470/1/1 467/1/1 464/1/1
f 470/1/1 468/1/1 467/1/1
f 471/1/1 468/1/1 470/1/1
f 472/4/1 469/4/1 468/4/1
f 472/1/1 468/1/1 471/1/1
f 473/1/1 455/1/1 469/1/1
f 473/4/1 469/4/1 472/4/1
f 474/1/1 455/1/1 473/1/1
f 475/3/1 471/3/1 470/3/1
f 476/1/1 472/1/1 471/1/1
f 476/3/1 471/3/1 475/3/1
f 476/1/1 473/1/1 472/1/1
f 477/4/1 474/4/1 473/4/1
f 477/1/1 473/1/1 476/1/1
f 478/4/1 474/4/1 477/4/1
f 479/1/1 455/1/1 474/1/1
f 479/4/1 474/4/1 478/4/1
f 480/1/1 455/1/1 479/1/1
f 481/3/1 478/3/1 477/3/1
f 481/1/1 476/1/1 475/1/1
f 481/3/1 477/3/1 476/3/1
f 482/1/1 479/1/1 478/1/1
f 482/3/1 478/3/1 481/3/1
f 483/4/1 480/4/1 479/4/1
f 483/1/1 479/1/1 482/1/1
f 484/4/1 480/4/1 483/4/1
f 485/1/1 482/1/1 481/1/1
f 485/1/1 481/1/1 475/1/1
f 486/1/1 482/1/1 485/1/1
f 487/3/1 484/3/1 483/3/1
f 487/1/1 482/1/1 486/1/1
f 487/3/1 483/3/1 482/3/1
f 488/3/1 484/3/1 487/3/1
f 489/3/1 486/3/1 485/3/1
f 490/1/1 487/1/1 486/1/1
f 490/3/1 486/3/1 489/3/1
f 490/1/1 488/1/1 487/1/1
f 491/1/1 488/1/1 490/1/1
f 492/1/1 490/1/1 489/1/1
f 492/3/1 491/3/1 490/3/1
f 493/1/1 488/1/1 491/1/1
f 493/3/1 491/3/1 492/3/1
f 494/1/1 488/1/1 493/1/1
f 495/1/1 492/1/1 489/1/1
f 495/1/1 493/1/1 492/1/1
f 496/3/1 494/3/1 493/3/1
f 496/1/1 493/1/1 495/1/1
f 497/3/1 494/3/1 496/3/1
f 498/1/2 499/1/2 502/1/2
f 499/3/2 500/3/2 503/3/2
f 502/1/2 499/1/2 503/1/2
f 500/1/2 501/1/2 504/1/2
f 503/3/2 500/3/2 504/3/2
f 498/1/2 502/1/2 505/1/2
f 502/3/2 503/3/2 506/3/2
f 505/1/2 502/1/2 506/1/2
f 506/3/2 503/3/2 507/3/2
f 503/1/2 504/1/2 508/1/2
f 507/3/2 503/3/2 508/3/2
f 498/1/2 505/1/2 509/1/2
f 506/3/2 507/3/2 510/3/2
f 509/1/2 505/1/2 510/1/2
f 505/3/2 506/3/2 510/3/2
f 507/1/2 508/1/2 511/1/2
f 510/3/2 507/3/2 511/3/2
f 498/1/2 509/1/2 512/1/2
f 509/3/2 510/3/2 513/3/2
f 512/1/2 509/1/2 513/1/2
f 510/1/2 511/1/2 514/1/2
f 513/3/2 510/3/2 514/3/2
f 512/3/2 513/3/2 515/3/2
f 513/1/2 514/1/2 516/1/2
f 515/3/2 513/3/2 516/3/2
f 515/1/2 516/1/2 517/1/2
f 516/1/2 514/1/2 518/1/2
f 517/1/2 516/1/2 518/1/2
f 517/3/2 518/3/2 519/3/2
f 518/1/2 514/1/2 520/1/2
f 519/3/2 518/3/2 520/3/2
f 519/1/2 520/1/2 521/1/2
f 520/1/2 514/1/2 522/1/2
f 521/1/2 520/1/2 522/1/2
f 521/2/2 522/2/2 523/2/2
f 522/1/2 514/1/2 524/1/2
f 523/2/2 522/2/2 524/2/2
f 523/1/2 524/1/2 525/1/2
f 524/1/2 514/1/2 526/1/2
f 525/1/2 524/1/2 526/1/2
f 525/3/2 526/3/2 527/3/2
f 526/1/2 514/1/2 528/1/2
f 527/3/2 526/3/2 528/3/2
f 527/2/2 528/2/2 529/2/2
f 528/1/2 514/1/2 530/1/2
f 529/2/2 528/2/2 530/2/2
f 529/3/2 530/3/2 531/3/2
f 530/1/2 514/1/2 532/1/2
f 531/3/2 530/3/2 532/3/2
f 531/1/2 532/1/2 533/1/2
f 532/1/2 514/1/2 534/1/2
f 533/1/2 532/1/2 534/1/2
f 533/2/2 534/2/2 535/2/2
f 534/1/2 514/1/2 536/1/2
f 535/2/2 534/2/2 536/2/2
f 535/1/2 536/1/2 537/1/2
f 536/1/2 514/1/2 538/1/2
f 537/1/2 536/1/2 538/1/2
f 537/3/2 538/3/2 539/3/2
f 538/1/2 514/1/2 540/1/2
f 539/3/2 538/3/2 540/3/2
f 539/1/2 540/1/2 541/1/2
f 540/1/2 514/1/2 541/1/2
f 514/1/2 511/1/2 542/1/2
f 541/1/2 514/1/2 542/1/2
f 539/1/2 541/1/2 543/1/2
f 541/3/2 542/3/2 543/3/2
f 542/1/2 511/1/2 544/1/2
f 543/3/2 542/3/2 544/3/2
f 544/1/2 511/1/2 545/1/2
f 543/1/2 544/1/2 546/1/2
f 544/3/2 545/3/2 546/3/2
f 545/1/2 511/1/2 547/1/2
f 546/3/2 545/3/2 547/3/2
f 511/1/2 508/1/2 548/1/2
f 547/1/2 511/1/2 548/1/2
f 508/1/2 504/1/2 549/1/2
f 548/1/2 508/1/2 549/1/2
f 504/1/2 501/1/2 549/1/2
f 549/1/2 501/1/2 550/1/2
f 543/1/2 546/1/2 551/1/2
f 546/1/2 547/1/2 551/1/2
f 539/1/2 543/1/2 551/1/2
f 551/1/2 547/1/2 552/1/2
f 549/3/2 550/3/2 553/3/2
f 548/1/2 549/1/2 553/1/2
f 553/3/2 550/3/2 554/3/2
f 551/3/2 552/3/2 555/3/2
f 552/1/2 547/1/2 556/1/2
f 555/3/2 552/3/2 556/3/2
f 547/3/2 548/3/2 557/3/2
f 556/1/2 547/1/2 557/1/2
f 548/1/2 553/1/2 558/1/2
f 557/3/2 548/3/2 558/3/2
f 553/1/2 554/1/2 558/1/2
f 558/1/2 554/1/2 559/1/2
f 559/1/2 554/1/2 560/1/2
f 560/1/2 554/1/2 561/1/2
f 555/1/2 556/1/2 562/1/2
f 556/1/2 557/1/2 562/1/2
f 557/1/2 558/1/2 562/1/2
f 558/3/2 559/3/2 562/3/2
f 559/1/2 560/1/2 563/1/2
f 562/3/2 559/3/2 563/3/2
f 563/1/2 560/1/2 564/1/2
f 555/1/2 562/1/2 565/1/2
f 562/1/2 563/1/2 565/1/2
f 565/1/2 563/1/2 566/1/2
f 560/3/2 561/3/2 567/3/2
f 564/1/2 560/1/2 567/1/2
f 567/3/2 561/3/2 568/3/2
f 566/1/2 563/1/2 569/1/2
f 563/3/2 564/3/2 569/3/2
f 567/1/2 568/1/2 570/1/2
f 569/3/2 564/3/2 570/3/2
f 564/1/2 567/1/2 570/1/2
f 570/1/2 568/1/2 571/1/2
f 571/1/2 568/1/2 572/1/2
f 572/1/2 568/1/2 573/1/2
f 571/1/2 572/1/2 574/1/2
f 572/3/2 573/3/2 574/3/2
f 574/3/2 573/3/2 575/3/2
f 569/1/2 570/1/2 576/1/2
f 570/3/2 571/3/2 576/3/2
f 574/1/2 575/1/2 577/1/2
f 576/3/2 571/3/2 577/3/2
f 571/1/2 574/1/2 577/1/2
f 577/1/2 575/1/2 578/1/2
f 577/3/2 578/3/2 579/3/2
f 578/1/2 575/1/2 579/1/2
f 579/1/2 575/1/2 580/1/2
f 565/3/2 566/3/2 581/3/2
f 566/1/2 569/1/2 582/1/2
f 581/3/2 566/3/2 582/3/2
f 569/1/2 576/1/2 582/1/2
f 576/1/2 577/1/2 582/1/2
f 582/1/2 577/1/2 583/1/2
f 579/3/2 580/3/2 584/3/2
f 577/3/2 579/3/2 584/3/2
f 584/3/2 580/3/2 585/3/2
f 583/1/2 577/1/2 586/1/2
f 577/3/2 584/3/2 586/3/2
f 584/1/2 585/1/2 587/1/2
f 586/3/2 584/3/2 587/3/2
f 587/1/2 585/1/2 588/1/2
f 582/3/2 583/3/2 589/3/2
f 581/1/2 582/1/2 589/1/2
f 583/1/2 586/1/2 590/1/2
f 589/3/2 583/3/2 590/3/2
f 586/1/2 587/1/2 590/1/2
f 590/1/2 587/1/2 591/1/2
f 589/1/2 590/1/2 592/1/2
f 590/3/2 591/3/2 592/3/2
f 591/1/2 587/1/2 593/1/2
f 592/3/2 591/3/2 593/3/2
f 593/1/2 587/1/2 594/1/2
f 592/1/2 593/1/2 595/1/2
f 593/3/2 594/3/2 595/3/2
f 594/1/2 587/1/2 596/1/2
f 595/3/2 594/3/2 596/3/2
f 596/1/2 587/1/2 597/1/2
f 595/1/2 596/1/2 598/1/2
f 596/3/2 597/3/2 598/3/2
f 597/1/2 587/1/2 599/1/2
f 598/3/2 597/3/2 599/3/2
f 599/1/2 587/1/2 600/1/2
f 599/3/2 600/3/2 601/3/2
f 600/1/2 587/1/2 601/1/2
f 601/1/2 587/1/2 602/1/2
f 598/1/2 599/1/2 603/1/2
f 599/3/2 601/3/2 603/3/2
f 601/3/2 602/3/2 603/3/2
f 602/1/2 587/1/2 604/1/2
f 603/3/2 602/3/2 604/3/2
f 587/3/2 588/3/2 605/3/2
f 604/1/2 587/1/2 605/1/2
f 603/1/2 604/1/2 606/1/2
f 604/3/2 605/3/2 606/3/2
f 606/3/2 605/3/2 607/3/2
f 605/3/2 588/3/2 608/3/2
f 607/3/2 605/3/2 608/3/2
f 608/3/2 588/3/2 609/3/2
f 607/3/2 608/3/2 610/3/2
f 608/1/2 609/1/2 610/1/2
f 610/1/2 609/1/2 611/1/2
f 607/3/2 610/3/2 612/3/2
f 610/4/2 611/4/2 612/4/2
f 612/4/2 611/4/2 613/4/2
f 606/1/2 607/1/2 614/1/2
f 581/1/2 589/1/2 614/1/2
f 589/1/2 592/1/2 614/1/2
f 592/1/2 595/1/2 614/1/2
f 595/1/2 598/1/2 614/1/2
f 598/1/2 603/1/2 614/1/2
f 603/1/2 606/1/2 614/1/2
f 614/1/2 607/1/2 615/1/2
f 615/1/2 607/1/2 616/1/2
f 607/3/2 612/3/2 617/3/2
f 616/1/2 607/1/2 617/1/2
f 612/1/2 613/1/2 618/1/2
f 617/3/2 612/3/2 618/3/2
f 618/1/2 613/1/2 619/1/2
f 614/3/2 615/3/2 620/3/2
f 615/1/2 616/1/2 621/1/2
f 620/3/2 615/3/2 621/3/2
f 620/1/2 621/1/2 622/1/2
f 621/1/2 616/1/2 622/1/2
f 616/3/2 617/3/2 623/3/2
f 622/1/2 616/1/2 623/1/2
f 617/1/2 618/1/2 624/1/2
f 623/3/2 617/3/2 624/3/2
f 618/3/2 619/3/2 625/3/2
f 624/1/2 618/1/2 625/1/2
f 620/1/2 622/1/2 626/1/2
f 626/1/2 622/1/2 627/1/2
f 623/1/2 624/1/2 628/1/2
f 624/3/2 625/3/2 628/3/2
f 625/3/2 619/3/2 629/3/2
f 628/3/2 625/3/2 629/3/2
f 626/2/2 627/2/2 630/2/2
f 627/1/2 622/1/2 631/1/2
f 630/2/2 627/2/2 631/2/2
f 630/1/2 631/1/2 632/1/2
f 631/1/2 622/1/2 633/1/2
f 632/1/2 631/1/2 633/1/2
f 632/2/2 633/2/2 634/2/2
f 633/1/2 622/1/2 635/1/2
f 634/2/2 633/2/2 635/2/2
f 635/1/2 622/1/2 636/1/2
f 622/3/2 623/3/2 637/3/2
f 636/1/2 622/1/2 637/1/2
f 623/1/2 628/1/2 638/1/2
f 637/3/2 623/3/2 638/3/2
f 628/1/2 629/1/2 638/1/2
f 635/1/2 636/1/2 639/1/2
f 634/1/2 635/1/2 639/1/2
f 639/1/2 636/1/2 640/1/2
f 639/4/2 640/4/2 641/4/2
f 640/1/2 636/1/2 642/1/2
f 641/4/2 640/4/2 642/4/2
f 642/1/2 636/1/2 643/1/2
f 636/3/2 637/3/2 644/3/2
f 643/1/2 636/1/2 644/1/2
f 637/1/2 638/1/2 645/1/2
f 644/3/2 637/3/2 645/3/2
f 641/2/2 642/2/2 646/2/2
f 642/1/2 643/1/2 647/1/2
f 646/2/2 642/2/2 647/2/2
f 646/1/2 647/1/2 648/1/2
f 647/1/2 643/1/2 649/1/2
f 648/1/2 647/1/2 649/1/2
f 649/1/2 643/1/2 650/1/2
f 643/3/2 644/3/2 651/3/2
f 650/1/2 643/1/2 651/1/2
f 644/1/2 645/1/2 652/1/2
f 651/3/2 644/3/2 652/3/2
f 648/4/2 649/4/2 653/4/2
f 649/1/2 650/1/2 654/1/2
f 653/4/2 649/4/2 654/4/2
f 653/3/2 654/3/2 655/3/2
f 654/1/2 650/1/2 656/1/2
f 655/3/2 654/3/2 656/3/2
f 656/1/2 650/1/2 657/1/2
f 650/3/2 651/3/2 658/3/2
f 657/1/2 650/1/2 658/1/2
f 651/1/2 652/1/2 659/1/2
f 658/3/2 651/3/2 659/3/2
f 638/1/2 629/1/2 660/1/2
f 659/1/2 652/1/2 660/1/2
f 629/3/2 619/3/2 660/3/2
f 645/1/2 638/1/2 660/1/2
f 652/1/2 645/1/2 660/1/2
f 660/3/2 619/3/2 661/3/2
f 658/1/2 659/1/2 662/1/2
f 659/1/2 660/1/2 662/1/2
f 660/1/2 661/1/2 662/1/2
f 662/1/2 661/1/2 663/1/2
f 658/1/2 662/1/2 664/1/2
f 662/4/2 663/4/2 664/4/2
f 664/4/2 663/4/2 665/4/2
f 655/1/2 656/1/2 666/1/2
f 656/1/2 657/1/2 666/1/2
f 657/3/2 658/3/2 667/3/2
f 666/1/2 657/1/2 667/1/2
f 664/1/2 665/1/2 668/1/2
f 667/3/2 658/3/2 668/3/2
f 658/1/2 664/1/2 668/1/2
f 667/1/2 668/1/2 669/1/2
f 668/1/2 665/1/2 669/1/2
f 669/1/2 665/1/2 670/1/2
f 655/1/2 666/1/2 671/1/2
f 666/3/2 667/3/2 672/3/2
f 671/1/2 666/1/2 672/1/2
f 667/1/2 669/1/2 673/1/2
f 672/3/2 667/3/2 673/3/2
f 672/1/2 673/1/2 674/1/2
f 673/1/2 669/1/2 674/1/2
f 669/3/2 670/3/2 675/3/2
f 674/1/2 669/1/2 675/1/2
f 671/3/2 672/3/2 676/3/2
f 672/1/2 674/1/2 676/1/2
f 674/3/2 675/3/2 677/3/2
f 676/1/2 674/1/2 677/1/2
f 675/3/2 670/3/2 678/3/2
f 677/3/2 675/3/2 678/3/2
f 676/3/2 677/3/2 679/3/2
f 671/3/2 676/3/2 679/3/2
f 677/1/2 678/1/2 680/1/2
f 679/3/2 677/3/2 680/3/2
f 671/3/2 679/3/2 681/3/2
f 679/1/2 680/1/2 682/1/2
f 681/3/2 679/3/2 682/3/2
f 681/1/2 682/1/2 683/1/2
f 682/1/2 680/1/2 684/1/2
f 683/1/2 682/1/2 684/1/2
f 678/3/2 670/3/2 685/3/2
f 684/1/2 680/1/2 685/1/2
f 680/1/2 678/1/2 685/1/2
f 685/3/2 670/3/2 686/3/2
f 683/3/2 684/3/2 687/3/2
f 684/1/2 685/1/2 688/1/2
f 687/3/2 684/3/2 688/3/2
f 685/1/2 686/1/2 688/1/2
f 687/1/2 688/1/2 689/1/2
f 688/1/2 686/1/2 689/1/2
f 689/1/2 686/1/2 690/1/2
f 687/1/2 689/1/2 691/1/2
f 689/3/2 690/3/2 691/3/2
f 691/3/2 690/3/2 692/3/2
f 687/1/2 691/1/2 693/1/2
f 691/1/2 692/1/2 693/1/2
f 693/1/2 692/1/2 694/1/2
f 693/3/2 694/3/2 695/3/2
f 694/1/2 692/1/2 696/1/2
f 695/3/2 694/3/2 696/3/2
f 695/1/2 696/1/2 697/1/2
f 696/1/2 692/1/2 697/1/2
f 697/1/2 692/1/2 698/1/2
f 695/1/2 697/1/2 699/1/2
f 697/4/2 698/4/2 699/4/2
f 699/4/2 698/4/2 700/4/2
f 695/1/2 699/1/2 701/1/2
f 699/1/2 700/1/2 701/1/2
f 701/1/2 700/1/2 702/1/2
f 695/1/2 701/1/2 703/1/2
f 701/4/2 702/4/2 703/4/2
f 703/4/2 702/4/2 704/4/2
f 695/1/2 703/1/2 705/1/2
f 703/1/2 704/1/2 705/1/2
f 705/1/2 704/1/2 706/1/2
f 705/3/2 706/3/2 707/3/2
f 706/1/2 704/1/2 708/1/2
f 707/3/2 706/3/2 708/3/2
f 707/1/2 708/1/2 709/1/2
f 708/1/2 704/1/2 709/1/2
f 709/1/2 704/1/2 710/1/2
f 707/1/2 709/1/2 711/1/2
f 709/3/2 710/3/2 711/3/2
f 711/3/2 710/3/2 712/3/2
f 707/1/2 711/1/2 713/1/2
f 711/1/2 712/1/2 713/1/2
f 713/1/2 712/1/2 714/1/2
f 713/3/2 714/3/2 715/3/2
f 714/1/2 712/1/2 716/1/2
f 715/3/2 714/3/2 716/3/2
f 716/1/2 712/1/2 717/1/2
f 717/1/2 712/1/2 718/1/2
f 715/1/2 716/1/2 719/1/2
f 716/1/2 717/1/2 719/1/2
f 719/1/2 717/1/2 720/1/2
f 719/3/2 720/3/2 721/3/2
f 720/1/2 717/1/2 721/1/2
f 721/1/2 717/1/2 722/1/2
f 719/3/2 721/3/2 723/3/2
f 721/3/2 722/3/2 723/3/2
f 722/1/2 717/1/2 724/1/2
f 723/3/2 722/3/2 724/3/2
f 717/3/2 718/3/2 725/3/2
f 724/1/2 717/1/2 725/1/2
f 723/1/2 724/1/2 726/1/2
f 724/3/2 725/3/2 726/3/2
f 725/3/2 718/3/2 727/3/2
f 726/3/2 725/3/2 727/3/2
f 719/3/2 723/3/2 728/3/2
f 723/1/2 726/1/2 729/1/2
f 728/3/2 723/3/2 729/3/2
f 726/1/2 727/1/2 729/1/2
f 729/1/2 727/1/2 730/1/2
f 727/3/2 718/3/2 731/3/2
f 730/1/2 727/1/2 731/1/2
f 731/3/2 718/3/2 732/3/2
f 729/3/2 730/3/2 733/3/2
f 728/1/2 729/1/2 733/1/2
f 731/1/2 732/1/2 734/1/2
f 733/3/2 730/3/2 734/3/2
f 730/1/2 731/1/2 734/1/2
f 734/1/2 732/1/2 735/1/2
f 735/1/2 732/1/2 736/1/2
f 736/1/2 732/1/2 737/1/2
f 735/1/2 736/1/2 738/1/2
f 736/4/2 737/4/2 738/4/2
f 738/4/2 737/4/2 739/4/2
f 728/1/2 733/1/2 740/1/2
f 733/1/2 734/1/2 740/1/2
f 740/1/2 734/1/2 741/1/2
f 734/3/2 735/3/2 742/3/2
f 741/1/2 734/1/2 742/1/2
f 738/1/2 739/1/2 743/1/2
f 742/3/2 735/3/2 743/3/2
f 735/1/2 738/1/2 743/1/2
f 743/1/2 739/1/2 744/1/2
f 744/1/2 739/1/2 745/1/2
f 745/1/2 739/1/2 746/1/2
f 740/3/2 741/3/2 747/3/2
f 741/1/2 742/1/2 748/1/2
f 747/3/2 741/3/2 748/3/2
f 742/1/2 743/1/2 748/1/2
f 743/3/2 744/3/2 749/3/2
f 748/1/2 743/1/2 749/1/2
f 744/1/2 745/1/2 750/1/2
f 749/3/2 744/3/2 750/3/2
f 750/1/2 745/1/2 751/1/2
f 747/4/2 748/4/2 752/4/2
f 748/1/2 749/1/2 753/1/2
f 752/4/2 748/4/2 753/4/2
f 749/1/2 750/1/2 753/1/2
f 752/1/2 753/1/2 754/1/2
f 753/1/2 750/1/2 755/1/2
f 754/1/2 753/1/2 755/1/2
f 750/3/2 751/3/2 756/3/2
f 755/1/2 750/1/2 756/1/2
f 751/1/2 745/1/2 757/1/2
f 756/3/2 751/3/2 757/3/2
f 757/1/2 745/1/2 758/1/2
f 754/4/2 755/4/2 759/4/2
f 755/1/2 756/1/2 760/1/2
f 759/4/2 755/4/2 760/4/2
f 756/1/2 757/1/2 760/1/2
f 757/3/2 758/3/2 761/3/2
f 760/1/2 757/1/2 761/1/2
f 759/1/2 760/1/2 761/1/2
f 758/1/2 745/1/2 762/1/2
f 761/3/2 758/3/2 762/3/2
f 762/1/2 745/1/2 763/1/2
f 763/1/2 745/1/2 764/1/2
f 745/3/2 746/3/2 765/3/2
f 764/1/2 745/1/2 765/1/2
f 761/1/2 762/1/2 766/1/2
f 762/3/2 763/3/2 766/3/2
f 763/1/2 764/1/2 767/1/2
f 766/3/2 763/3/2 767/3/2
f 764/3/2 765/3/2 768/3/2
f 767/1/2 764/1/2 768/1/2
f 765/3/2 746/3/2 769/3/2
f 768/3/2 765/3/2 769/3/2
f 761/1/2 766/1/2 770/1/2
f 759/1/2 761/1/2 770/1/2
f 766/1/2 767/1/2 770/1/2
f 770/1/2 767/1/2 771/1/2
f 770/3/2 771/3/2 772/3/2
f 771/1/2 767/1/2 773/1/2
f 772/3/2 771/3/2 773/3/2
f 767/3/2 768/3/2 774/3/2
f 773/1/2 767/1/2 774/1/2
f 768/1/2 769/1/2 775/1/2
f 774/3/2 768/3/2 775/3/2
f 769/3/2 746/3/2 776/3/2
f 775/1/2 769/1/2 776/1/2
f 776/3/2 746/3/2 777/3/2
f 775/3/2 776/3/2 778/3/2
f 776/1/2 777/1/2 778/1/2
f 778/1/2 777/1/2 779/1/2
f 775/3/2 778/3/2 780/3/2
f 778/4/2 779/4/2 780/4/2
f 780/4/2 779/4/2 781/4/2
f 775/3/2 780/3/2 782/3/2
f 780/1/2 781/1/2 782/1/2
f 782/1/2 781/1/2 783/1/2
f 774/1/2 775/1/2 784/1/2
f 773/1/2 774/1/2 784/1/2
f 772/1/2 773/1/2 784/1/2
f 782/3/2 783/3/2 785/3/2
f 784/1/2 775/1/2 785/1/2
f 775/3/2 782/3/2 785/3/2
f 772/1/2 784/1/2 786/1/2
f 784/3/2 785/3/2 787/3/2
f 786/1/2 784/1/2 787/1/2
f 785/3/2 783/3/2 788/3/2
f 787/3/2 785/3/2 788/3/2
f 786/3/2 787/3/2 789/3/2
f 787/1/2 788/1/2 790/1/2
f 789/3/2 787/3/2 790/3/2
f 772/1/2 786/1/2 791/1/2
f 786/3/2 789/3/2 792/3/2
f 791/1/2 786/1/2 792/1/2
f 789/1/2 790/1/2 793/1/2
f 792/3/2 789/3/2 793/3/2
f 788/3/2 783/3/2 794/3/2
f 793/1/2 790/1/2 794/1/2
f 790/1/2 788/1/2 794/1/2
f 794/3/2 783/3/2 795/3/2
f 855/1/3 797/1/3 796/1/3
f 856/1/3 797/1/3 855/1/3
f 857/1/3 797/1/3 856/1/3
f 858/3/3 798/3/3 797/3/3
f 858/1/3 797/1/3 857/1/3
f 859/1/3 799/1/3 798/1/3
f 859/3/3 798/3/3 858/3/3
f 860/2/3 800/2/3 799/2/3
f 860/1/3 799/1/3 859/1/3
f 861/3/3 801/3/3 800/3/3
f 861/2/3 800/2/3 860/2/3
f 862/1/3 802/1/3 801/1/3
f 862/3/3 801/3/3 861/3/3
f 863/2/3 803/2/3 802/2/3
f 863/1/3 802/1/3 862/1/3
f 864/1/3 804/1/3 803/1/3
f 864/2/3 803/2/3 863/2/3
f 865/3/3 805/3/3 804/3/3
f 865/1/3 804/1/3 864/1/3
f 866/1/3 806/1/3 805/1/3
f 866/3/3 805/3/3 865/3/3
f 867/3/3 807/3/3 806/3/3
f 867/1/3 806/1/3 866/1/3
f 868/1/3 808/1/3 807/1/3
f 868/3/3 807/3/3 867/3/3
f 869/3/3 809/3/3 808/3/3
f 869/1/3 808/1/3 868/1/3
f 870/1/3 810/1/3 809/1/3
f 870/3/3 809/3/3 869/3/3
f 871/3/3 811/3/3 810/3/3
f 871/1/3 810/1/3 870/1/3
f 872/1/3 812/1/3 811/1/3
f 872/3/3 811/3/3 871/3/3
f 873/3/3 813/3/3 812/3/3
f 873/1/3 812/1/3 872/1/3
f 874/1/3 814/1/3 813/1/3
f 874/3/3 813/3/3 873/3/3
f 875/4/3 815/4/3 814/4/3
f 875/1/3 814/1/3 874/1/3
f 876/1/3 816/1/3 815/1/3
f 876/4/3 815/4/3 875/4/3
f 877/1/3 816/1/3 876/1/3
f 878/3/3 817/3/3 816/3/3
f 878/1/3 816/1/3 877/1/3
f 879/1/3 818/1/3 817/1/3
f 879/3/3 817/3/3 878/3/3
f 880/2/3 819/2/3 818/2/3
f 880/1/3 818/1/3 879/1/3
f 881/1/3 820/1/3 819/1/3
f 881/2/3 819/2/3 880/2/3
f 882/2/3 821/2/3 820/2/3
f 882/1/3 820/1/3 881/1/3
f 883/1/3 822/1/3 821/1/3
f 883/2/3 821/2/3 882/2/3
f 884/4/3 823/4/3 822/4/3
f 885/1/3 824/1/3 823/1/3
f 885/4/3 823/4/3 884/4/3
f 886/4/3 825/4/3 824/4/3
f 886/1/3 824/1/3 885/1/3
f 887/1/3 826/1/3 825/1/3
f 887/4/3 825/4/3 886/4/3
f 888/4/3 827/4/3 826/4/3
f 888/1/3 826/1/3 887/1/3
f 889/1/3 828/1/3 827/1/3
f 889/4/3 827/4/3 888/4/3
f 890/4/3 829/4/3 828/4/3
f 890/1/3 828/1/3 889/1/3
f 891/1/3 830/1/3 829/1/3
f 891/4/3 829/4/3 890/4/3
f 892/1/3 832/1/3 831/1/3
f 892/3/3 833/3/3 832/3/3
f 893/1/3 834/1/3 833/1/3
f 893/3/3 833/3/3 892/3/3
f 894/3/3 835/3/3 834/3/3
f 894/1/3 834/1/3 893/1/3
f 895/1/3 836/1/3 835/1/3
f 895/3/3 835/3/3 894/3/3
f 896/1/3 838/1/3 837/1/3
f 896/4/3 839/4/3 838/4/3
f 897/1/3 840/1/3 839/1/3
f 897/4/3 839/4/3 896/4/3
f 898/4/3 841/4/3 840/4/3
f 898/1/3 840/1/3 897/1/3
f 899/1/3 842/1/3 841/1/3
f 899/4/3 841/4/3 898/4/3
f 900/4/3 843/4/3 842/4/3
f 900/1/3 842/1/3 899/1/3
f 901/1/3 844/1/3 843/1/3
f 901/4/3 843/4/3 900/4/3
f 902/4/3 845/4/3 844/4/3
f 902/1/3 844/1/3 901/1/3
f 903/4/3 845/4/3 902/4/3
f 904/1/3 846/1/3 845/1/3
f 904/3/3 847/3/3 846/3/3
f 905/1/3 848/1/3 847/1/3
f 905/3/3 847/3/3 904/3/3
f 906/1/3 848/1/3 905/1/3
f 907/4/3 849/4/3 848/4/3
f 907/1/3 848/1/3 906/1/3
f 908/1/3 850/1/3 849/1/3
f 908/4/3 849/4/3 907/4/3
f 909/3/3 851/3/3 850/3/3
f 909/1/3 850/1/3 908/1/3
f 910/1/3 852/1/3 851/1/3
f 910/3/3 851/3/3 909/3/3
f 911/3/3 853/3/3 852/3/3
f 911/1/3 852/1/3 910/1/3
f 912/1/3 854/1/3 853/1/3
f 912/3/3 853/3/3 911/3/3
f 913/1/3 879/1/3 878/1/3
f 913/1/3 880/1/3 879/1/3
f 913/1/3 881/1/3 880/1/3
f 913/1/3 882/1/3 881/1/3
f 913/1/3 822/1/3 883/1/3
f 913/1/3 883/1/3 882/1/3
f 914/4/3 884/4/3 822/4/3
f 914/1/3 822/1/3 913/1/3
f 915/1/3 885/1/3 884/1/3
f 915/4/3 884/4/3 914/4/3
f 915/1/3 886/1/3 885/1/3
f 915/1/3 887/1/3 886/1/3
f 916/1/3 887/1/3 915/1/3
f 917/4/3 888/4/3 887/4/3
f 917/1/3 887/1/3 916/1/3
f 918/1/3 889/1/3 888/1/3
f 918/4/3 888/4/3 917/4/3
f 918/1/3 890/1/3 889/1/3
f 919/3/3 891/3/3 890/3/3
f 919/1/3 890/1/3 918/1/3
f 920/1/3 830/1/3 891/1/3
f 920/3/3 891/3/3 919/3/3
f 921/1/3 830/1/3 920/1/3
f 922/1/3 896/1/3 837/1/3
f 923/3/3 897/3/3 896/3/3
f 923/1/3 896/1/3 922/1/3
f 924/1/3 898/1/3 897/1/3
f 924/3/3 897/3/3 923/3/3
f 924/1/3 899/1/3 898/1/3
f 925/4/3 900/4/3 899/4/3
f 925/1/3 899/1/3 924/1/3
f 926/1/3 902/1/3 901/1/3
f 926/4/3 900/4/3 925/4/3
f 926/1/3 901/1/3 900/1/3
f 926/1/3 903/1/3 902/1/3
f 927/1/3 903/1/3 926/1/3
f 928/4/3 845/4/3 903/4/3
f 928/1/3 903/1/3 927/1/3
f 929/1/3 905/1/3 904/1/3
f 929/4/3 845/4/3 928/4/3
f 929/1/3 904/1/3 845/1/3
f 930/1/3 905/1/3 929/1/3
f 931/1/3 857/1/3 856/1/3
f 932/3/3 858/3/3 857/3/3
f 932/1/3 857/1/3 931/1/3
f 933/1/3 859/1/3 858/1/3
f 933/3/3 858/3/3 932/3/3
f 933/1/3 860/1/3 859/1/3
f 934/1/3 860/1/3 933/1/3
f 935/3/3 861/3/3 860/3/3
f 935/1/3 860/1/3 934/1/3
f 936/1/3 862/1/3 861/1/3
f 936/3/3 861/3/3 935/3/3
f 936/1/3 863/1/3 862/1/3
f 936/1/3 864/1/3 863/1/3
f 937/1/3 864/1/3 936/1/3
f 938/3/3 865/3/3 864/3/3
f 938/1/3 864/1/3 937/1/3
f 939/1/3 866/1/3 865/1/3
f 939/3/3 865/3/3 938/3/3
f 939/1/3 867/1/3 866/1/3
f 939/1/3 868/1/3 867/1/3
f 939/1/3 869/1/3 868/1/3
f 939/1/3 870/1/3 869/1/3
f 939/1/3 871/1/3 870/1/3
f 939/1/3 872/1/3 871/1/3
f 939/1/3 873/1/3 872/1/3
f 939/1/3 874/1/3 873/1/3
f 939/1/3 875/1/3 874/1/3
f 939/1/3 877/1/3 876/1/3
f 939/1/3 876/1/3 875/1/3
f 940/1/3 877/1/3 939/1/3
f 941/1/3 877/1/3 940/1/3
f 942/1/3 877/1/3 941/1/3
f 943/3/3 878/3/3 877/3/3
f 943/1/3 877/1/3 942/1/3
f 944/1/3 913/1/3 878/1/3
f 944/3/3 878/3/3 943/3/3
f 945/1/3 913/1/3 944/1/3
f 946/1/3 913/1/3 945/1/3
f 947/1/3 913/1/3 946/1/3
f 948/1/3 913/1/3 947/1/3
f 949/4/3 914/4/3 913/4/3
f 949/1/3 913/1/3 948/1/3
f 950/1/3 916/1/3 915/1/3
f 950/4/3 914/4/3 949/4/3
f 950/1/3 915/1/3 914/1/3
f 951/1/3 916/1/3 950/1/3
f 952/4/3 917/4/3 916/4/3
f 952/1/3 916/1/3 951/1/3
f 953/1/3 920/1/3 919/1/3
f 953/4/3 917/4/3 952/4/3
f 953/1/3 919/1/3 918/1/3
f 953/1/3 918/1/3 917/1/3
f 954/3/3 921/3/3 920/3/3
f 955/1/3 830/1/3 921/1/3
f 955/3/3 921/3/3 954/3/3
f 956/1/3 922/1/3 837/1/3
f 956/3/3 923/3/3 922/3/3
f 957/3/3 923/3/3 956/3/3
f 958/1/3 926/1/3 925/1/3
f 958/4/3 927/4/3 926/4/3
f 958/1/3 924/1/3 923/1/3
f 958/1/3 925/1/3 924/1/3
f 959/1/3 929/1/3 928/1/3
f 959/4/3 927/4/3 958/4/3
f 959/1/3 928/1/3 927/1/3
f 960/1/3 929/1/3 959/1/3
f 961/4/3 930/4/3 929/4/3
f 961/1/3 929/1/3 960/1/3
f 962/1/3 905/1/3 930/1/3
f 962/4/3 930/4/3 961/4/3
f 963/1/3 905/1/3 962/1/3
f 964/3/3 906/3/3 905/3/3
f 964/1/3 905/1/3 963/1/3
f 965/1/3 911/1/3 910/1/3
f 965/3/3 906/3/3 964/3/3
f 965/1/3 909/1/3 908/1/3
f 965/1/3 908/1/3 907/1/3
f 965/1/3 907/1/3 906/1/3
f 965/1/3 910/1/3 909/1/3
f 965/1/3 912/1/3 911/1/3
f 966/1/3 912/1/3 965/1/3
f 967/1/3 934/1/3 933/1/3
f 967/1/3 933/1/3 932/1/3
f 968/3/3 935/3/3 934/3/3
f 968/1/3 934/1/3 967/1/3
f 969/2/3 936/2/3 935/2/3
f 969/3/3 935/3/3 968/3/3
f 970/1/3 937/1/3 936/1/3
f 970/2/3 936/2/3 969/2/3
f 971/1/3 937/1/3 970/1/3
f 972/3/3 938/3/3 937/3/3
f 972/1/3 937/1/3 971/1/3
f 973/1/3 940/1/3 939/1/3
f 973/3/3 938/3/3 972/3/3
f 973/1/3 939/1/3 938/1/3
f 974/3/3 941/3/3 940/3/3
f 975/1/3 942/1/3 941/1/3
f 975/3/3 941/3/3 974/3/3
f 976/1/3 944/1/3 943/1/3
f 976/1/3 945/1/3 944/1/3
f 976/2/3 946/2/3 945/2/3
f 977/1/3 947/1/3 946/1/3
f 977/2/3 946/2/3 976/2/3
f 978/2/3 948/2/3 947/2/3
f 978/1/3 947/1/3 977/1/3
f 979/4/3 949/4/3 948/4/3
f 979/2/3 948/2/3 978/2/3
f 980/1/3 951/1/3 950/1/3
f 980/4/3 949/4/3 979/4/3
f 980/1/3 950/1/3 949/1/3
f 981/1/3 951/1/3 980/1/3
f 982/4/3 952/4/3 951/4/3
f 982/1/3 951/1/3 981/1/3
f 983/1/3 953/1/3 952/1/3
f 983/4/3 952/4/3 982/4/3
f 984/1/3 920/1/3 953/1/3
f 984/1/3 953/1/3 983/1/3
f 985/3/3 954/3/3 920/3/3
f 985/1/3 920/1/3 984/1/3
f 986/1/3 958/1/3 923/1/3
f 986/1/3 959/1/3 958/1/3
f 986/3/3 923/3/3 957/3/3
f 987/1/3 959/1/3 986/1/3
f 988/4/3 960/4/3 959/4/3
f 988/1/3 959/1/3 987/1/3
f 989/1/3 961/1/3 960/1/3
f 989/4/3 960/4/3 988/4/3
f 989/1/3 962/1/3 961/1/3
f 990/1/3 962/1/3 989/1/3
f 991/4/3 963/4/3 962/4/3
f 991/1/3 962/1/3 990/1/3
f 992/1/3 964/1/3 963/1/3
f 992/4/3 963/4/3 991/4/3
f 992/1/3 965/1/3 964/1/3
f 993/1/3 965/1/3 992/1/3
f 994/3/3 856/3/3 855/3/3
f 994/1/3 855/1/3 796/1/3
f 995/1/3 931/1/3 856/1/3
f 995/3/3 856/3/3 994/3/3
f 996/1/3 931/1/3 995/1/3
f 997/1/3 931/1/3 996/1/3
f 998/3/3 932/3/3 931/3/3
f 998/1/3 931/1/3 997/1/3
f 999/1/3 967/1/3 932/1/3
f 999/3/3 932/3/3 998/3/3
f 1000/1/3 969/1/3 968/1/3
f 1000/1/3 971/1/3 970/1/3
f 1000/1/3 970/1/3 969/1/3
f 1001/3/3 972/3/3 971/3/3
f 1001/1/3 971/1/3 1000/1/3
f 1002/1/3 973/1/3 972/1/3
f 1002/3/3 972/3/3 1001/3/3
f 1003/1/3 942/1/3 975/1/3
f 1003/1/3 975/1/3 974/1/3
f 1004/3/3 943/3/3 942/3/3
f 1004/1/3 942/1/3 1003/1/3
f 1005/1/3 977/1/3 976/1/3
f 1005/3/3 943/3/3 1004/3/3
f 1005/1/3 978/1/3 977/1/3
f 1005/1/3 976/1/3 943/1/3
f 1006/1/3 978/1/3 1005/1/3
f 1007/4/3 979/4/3 978/4/3
f 1007/1/3 978/1/3 1006/1/3
f 1008/1/3 980/1/3 979/1/3
f 1008/4/3 979/4/3 1007/4/3
f 1008/1/3 981/1/3 980/1/3
f 1009/1/3 981/1/3 1008/1/3
f 1010/4/3 982/4/3 981/4/3
f 1010/1/3 981/1/3 1009/1/3
f 1011/1/3 983/1/3 982/1/3
f 1011/4/3 982/4/3 1010/4/3
f 1011/1/3 984/1/3 983/1/3
f 1012/1/3 984/1/3 1011/1/3
f 1013/1/3 984/1/3 1012/1/3
f 1014/1/3 988/1/3 987/1/3
f 1014/1/3 989/1/3 988/1/3
f 1015/1/3 989/1/3 1014/1/3
f 1016/4/3 990/4/3 989/4/3
f 1016/1/3 989/1/3 1015/1/3
f 1017/1/3 991/1/3 990/1/3
f 1017/4/3 990/4/3 1016/4/3
f 1017/1/3 992/1/3 991/1/3
f 1018/1/3 992/1/3 1017/1/3
f 1019/4/3 993/4/3 992/4/3
f 1019/1/3 992/1/3 1018/1/3
f 1020/1/3 965/1/3 993/1/3
f 1020/4/3 993/4/3 1019/4/3
f 1021/1/3 965/1/3 1020/1/3
f 1022/3/3 966/3/3 965/3/3
f 1022/1/3 965/1/3 1021/1/3
f 1023/1/3 912/1/3 966/1/3
f 1023/3/3 966/3/3 1022/3/3
f 1024/1/3 912/1/3 1023/1/3
f 1025/1/3 967/1/3 999/1/3
f 1025/1/3 999/1/3 998/1/3
f 1026/1/3 967/1/3 1025/1/3
f 1027/1/3 967/1/3 1026/1/3
f 1028/3/3 968/3/3 967/3/3
f 1028/1/3 967/1/3 1027/1/3
f 1029/1/3 1000/1/3 968/1/3
f 1029/3/3 968/3/3 1028/3/3
f 1030/3/3 1001/3/3 1000/3/3
f 1030/1/3 1000/1/3 1029/1/3
f 1031/3/3 1001/3/3 1030/3/3
f 1032/1/3 1002/1/3 1001/1/3
f 1032/3/3 1001/3/3 1031/3/3
f 1033/1/3 973/1/3 1002/1/3
f 1033/1/3 1002/1/3 1032/1/3
f 1034/1/3 940/1/3 973/1/3
f 1034/1/3 973/1/3 1033/1/3
f 1035/1/3 1005/1/3 1004/1/3
f 1035/1/3 1006/1/3 1005/1/3
f 1036/1/3 1006/1/3 1035/1/3
f 1037/1/3 1006/1/3 1036/1/3
f 1038/1/3 1006/1/3 1037/1/3
f 1039/1/3 1006/1/3 1038/1/3
f 1040/1/3 1006/1/3 1039/1/3
f 1041/4/3 1007/4/3 1006/4/3
f 1041/1/3 1006/1/3 1040/1/3
f 1042/1/3 1009/1/3 1008/1/3
f 1042/4/3 1007/4/3 1041/4/3
f 1042/1/3 1008/1/3 1007/1/3
f 1043/1/3 1009/1/3 1042/1/3
f 1044/1/3 1009/1/3 1043/1/3
f 1045/4/3 1010/4/3 1009/4/3
f 1045/1/3 1009/1/3 1044/1/3
f 1046/1/3 1011/1/3 1010/1/3
f 1046/4/3 1010/4/3 1045/4/3
f 1046/1/3 1012/1/3 1011/1/3
f 1047/3/3 954/3/3 985/3/3
f 1047/3/3 985/3/3 984/3/3
f 1048/1/3 955/1/3 954/1/3
f 1048/3/3 954/3/3 1047/3/3
f 1049/1/3 830/1/3 955/1/3
f 1049/1/3 955/1/3 1048/1/3
f 1050/1/3 957/1/3 956/1/3
f 1050/1/3 956/1/3 837/1/3
f 1051/3/3 987/3/3 986/3/3
f 1051/1/3 957/1/3 1050/1/3
f 1051/3/3 986/3/3 957/3/3
f 1052/3/3 987/3/3 1051/3/3
f 1053/1/3 1016/1/3 1015/1/3
f 1053/4/3 1018/4/3 1017/4/3
f 1053/1/3 1017/1/3 1016/1/3
f 1054/1/3 1019/1/3 1018/1/3
f 1054/4/3 1018/4/3 1053/4/3
f 1054/1/3 1020/1/3 1019/1/3
f 1055/1/3 1020/1/3 1054/1/3
f 1056/4/3 1021/4/3 1020/4/3
f 1056/1/3 1020/1/3 1055/1/3
f 1057/1/3 1022/1/3 1021/1/3
f 1057/4/3 1021/4/3 1056/4/3
f 1057/1/3 1023/1/3 1022/1/3
f 1058/1/3 1023/1/3 1057/1/3
f 1059/1/3 997/1/3 996/1/3
f 1060/3/3 998/3/3 997/3/3
f 1060/1/3 997/1/3 1059/1/3
f 1061/1/3 1025/1/3 998/1/3
f 1061/3/3 998/3/3 1060/3/3
f 1062/2/3 1026/2/3 1025/2/3
f 1062/1/3 1025/1/3 1061/1/3
f 1063/1/3 1027/1/3 1026/1/3
f 1063/2/3 1026/2/3 1062/2/3
f 1064/2/3 1031/2/3 1030/2/3
f 1064/3/3 1030/3/3 1029/3/3
f 1065/1/3 1032/1/3 1031/1/3
f 1065/2/3 1031/2/3 1064/2/3
f 1065/1/3 1033/1/3 1032/1/3
f 1066/2/3 1034/2/3 1033/2/3
f 1066/1/3 1033/1/3 1065/1/3
f 1067/1/3 940/1/3 1034/1/3
f 1067/2/3 1034/2/3 1066/2/3
f 1068/1/3 940/1/3 1067/1/3
f 1069/3/3 974/3/3 940/3/3
f 1069/1/3 940/1/3 1068/1/3
f 1070/1/3 1035/1/3 1004/1/3
f 1070/2/3 1036/2/3 1035/2/3
f 1071/1/3 1037/1/3 1036/1/3
f 1071/2/3 1036/2/3 1070/2/3
f 1072/2/3 1038/2/3 1037/2/3
f 1072/1/3 1037/1/3 1071/1/3
f 1073/1/3 1039/1/3 1038/1/3
f 1073/2/3 1038/2/3 1072/2/3
f 1074/2/3 1040/2/3 1039/2/3
f 1074/1/3 1039/1/3 1073/1/3
f 1075/4/3 1041/4/3 1040/4/3
f 1075/2/3 1040/2/3 1074/2/3
f 1076/1/3 1042/1/3 1041/1/3
f 1076/4/3 1041/4/3 1075/4/3
f 1077/2/3 1043/2/3 1042/2/3
f 1077/1/3 1042/1/3 1076/1/3
f 1078/1/3 1044/1/3 1043/1/3
f 1078/2/3 1043/2/3 1077/2/3
f 1079/1/3 1044/1/3 1078/1/3
f 1080/4/3 1045/4/3 1044/4/3
f 1080/1/3 1044/1/3 1079/1/3
f 1081/1/3 1046/1/3 1045/1/3
f 1081/4/3 1045/4/3 1080/4/3
f 1082/4/3 1055/4/3 1054/4/3
f 1082/1/3 1054/1/3 1053/1/3
f 1083/1/3 1056/1/3 1055/1/3
f 1083/4/3 1055/4/3 1082/4/3
f 1083/1/3 1057/1/3 1056/1/3
f 1084/1/3 1057/1/3 1083/1/3
f 1085/4/3 1058/4/3 1057/4/3
f 1085/1/3 1057/1/3 1084/1/3
f 1086/1/3 1023/1/3 1058/1/3
f 1086/4/3 1058/4/3 1085/4/3
f 1087/1/3 1023/1/3 1086/1/3
f 1088/1/3 1062/1/3 1061/1/3
f 1088/1/3 1027/1/3 1063/1/3
f 1088/1/3 1061/1/3 1060/1/3
f 1088/1/3 1063/1/3 1062/1/3
f 1089/3/3 1028/3/3 1027/3/3
f 1089/1/3 1027/1/3 1088/1/3
f 1090/1/3 1029/1/3 1028/1/3
f 1090/3/3 1028/3/3 1089/3/3
f 1091/3/3 1064/3/3 1029/3/3
f 1091/1/3 1029/1/3 1090/1/3
f 1092/1/3 1066/1/3 1065/1/3
f 1092/3/3 1064/3/3 1091/3/3
f 1092/1/3 1068/1/3 1067/1/3
f 1092/1/3 1067/1/3 1066/1/3
f 1092/1/3 1065/1/3 1064/1/3
f 1093/1/3 1068/1/3 1092/1/3
f 1094/3/3 1069/3/3 1068/3/3
f 1094/1/3 1068/1/3 1093/1/3
f 1095/3/3 1069/3/3 1094/3/3
f 1096/1/3 1003/1/3 974/1/3
f 1096/3/3 1069/3/3 1095/3/3
f 1096/3/3 974/3/3 1069/3/3
f 1097/1/3 1003/1/3 1096/1/3
f 1098/1/3 1003/1/3 1097/1/3
f 1099/3/3 1004/3/3 1003/3/3
f 1099/1/3 1003/1/3 1098/1/3
f 1100/1/3 1073/1/3 1072/1/3
f 1100/3/3 1004/3/3 1099/3/3
f 1100/1/3 1074/1/3 1073/1/3
f 1100/1/3 1070/1/3 1004/1/3
f 1100/1/3 1072/1/3 1071/1/3
f 1100/1/3 1071/1/3 1070/1/3
f 1101/1/3 1078/1/3 1077/1/3
f 1101/1/3 1077/1/3 1076/1/3
f 1101/1/3 1079/1/3 1078/1/3
f 1101/1/3 1076/1/3 1075/1/3
f 1102/4/3 1080/4/3 1079/4/3
f 1102/1/3 1079/1/3 1101/1/3
f 1103/1/3 1081/1/3 1080/1/3
f 1103/4/3 1080/4/3 1102/4/3
f 1104/1/3 984/1/3 1013/1/3
f 1104/3/3 1013/3/3 1012/3/3
f 1105/3/3 1047/3/3 984/3/3
f 1105/1/3 984/1/3 1104/1/3
f 1106/1/3 1048/1/3 1047/1/3
f 1106/3/3 1047/3/3 1105/3/3
f 1107/3/3 987/3/3 1052/3/3
f 1107/1/3 1052/1/3 1051/1/3
f 1108/1/3 1014/1/3 987/1/3
f 1108/3/3 987/3/3 1107/3/3
f 1109/3/3 1015/3/3 1014/3/3
f 1109/1/3 1014/1/3 1108/1/3
f 1110/4/3 1084/4/3 1083/4/3
f 1110/1/3 1083/1/3 1082/1/3
f 1111/1/3 1085/1/3 1084/1/3
f 1111/4/3 1084/4/3 1110/4/3
f 1111/1/3 1086/1/3 1085/1/3
f 1112/1/3 1086/1/3 1111/1/3
f 1113/3/3 1024/3/3 1023/3/3
f 1113/1/3 1023/1/3 1087/1/3
f 1114/1/3 912/1/3 1024/1/3
f 1114/3/3 1024/3/3 1113/3/3
f 1115/1/3 912/1/3 1114/1/3
f 1116/1/3 1059/1/3 996/1/3
f 1117/3/3 1060/3/3 1059/3/3
f 1117/1/3 1059/1/3 1116/1/3
f 1118/1/3 1088/1/3 1060/1/3
f 1118/3/3 1060/3/3 1117/3/3
f 1119/1/3 1088/1/3 1118/1/3
f 1120/1/3 1088/1/3 1119/1/3
f 1121/1/3 1090/1/3 1089/1/3
f 1121/3/3 1089/3/3 1088/3/3
f 1122/3/3 1091/3/3 1090/3/3
f 1122/1/3 1090/1/3 1121/1/3
f 1123/1/3 1092/1/3 1091/1/3
f 1123/1/3 1093/1/3 1092/1/3
f 1124/1/3 1093/1/3 1123/1/3
f 1125/1/3 1093/1/3 1124/1/3
f 1126/3/3 1094/3/3 1093/3/3
f 1126/1/3 1093/1/3 1125/1/3
f 1127/1/3 1095/1/3 1094/1/3
f 1127/3/3 1094/3/3 1126/3/3
f 1128/3/3 1097/3/3 1096/3/3
f 1128/3/3 1096/3/3 1095/3/3
f 1129/1/3 1098/1/3 1097/1/3
f 1129/3/3 1097/3/3 1128/3/3
f 1130/1/3 1098/1/3 1129/1/3
f 1131/1/3 1074/1/3 1100/1/3
f 1131/1/3 1100/1/3 1099/1/3
f 1132/1/3 1074/1/3 1131/1/3
f 1133/1/3 1074/1/3 1132/1/3
f 1134/1/3 1074/1/3 1133/1/3
f 1135/1/3 1074/1/3 1134/1/3
f 1136/4/3 1075/4/3 1074/4/3
f 1136/1/3 1074/1/3 1135/1/3
f 1137/1/3 1101/1/3 1075/1/3
f 1137/4/3 1075/4/3 1136/4/3
f 1138/1/3 1101/1/3 1137/1/3
f 1139/4/3 1102/4/3 1101/4/3
f 1139/1/3 1101/1/3 1138/1/3
f 1140/4/3 1102/4/3 1139/4/3
f 1141/1/3 1103/1/3 1102/1/3
f 1141/4/3 1102/4/3 1140/4/3
f 1142/1/3 1081/1/3 1103/1/3
f 1142/1/3 1103/1/3 1141/1/3
f 1142/1/3 1046/1/3 1081/1/3
f 1142/1/3 1012/1/3 1046/1/3
f 1143/3/3 1105/3/3 1104/3/3
f 1143/1/3 1012/1/3 1142/1/3
f 1143/3/3 1104/3/3 1012/3/3
f 1144/1/3 1110/1/3 1082/1/3
f 1144/1/3 1082/1/3 1053/1/3
f 1144/3/3 1015/3/3 1109/3/3
f 1144/1/3 1053/1/3 1015/1/3
f 1144/3/3 1109/3/3 1108/3/3
f 1144/1/3 1111/1/3 1110/1/3
f 1145/1/3 1111/1/3 1144/1/3
f 1146/4/3 1112/4/3 1111/4/3
f 1146/1/3 1111/1/3 1145/1/3
f 1147/4/3 1112/4/3 1146/4/3
f 1148/1/3 1086/1/3 1112/1/3
f 1148/4/3 1112/4/3 1147/4/3
f 1149/1/3 1086/1/3 1148/1/3
f 1150/4/3 1087/4/3 1086/4/3
f 1150/1/3 1086/1/3 1149/1/3
f 1151/1/3 1113/1/3 1087/1/3
f 1151/4/3 1087/4/3 1150/4/3
f 1151/1/3 1114/1/3 1113/1/3
f 1152/1/3 1114/1/3 1151/1/3
f 1153/1/3 994/1/3 796/1/3
f 1153/1/3 995/1/3 994/1/3
f 1154/3/3 996/3/3 995/3/3
f 1154/1/3 995/1/3 1153/1/3
f 1155/1/3 1116/1/3 996/1/3
f 1155/3/3 996/3/3 1154/3/3
f 1156/3/3 1117/3/3 1116/3/3
f 1156/1/3 1116/1/3 1155/1/3
f 1157/1/3 1118/1/3 1117/1/3
f 1157/3/3 1117/3/3 1156/3/3
f 1157/1/3 1119/1/3 1118/1/3
f 1158/2/3 1120/2/3 1119/2/3
f 1158/1/3 1119/1/3 1157/1/3
f 1159/1/3 1088/1/3 1120/1/3
f 1159/2/3 1120/2/3 1158/2/3
f 1160/3/3 1121/3/3 1088/3/3
f 1160/1/3 1088/1/3 1159/1/3
f 1161/2/3 1122/2/3 1121/2/3
f 1161/3/3 1121/3/3 1160/3/3
f 1162/3/3 1091/3/3 1122/3/3
f 1162/2/3 1122/2/3 1161/2/3
f 1163/1/3 1123/1/3 1091/1/3
f 1163/3/3 1091/3/3 1162/3/3
f 1164/2/3 1124/2/3 1123/2/3
f 1164/1/3 1123/1/3 1163/1/3
f 1165/1/3 1125/1/3 1124/1/3
f 1165/2/3 1124/2/3 1164/2/3
f 1166/3/3 1126/3/3 1125/3/3
f 1166/1/3 1125/1/3 1165/1/3
f 1167/1/3 1127/1/3 1126/1/3
f 1167/3/3 1126/3/3 1166/3/3
f 1168/1/3 1095/1/3 1127/1/3
f 1168/1/3 1127/1/3 1167/1/3
f 1168/3/3 1128/3/3 1095/3/3
f 1169/1/3 1129/1/3 1128/1/3
f 1169/3/3 1128/3/3 1168/3/3
f 1170/3/3 1130/3/3 1129/3/3
f 1170/1/3 1129/1/3 1169/1/3
f 1171/1/3 1098/1/3 1130/1/3
f 1171/3/3 1130/3/3 1170/3/3
f 1172/3/3 1099/3/3 1098/3/3
f 1172/1/3 1098/1/3 1171/1/3
f 1173/1/3 1131/1/3 1099/1/3
f 1173/3/3 1099/3/3 1172/3/3
f 1174/2/3 1132/2/3 1131/2/3
f 1174/1/3 1131/1/3 1173/1/3
f 1175/1/3 1133/1/3 1132/1/3
f 1175/2/3 1132/2/3 1174/2/3
f 1176/2/3 1134/2/3 1133/2/3
f 1176/1/3 1133/1/3 1175/1/3
f 1177/1/3 1135/1/3 1134/1/3
f 1177/2/3 1134/2/3 1176/2/3
f 1178/4/3 1136/4/3 1135/4/3
f 1178/1/3 1135/1/3 1177/1/3
f 1179/2/3 1137/2/3 1136/2/3
f 1179/4/3 1136/4/3 1178/4/3
f 1180/1/3 1138/1/3 1137/1/3
f 1180/2/3 1137/2/3 1179/2/3
f 1181/4/3 1139/4/3 1138/4/3
f 1181/1/3 1138/1/3 1180/1/3
f 1182/3/3 1140/3/3 1139/3/3
f 1182/4/3 1139/4/3 1181/4/3
f 1183/1/3 1141/1/3 1140/1/3
f 1183/3/3 1140/3/3 1182/3/3
f 1183/1/3 1142/1/3 1141/1/3
f 1184/3/3 1143/3/3 1142/3/3
f 1184/1/3 1142/1/3 1183/1/3
f 1185/3/3 1105/3/3 1143/3/3
f 1185/3/3 1143/3/3 1184/3/3
f 1185/1/3 1106/1/3 1105/1/3
f 1186/1/3 1048/1/3 1106/1/3
f 1186/1/3 1106/1/3 1185/1/3
f 1186/3/3 1049/3/3 1048/3/3
f 1187/1/3 830/1/3 1049/1/3
f 1187/3/3 1049/3/3 1186/3/3
f 1188/3/3 831/3/3 830/3/3
f 1188/1/3 830/1/3 1187/1/3
f 1189/1/3 892/1/3 831/1/3
f 1189/3/3 831/3/3 1188/3/3
f 1189/1/3 893/1/3 892/1/3
f 1189/1/3 894/1/3 893/1/3
f 1189/1/3 895/1/3 894/1/3
f 1190/3/3 837/3/3 836/3/3
f 1190/1/3 895/1/3 1189/1/3
f 1190/1/3 836/1/3 895/1/3
f 1191/1/3 1050/1/3 837/1/3
f 1191/3/3 837/3/3 1190/3/3
f 1192/3/3 1051/3/3 1050/3/3
f 1192/1/3 1050/1/3 1191/1/3
f 1193/1/3 1108/1/3 1107/1/3
f 1193/3/3 1051/3/3 1192/3/3
f 1193/1/3 1107/1/3 1051/1/3
f 1194/3/3 1145/3/3 1144/3/3
f 1194/1/3 1108/1/3 1193/1/3
f 1194/3/3 1144/3/3 1108/3/3
f 1195/1/3 1147/1/3 1146/1/3
f 1195/3/3 1145/3/3 1194/3/3
f 1195/1/3 1146/1/3 1145/1/3
f 1196/3/3 1148/3/3 1147/3/3
f 1196/1/3 1147/1/3 1195/1/3
f 1197/4/3 1149/4/3 1148/4/3
f 1197/3/3 1148/3/3 1196/3/3
f 1198/1/3 1150/1/3 1149/1/3
f 1198/4/3 1149/4/3 1197/4/3
f 1198/1/3 1151/1/3 1150/1/3
f 1199/4/3 1152/4/3 1151/4/3
f 1199/1/3 1151/1/3 1198/1/3
f 1200/1/3 1114/1/3 1152/1/3
f 1200/4/3 1152/4/3 1199/4/3
f 1201/3/3 1115/3/3 1114/3/3
f 1201/1/3 1114/1/3 1200/1/3
f 1202/1/3 912/1/3 1115/1/3
f 1202/3/3 1115/3/3 1201/3/3
f 1203/1/3 854/1/3 912/1/3
f 1203/1/3 912/1/3 1202/1/3
f 1204/1/4 1205/1/4 1272/1/4
f 1205/3/4 1206/3/4 1272/3/4
f 1206/1/4 1207/1/4 1273/1/4
f 1272/3/4 1206/3/4 1273/3/4
f 1207/2/4 1208/2/4 1274/2/4
f 1273/1/4 1207/1/4 1274/1/4
f 1208/1/4 1209/1/4 1275/1/4
f 1274/2/4 1208/2/4 1275/2/4
f 1209/2/4 1210/2/4 1276/2/4
f 1275/1/4 1209/1/4 1276/1/4
f 1210/3/4 1211/3/4 1277/3/4
f 1276/2/4 1210/2/4 1277/2/4
f 1211/1/4 1212/1/4 1278/1/4
f 1277/3/4 1211/3/4 1278/3/4
f 1212/2/4 1213/2/4 1279/2/4
f 1278/1/4 1212/1/4 1279/1/4
f 1213/1/4 1214/1/4 1280/1/4
f 1279/2/4 1213/2/4 1280/2/4
f 1214/2/4 1215/2/4 1281/2/4
f 1280/1/4 1214/1/4 1281/1/4
f 1215/1/4 1216/1/4 1282/1/4
f 1281/2/4 1215/2/4 1282/2/4
f 1216/3/4 1217/3/4 1283/3/4
f 1282/1/4 1216/1/4 1283/1/4
f 1217/1/4 1218/1/4 1284/1/4
f 1283/3/4 1217/3/4 1284/3/4
f 1218/3/4 1219/3/4 1285/3/4
f 1284/1/4 1218/1/4 1285/1/4
f 1219/1/4 1220/1/4 1286/1/4
f 1285/3/4 1219/3/4 1286/3/4
f 1286/1/4 1220/1/4 1287/1/4
f 1221/1/4 1222/1/4 1288/1/4
f 1222/3/4 1223/3/4 1288/3/4
f 1288/3/4 1223/3/4 1289/3/4
f 1223/1/4 1224/1/4 1290/1/4
f 1289/3/4 1223/3/4 1290/3/4
f 1290/1/4 1224/1/4 1291/1/4
f 1291/1/4 1224/1/4 1292/1/4
f 1224/3/4 1225/3/4 1293/3/4
f 1292/1/4 1224/1/4 1293/1/4
f 1225/1/4 1226/1/4 1294/1/4
f 1293/3/4 1225/3/4 1294/3/4
f 1294/1/4 1226/1/4 1295/1/4
f 1228/1/4 1229/1/4 1296/1/4
f 1229/4/4 1230/4/4 1296/4/4
f 1230/1/4 1231/1/4 1297/1/4
f 1296/4/4 1230/4/4 1297/4/4
f 1231/2/4 1232/2/4 1298/2/4
f 1297/1/4 1231/1/4 1298/1/4
f 1232/1/4 1233/1/4 1299/1/4
f 1298/2/4 1232/2/4 1299/2/4
f 1233/3/4 1234/3/4 1300/3/4
f 1299/1/4 1233/1/4 1300/1/4
f 1234/2/4 1235/2/4 1301/2/4
f 1300/3/4 1234/3/4 1301/3/4
f 1235/1/4 1236/1/4 1302/1/4
f 1301/2/4 1235/2/4 1302/2/4
f 1236/2/4 1237/2/4 1303/2/4
f 1302/1/4 1236/1/4 1303/1/4
f 1237/1/4 1238/1/4 1304/1/4
f 1303/2/4 1237/2/4 1304/2/4
f 1238/2/4 1239/2/4 1305/2/4
f 1304/1/4 1238/1/4 1305/1/4
f 1239/1/4 1240/1/4 1306/1/4
f 1305/2/4 1239/2/4 1306/2/4
f 1306/1/4 1240/1/4 1307/1/4
f 1240/4/4 1241/4/4 1308/4/4
f 1307/1/4 1240/1/4 1308/1/4
f 1241/1/4 1242/1/4 1309/1/4
f 1308/4/4 1241/4/4 1309/4/4
f 1242/3/4 1243/3/4 1310/3/4
f 1309/1/4 1242/1/4 1310/1/4
f 1243/1/4 1244/1/4 1311/1/4
f 1310/3/4 1243/3/4 1311/3/4
f 1311/1/4 1244/1/4 1312/1/4
f 1244/4/4 1245/4/4 1313/4/4
f 1312/1/4 1244/1/4 1313/1/4
f 1245/1/4 1246/1/4 1314/1/4
f 1313/4/4 1245/4/4 1314/4/4
f 1246/3/4 1247/3/4 1315/3/4
f 1314/1/4 1246/1/4 1315/1/4
f 1247/1/4 1248/1/4 1316/1/4
f 1315/3/4 1247/3/4 1316/3/4
f 1316/1/4 1248/1/4 1317/1/4
f 1248/3/4 1249/3/4 1318/3/4
f 1317/1/4 1248/1/4 1318/1/4
f 1249/1/4 1250/1/4 1319/1/4
f 1318/3/4 1249/3/4 1319/3/4
f 1319/1/4 1250/1/4 1320/1/4
f 1320/1/4 1250/1/4 1321/1/4
f 1250/3/4 1251/3/4 1322/3/4
f 1321/1/4 1250/1/4 1322/1/4
f 1251/1/4 1252/1/4 1323/1/4
f 1322/3/4 1251/3/4 1323/3/4
f 1323/1/4 1252/1/4 1324/1/4
f 1252/3/4 1253/3/4 1325/3/4
f 1324/1/4 1252/1/4 1325/1/4
f 1253/1/4 1254/1/4 1326/1/4
f 1325/3/4 1253/3/4 1326/3/4
f 1254/4/4 1255/4/4 1327/4/4
f 1326/1/4 1254/1/4 1327/1/4
f 1255/1/4 1256/1/4 1328/1/4
f 1327/4/4 1255/4/4 1328/4/4
f 1328/1/4 1256/1/4 1329/1/4
f 1256/3/4 1257/3/4 1330/3/4
f 1329/1/4 1256/1/4 1330/1/4
f 1257/1/4 1258/1/4 1331/1/4
f 1330/3/4 1257/3/4 1331/3/4
f 1258/2/4 1259/2/4 1332/2/4
f 1331/1/4 1258/1/4 1332/1/4
f 1259/4/4 1260/4/4 1333/4/4
f 1332/2/4 1259/2/4 1333/2/4
f 1260/1/4 1261/1/4 1334/1/4
f 1333/4/4 1260/4/4 1334/4/4
f 1334/1/4 1261/1/4 1335/1/4
f 1261/2/4 1262/2/4 1336/2/4
f 1335/1/4 1261/1/4 1336/1/4
f 1262/1/4 1263/1/4 1337/1/4
f 1336/2/4 1262/2/4 1337/2/4
f 1263/3/4 1264/3/4 1338/3/4
f 1337/1/4 1263/1/4 1338/1/4
f 1264/1/4 1265/1/4 1339/1/4
f 1338/3/4 1264/3/4 1339/3/4
f 1265/4/4 1266/4/4 1340/4/4
f 1339/1/4 1265/1/4 1340/1/4
f 1266/1/4 1267/1/4 1341/1/4
f 1340/4/4 1266/4/4 1341/4/4
f 1269/1/4 1270/1/4 1342/1/4
f 1270/3/4 1271/3/4 1343/3/4
f 1342/1/4 1270/1/4 1343/1/4
f 1343/3/4 1271/3/4 1344/3/4
f 1272/1/4 1273/1/4 1345/1/4
f 1273/1/4 1274/1/4 1345/1/4
f 1274/1/4 1275/1/4 1345/1/4
f 1275/1/4 1276/1/4 1345/1/4
f 1276/1/4 1277/1/4 1345/1/4
f 1277/1/4 1278/1/4 1345/1/4
f 1278/1/4 1279/1/4 1345/1/4
f 1279/1/4 1280/1/4 1345/1/4
f 1280/1/4 1281/1/4 1345/1/4
f 1281/1/4 1282/1/4 1345/1/4
f 1282/1/4 1283/1/4 1345/1/4
f 1283/1/4 1284/1/4 1345/1/4
f 1284/3/4 1285/3/4 1345/3/4
f 1286/3/4 1287/3/4 1345/3/4
f 1285/3/4 1286/3/4 1345/3/4
f 1345/3/4 1287/3/4 1346/3/4
f 1287/1/4 1220/1/4 1347/1/4
f 1220/3/4 1221/3/4 1348/3/4
f 1347/1/4 1220/1/4 1348/1/4
f 1288/1/4 1289/1/4 1349/1/4
f 1348/3/4 1221/3/4 1349/3/4
f 1221/1/4 1288/1/4 1349/1/4
f 1349/1/4 1289/1/4 1350/1/4
f 1290/3/4 1291/3/4 1351/3/4
f 1350/1/4 1289/1/4 1351/1/4
f 1289/3/4 1290/3/4 1351/3/4
f 1291/1/4 1292/1/4 1352/1/4
f 1351/3/4 1291/3/4 1352/3/4
f 1292/3/4 1293/3/4 1353/3/4
f 1352/1/4 1292/1/4 1353/1/4
f 1293/1/4 1294/1/4 1354/1/4
f 1353/3/4 1293/3/4 1354/3/4
f 1295/1/4 1226/1/4 1355/1/4
f 1294/3/4 1295/3/4 1355/3/4
f 1226/3/4 1227/3/4 1356/3/4
f 1355/1/4 1226/1/4 1356/1/4
f 1227/4/4 1228/4/4 1357/4/4
f 1356/3/4 1227/3/4 1357/3/4
f 1305/1/4 1306/1/4 1358/1/4
f 1357/4/4 1228/4/4 1358/4/4
f 1228/1/4 1296/1/4 1358/1/4
f 1296/1/4 1297/1/4 1358/1/4
f 1297/1/4 1298/1/4 1358/1/4
f 1298/1/4 1299/1/4 1358/1/4
f 1299/1/4 1300/1/4 1358/1/4
f 1300/1/4 1301/1/4 1358/1/4
f 1301/1/4 1302/1/4 1358/1/4
f 1302/1/4 1303/1/4 1358/1/4
f 1303/1/4 1304/1/4 1358/1/4
f 1304/1/4 1305/1/4 1358/1/4
f 1306/1/4 1307/1/4 1358/1/4
f 1358/1/4 1307/1/4 1359/1/4
f 1359/1/4 1307/1/4 1360/1/4
f 1307/4/4 1308/4/4 1361/4/4
f 1360/1/4 1307/1/4 1361/1/4
f 1310/1/4 1311/1/4 1362/1/4
f 1361/4/4 1308/4/4 1362/4/4
f 1308/1/4 1309/1/4 1362/1/4
f 1309/1/4 1310/1/4 1362/1/4
f 1311/1/4 1312/1/4 1362/1/4
f 1362/1/4 1312/1/4 1363/1/4
f 1312/4/4 1313/4/4 1364/4/4
f 1363/1/4 1312/1/4 1364/1/4
f 1313/1/4 1314/1/4 1365/1/4
f 1364/4/4 1313/4/4 1365/4/4
f 1314/4/4 1315/4/4 1366/4/4
f 1365/1/4 1314/1/4 1366/1/4
f 1315/1/4 1316/1/4 1367/1/4
f 1366/4/4 1315/4/4 1367/4/4
f 1316/1/4 1317/1/4 1367/1/4
f 1367/1/4 1317/1/4 1368/1/4
f 1319/3/4 1320/3/4 1369/3/4
f 1318/3/4 1319/3/4 1369/3/4
f 1317/3/4 1318/3/4 1369/3/4
f 1320/1/4 1321/1/4 1370/1/4
f 1369/3/4 1320/3/4 1370/3/4
f 1370/1/4 1321/1/4 1371/1/4
f 1371/1/4 1321/1/4 1372/1/4
f 1322/3/4 1323/3/4 1373/3/4
f 1372/1/4 1321/1/4 1373/1/4
f 1321/3/4 1322/3/4 1373/3/4
f 1323/3/4 1324/3/4 1373/3/4
f 1373/3/4 1324/3/4 1374/3/4
f 1324/1/4 1325/1/4 1375/1/4
f 1325/1/4 1326/1/4 1375/1/4
f 1326/4/4 1327/4/4 1376/4/4
f 1375/1/4 1326/1/4 1376/1/4
f 1327/1/4 1328/1/4 1377/1/4
f 1376/4/4 1327/4/4 1377/4/4
f 1328/4/4 1329/4/4 1378/4/4
f 1377/1/4 1328/1/4 1378/1/4
f 1333/1/4 1334/1/4 1379/1/4
f 1378/4/4 1329/4/4 1379/4/4
f 1332/1/4 1333/1/4 1379/1/4
f 1329/1/4 1330/1/4 1379/1/4
f 1331/1/4 1332/1/4 1379/1/4
f 1330/1/4 1331/1/4 1379/1/4
f 1379/1/4 1334/1/4 1380/1/4
f 1334/4/4 1335/4/4 1381/4/4
f 1380/1/4 1334/1/4 1381/1/4
f 1340/1/4 1341/1/4 1382/1/4
f 1381/4/4 1335/4/4 1382/4/4
f 1339/1/4 1340/1/4 1382/1/4
f 1338/1/4 1339/1/4 1382/1/4
f 1337/1/4 1338/1/4 1382/1/4
f 1336/1/4 1337/1/4 1382/1/4
f 1335/1/4 1336/1/4 1382/1/4
f 1382/1/4 1341/1/4 1383/1/4
f 1341/1/4 1267/1/4 1384/1/4
f 1383/1/4 1341/1/4 1384/1/4
f 1267/4/4 1268/4/4 1385/4/4
f 1384/1/4 1267/1/4 1385/1/4
f 1268/3/4 1269/3/4 1386/3/4
f 1385/4/4 1268/4/4 1386/4/4
f 1269/1/4 1342/1/4 1387/1/4
f 1386/3/4 1269/3/4 1387/3/4
f 1342/3/4 1343/3/4 1388/3/4
f 1387/1/4 1342/1/4 1388/1/4
f 1346/3/4 1287/3/4 1389/3/4
f 1345/1/4 1346/1/4 1389/1/4
f 1287/1/4 1347/1/4 1390/1/4
f 1389/3/4 1287/3/4 1390/3/4
f 1390/1/4 1347/1/4 1391/1/4
f 1349/1/4 1350/1/4 1392/1/4
f 1348/1/4 1349/1/4 1392/1/4
f 1350/3/4 1351/3/4 1393/3/4
f 1392/1/4 1350/1/4 1393/1/4
f 1351/1/4 1352/1/4 1394/1/4
f 1393/3/4 1351/3/4 1394/3/4
f 1352/3/4 1353/3/4 1395/3/4
f 1394/1/4 1352/1/4 1395/1/4
f 1395/3/4 1353/3/4 1396/3/4
f 1353/1/4 1354/1/4 1397/1/4
f 1396/3/4 1353/3/4 1397/3/4
f 1294/3/4 1355/3/4 1398/3/4
f 1397/1/4 1354/1/4 1398/1/4
f 1355/3/4 1356/3/4 1398/3/4
f 1354/1/4 1294/1/4 1398/1/4
f 1359/1/4 1360/1/4 1399/1/4
f 1360/4/4 1361/4/4 1400/4/4
f 1399/1/4 1360/1/4 1400/1/4
f 1362/1/4 1363/1/4 1401/1/4
f 1400/4/4 1361/4/4 1401/4/4
f 1361/1/4 1362/1/4 1401/1/4
f 1401/1/4 1363/1/4 1402/1/4
f 1363/4/4 1364/4/4 1403/4/4
f 1402/1/4 1363/1/4 1403/1/4
f 1365/1/4 1366/1/4 1404/1/4
f 1403/4/4 1364/4/4 1404/4/4
f 1364/1/4 1365/1/4 1404/1/4
f 1366/1/4 1367/1/4 1404/1/4
f 1367/4/4 1368/4/4 1405/4/4
f 1404/1/4 1367/1/4 1405/1/4
f 1368/1/4 1317/1/4 1406/1/4
f 1405/4/4 1368/4/4 1406/4/4
f 1317/3/4 1369/3/4 1407/3/4
f 1406/1/4 1317/1/4 1407/1/4
f 1369/1/4 1370/1/4 1408/1/4
f 1407/3/4 1369/3/4 1408/3/4
f 1370/3/4 1371/3/4 1409/3/4
f 1408/1/4 1370/1/4 1409/1/4
f 1371/1/4 1372/1/4 1410/1/4
f 1409/3/4 1371/3/4 1410/3/4
f 1410/1/4 1372/1/4 1411/1/4
f 1411/1/4 1372/1/4 1412/1/4
f 1372/3/4 1373/3/4 1413/3/4
f 1412/1/4 1372/1/4 1413/1/4
f 1373/1/4 1374/1/4 1414/1/4
f 1413/3/4 1373/3/4 1414/3/4
f 1374/3/4 1324/3/4 1415/3/4
f 1414/1/4 1374/1/4 1415/1/4
f 1324/1/4 1375/1/4 1416/1/4
f 1415/3/4 1324/3/4 1416/3/4
f 1375/4/4 1376/4/4 1417/4/4
f 1416/1/4 1375/1/4 1417/1/4
f 1377/1/4 1378/1/4 1418/1/4
f 1417/4/4 1376/4/4 1418/4/4
f 1378/1/4 1379/1/4 1418/1/4
f 1376/1/4 1377/1/4 1418/1/4
f 1379/4/4 1380/4/4 1419/4/4
f 1418/1/4 1379/1/4 1419/1/4
f 1380/1/4 1381/1/4 1420/1/4
f 1419/4/4 1380/4/4 1420/4/4
f 1381/1/4 1382/1/4 1420/1/4
f 1420/1/4 1382/1/4 1421/1/4
f 1382/4/4 1383/4/4 1422/4/4
f 1421/1/4 1382/1/4 1422/1/4
f 1383/1/4 1384/1/4 1423/1/4
f 1422/4/4 1383/4/4 1423/4/4
f 1423/1/4 1384/1/4 1424/1/4
f 1343/1/4 1344/1/4 1425/1/4
f 1388/3/4 1343/3/4 1425/3/4
f 1387/3/4 1388/3/4 1425/3/4
f 1425/1/4 1344/1/4 1426/1/4
f 1389/1/4 1390/1/4 1427/1/4
f 1390/3/4 1391/3/4 1427/3/4
f 1391/1/4 1347/1/4 1428/1/4
f 1427/3/4 1391/3/4 1428/3/4
f 1428/1/4 1347/1/4 1429/1/4
f 1429/1/4 1347/1/4 1430/1/4
f 1347/3/4 1348/3/4 1431/3/4
f 1430/1/4 1347/1/4 1431/1/4
f 1348/1/4 1392/1/4 1432/1/4
f 1431/3/4 1348/3/4 1432/3/4
f 1432/1/4 1392/1/4 1433/1/4
f 1433/1/4 1392/1/4 1434/1/4
f 1434/1/4 1392/1/4 1435/1/4
f 1392/3/4 1393/3/4 1436/3/4
f 1435/1/4 1392/1/4 1436/1/4
f 1393/1/4 1394/1/4 1437/1/4
f 1436/3/4 1393/3/4 1437/3/4
f 1394/1/4 1395/1/4 1437/1/4
f 1395/1/4 1396/1/4 1437/1/4
f 1437/1/4 1396/1/4 1438/1/4
f 1396/3/4 1397/3/4 1439/3/4
f 1438/1/4 1396/1/4 1439/1/4
f 1397/3/4 1398/3/4 1439/3/4
f 1398/3/4 1356/3/4 1440/3/4
f 1439/3/4 1398/3/4 1440/3/4
f 1359/1/4 1399/1/4 1441/1/4
f 1399/4/4 1400/4/4 1441/4/4
f 1401/1/4 1402/1/4 1442/1/4
f 1441/4/4 1400/4/4 1442/4/4
f 1400/1/4 1401/1/4 1442/1/4
f 1442/1/4 1402/1/4 1443/1/4
f 1402/4/4 1403/4/4 1444/4/4
f 1443/1/4 1402/1/4 1444/1/4
f 1404/1/4 1405/1/4 1445/1/4
f 1444/4/4 1403/4/4 1445/4/4
f 1403/1/4 1404/1/4 1445/1/4
f 1405/1/4 1406/1/4 1445/1/4
f 1445/1/4 1406/1/4 1446/1/4
f 1406/4/4 1407/4/4 1447/4/4
f 1446/1/4 1406/1/4 1447/1/4
f 1408/1/4 1409/1/4 1448/1/4
f 1447/4/4 1407/4/4 1448/4/4
f 1409/1/4 1410/1/4 1448/1/4
f 1407/1/4 1408/1/4 1448/1/4
f 1448/1/4 1410/1/4 1449/1/4
f 1410/3/4 1411/3/4 1450/3/4
f 1449/1/4 1410/1/4 1450/1/4
f 1411/1/4 1412/1/4 1451/1/4
f 1450/3/4 1411/3/4 1451/3/4
f 1412/3/4 1413/3/4 1452/3/4
f 1451/1/4 1412/1/4 1452/1/4
f 1415/1/4 1416/1/4 1453/1/4
f 1452/3/4 1413/3/4 1453/3/4
f 1414/1/4 1415/1/4 1453/1/4
f 1413/1/4 1414/1/4 1453/1/4
f 1453/1/4 1416/1/4 1454/1/4
f 1416/4/4 1417/4/4 1455/4/4
f 1454/1/4 1416/1/4 1455/1/4
f 1418/1/4 1419/1/4 1456/1/4
f 1455/4/4 1417/4/4 1456/4/4
f 1417/1/4 1418/1/4 1456/1/4
f 1419/1/4 1420/1/4 1456/1/4
f 1456/1/4 1420/1/4 1457/1/4
f 1420/4/4 1421/4/4 1458/4/4
f 1457/1/4 1420/1/4 1458/1/4
f 1422/1/4 1423/1/4 1459/1/4
f 1458/4/4 1421/4/4 1459/4/4
f 1421/1/4 1422/1/4 1459/1/4
f 1459/1/4 1423/1/4 1460/1/4
f 1423/4/4 1424/4/4 1461/4/4
f 1460/1/4 1423/1/4 1461/1/4
f 1424/1/4 1384/1/4 1462/1/4
f 1461/4/4 1424/4/4 1462/4/4
f 1425/3/4 1426/3/4 1463/3/4
f 1387/3/4 1425/3/4 1463/3/4
f 1463/3/4 1426/3/4 1464/3/4
f 1428/3/4 1429/3/4 1465/3/4
f 1427/1/4 1428/1/4 1465/1/4
f 1429/1/4 1430/1/4 1466/1/4
f 1465/3/4 1429/3/4 1466/3/4
f 1466/1/4 1430/1/4 1467/1/4
f 1433/4/4 1434/4/4 1468/4/4
f 1432/1/4 1433/1/4 1468/1/4
f 1431/1/4 1432/1/4 1468/1/4
f 1434/1/4 1435/1/4 1469/1/4
f 1468/4/4 1434/4/4 1469/4/4
f 1437/1/4 1438/1/4 1470/1/4
f 1436/1/4 1437/1/4 1470/1/4
f 1438/3/4 1439/3/4 1471/3/4
f 1470/1/4 1438/1/4 1471/1/4
f 1439/1/4 1440/1/4 1472/1/4
f 1471/3/4 1439/3/4 1472/3/4
f 1440/3/4 1356/3/4 1473/3/4
f 1356/1/4 1357/1/4 1473/1/4
f 1357/1/4 1358/1/4 1473/1/4
f 1358/4/4 1359/4/4 1474/4/4
f 1473/1/4 1358/1/4 1474/1/4
f 1441/1/4 1442/1/4 1475/1/4
f 1474/4/4 1359/4/4 1475/4/4
f 1442/1/4 1443/1/4 1475/1/4
f 1359/1/4 1441/1/4 1475/1/4
f 1475/1/4 1443/1/4 1476/1/4
f 1476/1/4 1443/1/4 1477/1/4
f 1443/4/4 1444/4/4 1478/4/4
f 1477/1/4 1443/1/4 1478/1/4
f 1444/1/4 1445/1/4 1479/1/4
f 1478/4/4 1444/4/4 1479/4/4
f 1445/1/4 1446/1/4 1479/1/4
f 1448/4/4 1449/4/4 1480/4/4
f 1447/1/4 1448/1/4 1480/1/4
f 1450/1/4 1451/1/4 1481/1/4
f 1480/4/4 1449/4/4 1481/4/4
f 1449/1/4 1450/1/4 1481/1/4
f 1481/1/4 1451/1/4 1482/1/4
f 1482/1/4 1451/1/4 1483/1/4
f 1451/3/4 1452/3/4 1484/3/4
f 1483/1/4 1451/1/4 1484/1/4
f 1453/1/4 1454/1/4 1485/1/4
f 1484/3/4 1452/3/4 1485/3/4
f 1452/1/4 1453/1/4 1485/1/4
f 1485/1/4 1454/1/4 1486/1/4
f 1486/1/4 1454/1/4 1487/1/4
f 1454/4/4 1455/4/4 1488/4/4
f 1487/1/4 1454/1/4 1488/1/4
f 1455/1/4 1456/1/4 1489/1/4
f 1488/4/4 1455/4/4 1489/4/4
f 1458/1/4 1459/1/4 1490/1/4
f 1459/4/4 1460/4/4 1490/4/4
f 1457/1/4 1458/1/4 1490/1/4
f 1460/1/4 1461/1/4 1491/1/4
f 1490/4/4 1460/4/4 1491/4/4
f 1461/1/4 1462/1/4 1491/1/4
f 1491/1/4 1462/1/4 1492/1/4
f 1462/1/4 1384/1/4 1493/1/4
f 1492/1/4 1462/1/4 1493/1/4
f 1384/4/4 1385/4/4 1494/4/4
f 1493/1/4 1384/1/4 1494/1/4
f 1385/1/4 1386/1/4 1495/1/4
f 1494/4/4 1385/4/4 1495/4/4
f 1386/1/4 1387/1/4 1495/1/4
f 1387/3/4 1463/3/4 1496/3/4
f 1495/1/4 1387/1/4 1496/1/4
f 1466/3/4 1467/3/4 1497/3/4
f 1465/1/4 1466/1/4 1497/1/4
f 1467/1/4 1430/1/4 1498/1/4
f 1497/3/4 1467/3/4 1498/3/4
f 1498/1/4 1430/1/4 1499/1/4
f 1469/1/4 1435/1/4 1500/1/4
f 1468/1/4 1469/1/4 1500/1/4
f 1435/3/4 1436/3/4 1501/3/4
f 1500/1/4 1435/1/4 1501/1/4
f 1436/1/4 1470/1/4 1502/1/4
f 1501/3/4 1436/3/4 1502/3/4
f 1502/1/4 1470/1/4 1503/1/4
f 1470/3/4 1471/3/4 1504/3/4
f 1503/1/4 1470/1/4 1504/1/4
f 1471/1/4 1472/1/4 1505/1/4
f 1504/3/4 1471/3/4 1505/3/4
f 1472/1/4 1440/1/4 1506/1/4
f 1505/1/4 1472/1/4 1506/1/4
f 1473/3/4 1474/3/4 1507/3/4
f 1506/1/4 1440/1/4 1507/1/4
f 1440/3/4 1473/3/4 1507/3/4
f 1507/3/4 1474/3/4 1508/3/4
f 1508/3/4 1474/3/4 1509/3/4
f 1474/1/4 1475/1/4 1510/1/4
f 1509/3/4 1474/3/4 1510/3/4
f 1475/4/4 1476/4/4 1511/4/4
f 1510/1/4 1475/1/4 1511/1/4
f 1476/1/4 1477/1/4 1512/1/4
f 1477/4/4 1478/4/4 1513/4/4
f 1512/1/4 1477/1/4 1513/1/4
f 1478/1/4 1479/1/4 1514/1/4
f 1513/4/4 1478/4/4 1514/4/4
f 1479/1/4 1446/1/4 1515/1/4
f 1514/1/4 1479/1/4 1515/1/4
f 1515/1/4 1446/1/4 1516/1/4
f 1446/3/4 1447/3/4 1517/3/4
f 1516/1/4 1446/1/4 1517/1/4
f 1447/1/4 1480/1/4 1518/1/4
f 1517/3/4 1447/3/4 1518/3/4
f 1480/1/4 1481/1/4 1518/1/4
f 1481/4/4 1482/4/4 1519/4/4
f 1518/1/4 1481/1/4 1519/1/4
f 1482/1/4 1483/1/4 1520/1/4
f 1519/4/4 1482/4/4 1520/4/4
f 1520/1/4 1483/1/4 1521/1/4
f 1521/1/4 1483/1/4 1522/1/4
f 1483/3/4 1484/3/4 1523/3/4
f 1522/1/4 1483/1/4 1523/1/4
f 1485/3/4 1486/3/4 1523/3/4
f 1484/3/4 1485/3/4 1523/3/4
f 1486/1/4 1487/1/4 1524/1/4
f 1523/3/4 1486/3/4 1524/3/4
f 1524/1/4 1487/1/4 1525/1/4
f 1525/1/4 1487/1/4 1526/1/4
f 1487/4/4 1488/4/4 1527/4/4
f 1526/1/4 1487/1/4 1527/1/4
f 1488/1/4 1489/1/4 1528/1/4
f 1527/4/4 1488/4/4 1528/4/4
f 1456/3/4 1457/3/4 1529/3/4
f 1528/1/4 1489/1/4 1529/1/4
f 1489/1/4 1456/1/4 1529/1/4
f 1457/1/4 1490/1/4 1530/1/4
f 1529/3/4 1457/3/4 1530/3/4
f 1490/1/4 1491/1/4 1530/1/4
f 1530/1/4 1491/1/4 1531/1/4
f 1531/1/4 1491/1/4 1532/1/4
f 1491/4/4 1492/4/4 1533/4/4
f 1532/1/4 1491/1/4 1533/1/4
f 1492/1/4 1493/1/4 1534/1/4
f 1533/4/4 1492/4/4 1534/4/4
f 1534/1/4 1493/1/4 1535/1/4
f 1493/4/4 1494/4/4 1536/4/4
f 1494/1/4 1495/1/4 1536/1/4
f 1495/3/4 1496/3/4 1537/3/4
f 1536/1/4 1495/1/4 1537/1/4
f 1496/3/4 1463/3/4 1538/3/4
f 1537/3/4 1496/3/4 1538/3/4
f 1538/3/4 1463/3/4 1539/3/4
f 1463/1/4 1464/1/4 1540/1/4
f 1539/3/4 1463/3/4 1540/3/4
f 1540/1/4 1464/1/4 1541/1/4
f 1498/3/4 1499/3/4 1542/3/4
f 1497/1/4 1498/1/4 1542/1/4
f 1499/1/4 1430/1/4 1543/1/4
f 1542/3/4 1499/3/4 1543/3/4
f 1430/3/4 1431/3/4 1544/3/4
f 1543/1/4 1430/1/4 1544/1/4
f 1468/1/4 1500/1/4 1545/1/4
f 1544/3/4 1431/3/4 1545/3/4
f 1431/1/4 1468/1/4 1545/1/4
f 1509/1/4 1510/1/4 1546/1/4
f 1510/3/4 1511/3/4 1546/3/4
f 1511/4/4 1476/4/4 1547/4/4
f 1546/3/4 1511/3/4 1547/3/4
f 1476/1/4 1512/1/4 1548/1/4
f 1547/4/4 1476/4/4 1548/4/4
f 1548/1/4 1512/1/4 1549/1/4
f 1549/1/4 1512/1/4 1550/1/4
f 1550/1/4 1512/1/4 1551/1/4
f 1512/4/4 1513/4/4 1552/4/4
f 1551/1/4 1512/1/4 1552/1/4
f 1513/1/4 1514/1/4 1553/1/4
f 1552/4/4 1513/4/4 1553/4/4
f 1553/1/4 1514/1/4 1554/1/4
f 1514/3/4 1515/3/4 1555/3/4
f 1554/1/4 1514/1/4 1555/1/4
f 1515/1/4 1516/1/4 1556/1/4
f 1555/3/4 1515/3/4 1556/3/4
f 1516/3/4 1517/3/4 1557/3/4
f 1556/1/4 1516/1/4 1557/1/4
f 1518/1/4 1519/1/4 1558/1/4
f 1519/1/4 1520/1/4 1558/1/4
f 1517/1/4 1518/1/4 1558/1/4
f 1520/4/4 1521/4/4 1559/4/4
f 1558/1/4 1520/1/4 1559/1/4
f 1521/1/4 1522/1/4 1560/1/4
f 1559/4/4 1521/4/4 1560/4/4
f 1522/3/4 1523/3/4 1561/3/4
f 1560/1/4 1522/1/4 1561/1/4
f 1523/1/4 1524/1/4 1562/1/4
f 1561/3/4 1523/3/4 1562/3/4
f 1524/3/4 1525/3/4 1563/3/4
f 1562/1/4 1524/1/4 1563/1/4
f 1525/1/4 1526/1/4 1564/1/4
f 1563/3/4 1525/3/4 1564/3/4
f 1526/4/4 1527/4/4 1565/4/4
f 1564/1/4 1526/1/4 1565/1/4
f 1527/1/4 1528/1/4 1566/1/4
f 1565/4/4 1527/4/4 1566/4/4
f 1528/1/4 1529/1/4 1566/1/4
f 1529/1/4 1530/1/4 1566/1/4
f 1566/1/4 1530/1/4 1567/1/4
f 1531/1/4 1532/1/4 1568/1/4
f 1530/3/4 1531/3/4 1568/3/4
f 1532/3/4 1533/3/4 1569/3/4
f 1568/1/4 1532/1/4 1569/1/4
f 1533/1/4 1534/1/4 1570/1/4
f 1569/3/4 1533/3/4 1570/3/4
f 1570/1/4 1534/1/4 1571/1/4
f 1534/4/4 1535/4/4 1572/4/4
f 1571/1/4 1534/1/4 1572/1/4
f 1535/1/4 1493/1/4 1573/1/4
f 1572/4/4 1535/4/4 1573/4/4
f 1573/1/4 1493/1/4 1574/1/4
f 1574/1/4 1493/1/4 1575/1/4
f 1575/1/4 1493/1/4 1576/1/4
f 1493/4/4 1536/4/4 1577/4/4
f 1576/1/4 1493/1/4 1577/1/4
f 1536/3/4 1537/3/4 1578/3/4
f 1577/4/4 1536/4/4 1578/4/4
f 1537/1/4 1538/1/4 1579/1/4
f 1578/3/4 1537/3/4 1579/3/4
f 1543/3/4 1544/3/4 1580/3/4
f 1542/1/4 1543/1/4 1580/1/4
f 1580/3/4 1544/3/4 1581/3/4
f 1544/1/4 1545/1/4 1582/1/4
f 1581/3/4 1544/3/4 1582/3/4
f 1545/1/4 1500/1/4 1583/1/4
f 1582/1/4 1545/1/4 1583/1/4
f 1501/1/4 1502/1/4 1584/1/4
f 1502/1/4 1503/1/4 1584/1/4
f 1503/3/4 1504/3/4 1585/3/4
f 1584/1/4 1503/1/4 1585/1/4
f 1505/1/4 1506/1/4 1586/1/4
f 1585/3/4 1504/3/4 1586/3/4
f 1504/1/4 1505/1/4 1586/1/4
f 1586/1/4 1506/1/4 1587/1/4
f 1506/3/4 1507/3/4 1588/3/4
f 1587/1/4 1506/1/4 1588/1/4
f 1507/1/4 1508/1/4 1589/1/4
f 1588/3/4 1507/3/4 1589/3/4
f 1549/3/4 1550/3/4 1590/3/4
f 1548/4/4 1549/4/4 1590/4/4
f 1550/1/4 1551/1/4 1591/1/4
f 1590/3/4 1550/3/4 1591/3/4
f 1591/1/4 1551/1/4 1592/1/4
f 1592/1/4 1551/1/4 1593/1/4
f 1551/4/4 1552/4/4 1594/4/4
f 1593/1/4 1551/1/4 1594/1/4
f 1552/1/4 1553/1/4 1595/1/4
f 1594/4/4 1552/4/4 1595/4/4
f 1553/1/4 1554/1/4 1595/1/4
f 1557/3/4 1517/3/4 1596/3/4
f 1517/1/4 1558/1/4 1596/1/4
f 1556/3/4 1557/3/4 1596/3/4
f 1559/3/4 1560/3/4 1597/3/4
f 1596/1/4 1558/1/4 1597/1/4
f 1558/3/4 1559/3/4 1597/3/4
f 1560/4/4 1561/4/4 1598/4/4
f 1597/3/4 1560/3/4 1598/3/4
f 1561/1/4 1562/1/4 1599/1/4
f 1598/4/4 1561/4/4 1599/4/4
f 1563/1/4 1564/1/4 1599/1/4
f 1562/1/4 1563/1/4 1599/1/4
f 1599/1/4 1564/1/4 1600/1/4
f 1600/1/4 1564/1/4 1601/1/4
f 1564/4/4 1565/4/4 1602/4/4
f 1601/1/4 1564/1/4 1602/1/4
f 1566/3/4 1567/3/4 1603/3/4
f 1602/4/4 1565/4/4 1603/4/4
f 1565/3/4 1566/3/4 1603/3/4
f 1567/1/4 1530/1/4 1604/1/4
f 1603/3/4 1567/3/4 1604/3/4
f 1530/3/4 1568/3/4 1605/3/4
f 1604/1/4 1530/1/4 1605/1/4
f 1568/3/4 1569/3/4 1605/3/4
f 1571/1/4 1572/1/4 1606/1/4
f 1573/4/4 1574/4/4 1606/4/4
f 1572/1/4 1573/1/4 1606/1/4
f 1574/1/4 1575/1/4 1607/1/4
f 1606/4/4 1574/4/4 1607/4/4
f 1607/1/4 1575/1/4 1608/1/4
f 1608/1/4 1575/1/4 1609/1/4
f 1575/3/4 1576/3/4 1610/3/4
f 1609/1/4 1575/1/4 1610/1/4
f 1576/4/4 1577/4/4 1611/4/4
f 1610/3/4 1576/3/4 1611/3/4
f 1539/1/4 1540/1/4 1612/1/4
f 1540/3/4 1541/3/4 1612/3/4
f 1612/3/4 1541/3/4 1613/3/4
f 1582/3/4 1583/3/4 1614/3/4
f 1581/3/4 1582/3/4 1614/3/4
f 1583/1/4 1500/1/4 1615/1/4
f 1614/3/4 1583/3/4 1615/3/4
f 1615/1/4 1500/1/4 1616/1/4
f 1616/1/4 1500/1/4 1617/1/4
f 1500/3/4 1501/3/4 1618/3/4
f 1617/1/4 1500/1/4 1618/1/4
f 1501/1/4 1584/1/4 1619/1/4
f 1618/3/4 1501/3/4 1619/3/4
f 1619/1/4 1584/1/4 1620/1/4
f 1584/3/4 1585/3/4 1621/3/4
f 1620/1/4 1584/1/4 1621/1/4
f 1585/1/4 1586/1/4 1622/1/4
f 1621/3/4 1585/3/4 1622/3/4
f 1586/1/4 1587/1/4 1622/1/4
f 1587/3/4 1588/3/4 1623/3/4
f 1622/1/4 1587/1/4 1623/1/4
f 1588/1/4 1589/1/4 1624/1/4
f 1623/3/4 1588/3/4 1624/3/4
f 1589/1/4 1508/1/4 1625/1/4
f 1624/1/4 1589/1/4 1625/1/4
f 1508/3/4 1509/3/4 1625/3/4
f 1509/1/4 1546/1/4 1626/1/4
f 1625/3/4 1509/3/4 1626/3/4
f 1546/1/4 1547/1/4 1626/1/4
f 1547/1/4 1548/1/4 1626/1/4
f 1548/4/4 1590/4/4 1627/4/4
f 1626/1/4 1548/1/4 1627/1/4
f 1590/1/4 1591/1/4 1628/1/4
f 1627/4/4 1590/4/4 1628/4/4
f 1591/3/4 1592/3/4 1629/3/4
f 1628/1/4 1591/1/4 1629/1/4
f 1592/1/4 1593/1/4 1630/1/4
f 1629/3/4 1592/3/4 1630/3/4
f 1630/1/4 1593/1/4 1631/1/4
f 1631/1/4 1593/1/4 1632/1/4
f 1593/4/4 1594/4/4 1633/4/4
f 1632/1/4 1593/1/4 1633/1/4
f 1594/1/4 1595/1/4 1634/1/4
f 1633/4/4 1594/4/4 1634/4/4
f 1595/1/4 1554/1/4 1635/1/4
f 1634/1/4 1595/1/4 1635/1/4
f 1554/3/4 1555/3/4 1636/3/4
f 1635/1/4 1554/1/4 1636/1/4
f 1555/1/4 1556/1/4 1637/1/4
f 1636/3/4 1555/3/4 1637/3/4
f 1596/3/4 1597/3/4 1638/3/4
f 1637/1/4 1556/1/4 1638/1/4
f 1556/3/4 1596/3/4 1638/3/4
f 1638/3/4 1597/3/4 1639/3/4
f 1597/1/4 1598/1/4 1640/1/4
f 1639/3/4 1597/3/4 1640/3/4
f 1598/1/4 1599/1/4 1640/1/4
f 1640/1/4 1599/1/4 1641/1/4
f 1599/4/4 1600/4/4 1642/4/4
f 1641/1/4 1599/1/4 1642/1/4
f 1600/1/4 1601/1/4 1643/1/4
f 1642/4/4 1600/4/4 1643/4/4
f 1643/1/4 1601/1/4 1644/1/4
f 1644/1/4 1601/1/4 1645/1/4
f 1601/4/4 1602/4/4 1646/4/4
f 1645/1/4 1601/1/4 1646/1/4
f 1602/1/4 1603/1/4 1647/1/4
f 1646/4/4 1602/4/4 1647/4/4
f 1603/1/4 1604/1/4 1647/1/4
f 1647/1/4 1604/1/4 1648/1/4
f 1604/3/4 1605/3/4 1649/3/4
f 1648/1/4 1604/1/4 1649/1/4
f 1605/3/4 1569/3/4 1650/3/4
f 1649/3/4 1605/3/4 1650/3/4
f 1569/1/4 1570/1/4 1651/1/4
f 1650/3/4 1569/3/4 1651/3/4
f 1570/3/4 1571/3/4 1652/3/4
f 1651/1/4 1570/1/4 1652/1/4
f 1571/1/4 1606/1/4 1653/1/4
f 1652/3/4 1571/3/4 1653/3/4
f 1606/1/4 1607/1/4 1653/1/4
f 1653/1/4 1607/1/4 1654/1/4
f 1607/4/4 1608/4/4 1655/4/4
f 1654/1/4 1607/1/4 1655/1/4
f 1608/1/4 1609/1/4 1656/1/4
f 1655/4/4 1608/4/4 1656/4/4
f 1656/1/4 1609/1/4 1657/1/4
f 1657/1/4 1609/1/4 1658/1/4
f 1609/3/4 1610/3/4 1659/3/4
f 1658/1/4 1609/1/4 1659/1/4
f 1610/1/4 1611/1/4 1660/1/4
f 1659/3/4 1610/3/4 1660/3/4
f 1611/4/4 1577/4/4 1661/4/4
f 1660/1/4 1611/1/4 1661/1/4
f 1578/1/4 1579/1/4 1662/1/4
f 1661/4/4 1577/4/4 1662/4/4
f 1577/1/4 1578/1/4 1662/1/4
f 1579/1/4 1538/1/4 1663/1/4
f 1662/1/4 1579/1/4 1663/1/4
f 1538/3/4 1539/3/4 1663/3/4
f 1612/1/4 1613/1/4 1664/1/4
f 1663/3/4 1539/3/4 1664/3/4
f 1539/1/4 1612/1/4 1664/1/4
f 1664/1/4 1613/1/4 1665/1/4
f 1204/1/4 1272/1/4 1666/1/4
f 1542/1/4 1580/1/4 1666/1/4
f 1345/1/4 1389/1/4 1666/1/4
f 1389/1/4 1427/1/4 1666/1/4
f 1427/1/4 1465/1/4 1666/1/4
f 1497/1/4 1542/1/4 1666/1/4
f 1465/1/4 1497/1/4 1666/1/4
f 1272/1/4 1345/1/4 1666/1/4
f 1580/1/4 1581/1/4 1666/1/4
f 1581/3/4 1614/3/4 1667/3/4
f 1666/1/4 1581/1/4 1667/1/4
f 1614/1/4 1615/1/4 1668/1/4
f 1667/3/4 1614/3/4 1668/3/4
f 1615/3/4 1616/3/4 1669/3/4
f 1668/1/4 1615/1/4 1669/1/4
f 1616/1/4 1617/1/4 1670/1/4
f 1669/3/4 1616/3/4 1670/3/4
f 1617/3/4 1618/3/4 1671/3/4
f 1670/1/4 1617/1/4 1671/1/4
f 1619/1/4 1620/1/4 1672/1/4
f 1671/3/4 1618/3/4 1672/3/4
f 1618/1/4 1619/1/4 1672/1/4
f 1620/3/4 1621/3/4 1673/3/4
f 1672/1/4 1620/1/4 1673/1/4
f 1621/1/4 1622/1/4 1674/1/4
f 1673/3/4 1621/3/4 1674/3/4
f 1623/3/4 1624/3/4 1675/3/4
f 1674/1/4 1622/1/4 1675/1/4
f 1624/3/4 1625/3/4 1675/3/4
f 1625/3/4 1626/3/4 1675/3/4
f 1626/3/4 1627/3/4 1675/3/4
f 1622/3/4 1623/3/4 1675/3/4
f 1627/1/4 1628/1/4 1676/1/4
f 1675/3/4 1627/3/4 1676/3/4
f 1628/4/4 1629/4/4 1677/4/4
f 1676/1/4 1628/1/4 1677/1/4
f 1629/1/4 1630/1/4 1678/1/4
f 1677/4/4 1629/4/4 1678/4/4
f 1630/3/4 1631/3/4 1679/3/4
f 1678/1/4 1630/1/4 1679/1/4
f 1631/1/4 1632/1/4 1680/1/4
f 1679/3/4 1631/3/4 1680/3/4
f 1632/4/4 1633/4/4 1681/4/4
f 1680/1/4 1632/1/4 1681/1/4
f 1633/1/4 1634/1/4 1682/1/4
f 1681/4/4 1633/4/4 1682/4/4
f 1634/1/4 1635/1/4 1682/1/4
f 1636/3/4 1637/3/4 1683/3/4
f 1682/1/4 1635/1/4 1683/1/4
f 1638/3/4 1639/3/4 1683/3/4
f 1635/3/4 1636/3/4 1683/3/4
f 1637/3/4 1638/3/4 1683/3/4
f 1639/1/4 1640/1/4 1684/1/4
f 1683/3/4 1639/3/4 1684/3/4
f 1640/3/4 1641/3/4 1685/3/4
f 1684/1/4 1640/1/4 1685/1/4
f 1641/1/4 1642/1/4 1686/1/4
f 1685/3/4 1641/3/4 1686/3/4
f 1642/1/4 1643/1/4 1686/1/4
f 1643/4/4 1644/4/4 1687/4/4
f 1686/1/4 1643/1/4 1687/1/4
f 1644/1/4 1645/1/4 1688/1/4
f 1687/4/4 1644/4/4 1688/4/4
f 1645/4/4 1646/4/4 1689/4/4
f 1688/1/4 1645/1/4 1689/1/4
f 1646/1/4 1647/1/4 1690/1/4
f 1689/4/4 1646/4/4 1690/4/4
f 1647/1/4 1648/1/4 1690/1/4
f 1648/3/4 1649/3/4 1691/3/4
f 1690/1/4 1648/1/4 1691/1/4
f 1649/1/4 1650/1/4 1692/1/4
f 1691/3/4 1649/3/4 1692/3/4
f 1652/3/4 1653/3/4 1693/3/4
f 1692/1/4 1650/1/4 1693/1/4
f 1651/3/4 1652/3/4 1693/3/4
f 1653/3/4 1654/3/4 1693/3/4
f 1650/3/4 1651/3/4 1693/3/4
f 1655/1/4 1656/1/4 1694/1/4
f 1693/3/4 1654/3/4 1694/3/4
f 1654/1/4 1655/1/4 1694/1/4
f 1656/4/4 1657/4/4 1695/4/4
f 1694/1/4 1656/1/4 1695/1/4
f 1657/1/4 1658/1/4 1696/1/4
f 1695/4/4 1657/4/4 1696/4/4
f 1658/3/4 1659/3/4 1697/3/4
f 1696/1/4 1658/1/4 1697/1/4
f 1659/1/4 1660/1/4 1698/1/4
f 1697/3/4 1659/3/4 1698/3/4
f 1660/4/4 1661/4/4 1699/4/4
f 1698/1/4 1660/1/4 1699/1/4
f 1661/1/4 1662/1/4 1700/1/4
f 1699/4/4 1661/4/4 1700/4/4
f 1664/3/4 1665/3/4 1701/3/4
f 1700/1/4 1662/1/4 1701/1/4
f 1663/3/4 1664/3/4 1701/3/4
f 1662/3/4 1663/3/4 1701/3/4
f 1701/3/4 1665/3/4 1702/3/4
f 1705/1/5 1704/1/5 1703/1/5
f 1706/1/5 1704/1/5 1705/1/5
f 1707/1/5 1705/1/5 1703/1/5
f 1707/3/5 1706/3/5 1705/3/5
f 1708/3/5 1706/3/5 1707/3/5
f 1709/1/5 1707/1/5 1703/1/5
f 1709/1/5 1708/1/5 1707/1/5
f 1710/1/5 1708/1/5 1709/1/5
f 1711/1/6 1712/1/6 1713/1/6
f 1713/1/6 1712/1/6 1714/1/6
f 1711/1/6 1713/1/6 1715/1/6
f 1713/3/6 1714/3/6 1715/3/6
f 1715/3/6 1714/3/6 1716/3/6
f 1711/1/6 1715/1/6 1717/1/6
f 1715/1/6 1716/1/6 1717/1/6
f 1717/1/6 1716/1/6 1718/1/6
f 1718/1/6 1716/1/6 1719/1/6
f 1719/1/6 1716/1/6 1720/1/6
f 1720/1/6 1716/1/6 1721/1/6
f 1721/1/6 1716/1/6 1722/1/6
f 1722/1/6 1716/1/6 1723/1/6
f 1723/1/6 1716/1/6 1724/1/6
f 1717/3/6 1718/3/6 1725/3/6
f 1718/1/6 1719/1/6 1726/1/6
f 1725/3/6 1718/3/6 1726/3/6
f 1719/3/6 1720/3/6 1727/3/6
f 1726/1/6 1719/1/6 1727/1/6
f 1720/1/6 1721/1/6 1728/1/6
f 1727/3/6 1720/3/6 1728/3/6
f 1721/3/6 1722/3/6 1729/3/6
f 1728/1/6 1721/1/6 1729/1/6
f 1722/1/6 1723/1/6 1730/1/6
f 1729/3/6 1722/3/6 1730/3/6
f 1723/3/6 1724/3/6 1731/3/6
f 1730/1/6 1723/1/6 1731/1/6
f 1731/3/6 1724/3/6 1732/3/6
