# MagicaVoxel @ Ephtracy

# group
o 

# material
mtllib playground-0.mtl
usemtl palette

# normals
vn 0 0 1
vn 0 0 -1
vn 1 0 0
vn -1 0 0
vn 0 -1 0
vn 0 1 0

# texcoords
vt 0.970703 0.5
vt 0.974609 0.5

# verts
v 4.6 7.6 -1.6
v 1.4 7.6 -1.6
v 4.3 7.7 -1.6
v 4.1 7.7 -1.6
v 3.1 7.7 -1.6
v 2.7 7.7 -1.6
v 2 7.7 -1.6
v 1.9 7.7 -1.6
v 4.3 7.8 -1.6
v 4.2 7.8 -1.6
v 3.3 7.8 -1.6
v 3.1 7.8 -1.6
v 3 7.8 -1.6
v 2.8 7.8 -1.6
v 2.7 7.8 -1.6
v 2.5 7.8 -1.6
v 1.9 7.8 -1.6
v 1.8 7.8 -1.6
v 3.4 7.9 -1.6
v 3.3 7.9 -1.6
v 3.2 7.9 -1.6
v 3 7.9 -1.6
v 2.8 7.9 -1.6
v 2.6 7.9 -1.6
v 2 7.9 -1.6
v 1.9 7.9 -1.6
v 1.8 7.9 -1.6
v 1.5 7.9 -1.6
v 4.1 8 -1.6
v 4 8 -1.6
v 3.3 8 -1.6
v 3.2 8 -1.6
v 2.5 8 -1.6
v 2.4 8 -1.6
v 1.9 8 -1.6
v 1.6 8 -1.6
v 1.5 8 -1.6
v 1.4 8 -1.6
v 4.2 8.1 -1.6
v 4.1 8.1 -1.6
v 3.1 8.1 -1.6
v 2.7 8.1 -1.6
v 2.6 8.1 -1.6
v 2.5 8.1 -1.6
v 1.6 8.1 -1.6
v 1.4 8.1 -1.6
v 3 8.2 -1.6
v 2.8 8.2 -1.6
v 2.7 8.2 -1.6
v 2.6 8.2 -1.6
v 4 8.3 -1.6
v 3.9 8.3 -1.6
v 3.3 8.3 -1.6
v 3.2 8.3 -1.6
v 2.8 8.3 -1.6
v 2.7 8.3 -1.6
v 2.4 8.3 -1.6
v 2.3 8.3 -1.6
v 4.1 8.4 -1.6
v 4 8.4 -1.6
v 3.4 8.4 -1.6
v 3.3 8.4 -1.6
v 3 8.4 -1.6
v 2.9 8.4 -1.6
v 2.5 8.4 -1.6
v 2.4 8.4 -1.6
v 3.9 8.5 -1.6
v 3.8 8.5 -1.6
v 3.2 8.5 -1.6
v 3.1 8.5 -1.6
v 3 8.5 -1.6
v 2.7 8.5 -1.6
v 2.6 8.5 -1.6
v 2.5 8.5 -1.6
v 2.3 8.5 -1.6
v 2.2 8.5 -1.6
v 4.6 8.6 -1.6
v 4.5 8.6 -1.6
v 4 8.6 -1.6
v 3.9 8.6 -1.6
v 3.8 8.6 -1.6
v 3.7 8.6 -1.6
v 3.3 8.6 -1.6
v 3.2 8.6 -1.6
v 3.1 8.6 -1.6
v 3 8.6 -1.6
v 2.9 8.6 -1.6
v 2.7 8.6 -1.6
v 2.6 8.6 -1.6
v 2.4 8.6 -1.6
v 2.3 8.6 -1.6
v 1.8 8.6 -1.6
v 1.7 8.6 -1.6
v 4.6 8.7 -1.6
v 4.5 8.7 -1.6
v 3.9 8.7 -1.6
v 3.8 8.7 -1.6
v 3.7 8.7 -1.6
v 3.6 8.7 -1.6
v 3 8.7 -1.6
v 2.9 8.7 -1.6
v 1.7 8.7 -1.6
v 1.5 8.7 -1.6
v 3.8 8.8 -1.6
v 3.7 8.8 -1.6
v 3.6 8.8 -1.6
v 3.5 8.8 -1.6
v 3.2 8.8 -1.6
v 3 8.8 -1.6
v 2.9 8.8 -1.6
v 2.7 8.8 -1.6
v 2.6 8.8 -1.6
v 2.5 8.8 -1.6
v 1.8 8.8 -1.6
v 1.6 8.8 -1.6
v 3.7 8.9 -1.6
v 3.6 8.9 -1.6
v 3.5 8.9 -1.6
v 3.4 8.9 -1.6
v 3 8.9 -1.6
v 2.6 8.9 -1.6
v 3.6 9 -1.6
v 3.5 9 -1.6
v 2.2 9 -1.6
v 2.1 9 -1.6
v 4.6 9.1 -1.6
v 3.5 9.1 -1.6
v 3.4 9.1 -1.6
v 2.3 9.1 -1.6
v 2.1 9.1 -1.6
v 1.6 9.1 -1.6
v 1.5 9.1 -1.6
v 1.4 9.1 -1.6
v 4.4 7.7 -3.6
v 4 7.7 -3.6
v 3.9 7.7 -3.6
v 3.1 7.7 -3.6
v 3 7.7 -3.6
v 2.9 7.7 -3.6
v 2.8 7.7 -3.6
v 2.7 7.7 -3.6
v 2.6 7.7 -3.6
v 2.4 7.7 -3.6
v 2.3 7.7 -3.6
v 1.9 7.7 -3.6
v 1.7 7.7 -3.6
v 1.6 7.7 -3.6
v 4.4 7.8 -3.6
v 4 7.8 -3.6
v 3.9 7.8 -3.6
v 3.1 7.8 -3.6
v 2.9 7.8 -3.6
v 2.8 7.8 -3.6
v 2.6 7.8 -3.6
v 2.4 7.8 -3.6
v 2.3 7.8 -3.6
v 1.9 7.8 -3.6
v 1.7 7.8 -3.6
v 1.6 7.8 -3.6
v 4.4 7.8 -4.6
v 4.1 7.8 -4.6
v 4 7.8 -4.6
v 2.2 7.8 -4.6
v 2.1 7.8 -4.6
v 1.6 7.8 -4.6
v 4.4 7.9 -4.6
v 4.1 7.9 -4.6
v 4 7.9 -4.6
v 2.2 7.9 -4.6
v 2.1 7.9 -4.6
v 1.6 7.9 -4.6
v 4.6 7.7 -8.2
v 3.8 7.7 -8.2
v 3.6 7.7 -8.2
v 3.1 7.7 -8.2
v 3 7.7 -8.2
v 2.3 7.7 -8.2
v 2.2 7.7 -8.2
v 1.4 7.7 -8.2
v 4.6 7.8 -8.2
v 3.8 7.8 -8.2
v 3.6 7.8 -8.2
v 3.1 7.8 -8.2
v 3 7.8 -8.2
v 2.9 7.8 -8.2
v 2.3 7.8 -8.2
v 2.2 7.8 -8.2
v 1.8 7.8 -8.2
v 1.6 7.8 -8.2
v 1.4 7.8 -8.2
v 4.6 7.6 -8.3
v 3.9 7.6 -8.3
v 3.7 7.6 -8.3
v 3.2 7.6 -8.3
v 3.1 7.6 -8.3
v 2.4 7.6 -8.3
v 2.2 7.6 -8.3
v 1.4 7.6 -8.3
v 4.6 7.7 -8.3
v 3.9 7.7 -8.3
v 3.8 7.7 -8.3
v 3.7 7.7 -8.3
v 3.6 7.7 -8.3
v 3.2 7.7 -8.3
v 3.1 7.7 -8.3
v 3 7.7 -8.3
v 2.4 7.7 -8.3
v 2.3 7.7 -8.3
v 2.2 7.7 -8.3
v 1.4 7.7 -8.3
v 4.4 7.7 -1.8
v 3.2 7.7 -1.8
v 3 7.7 -1.8
v 2.3 7.7 -1.8
v 2.2 7.7 -1.8
v 2.1 7.7 -1.8
v 1.6 7.7 -1.8
v 3.2 7.8 -1.8
v 3 7.8 -1.8
v 2.3 7.8 -1.8
v 2.2 7.8 -1.8
v 3.1 7.9 -1.8
v 3 7.9 -1.8
v 2.2 7.9 -1.8
v 2.1 7.9 -1.8
v 3.3 8.5 -1.8
v 3.2 8.5 -1.8
v 3.1 8.5 -1.8
v 2.4 8.5 -1.8
v 2.3 8.5 -1.8
v 2.3 8.6 -1.8
v 2.2 8.6 -1.8
v 3.4 8.8 -1.8
v 3.3 8.8 -1.8
v 1.7 8.8 -1.8
v 1.6 8.8 -1.8
v 3.3 8.9 -1.8
v 3.2 8.9 -1.8
v 3.5 9 -1.8
v 3.4 9 -1.8
v 2.3 9 -1.8
v 2.2 9 -1.8
v 1.6 9 -1.8
v 4.4 9.1 -1.8
v 3.5 9.1 -1.8
v 3.3 9.1 -1.8
v 2.4 9.1 -1.8
v 2.2 9.1 -1.8
v 1.7 9.1 -1.8
v 1.6 9.1 -1.8
v 4.6 7.9 -3.1
v 4.4 7.9 -3.1
v 1.6 7.9 -3.1
v 1.5 7.9 -3.1
v 1.4 7.9 -3.1
v 1.5 8.2 -3.1
v 1.4 8.2 -3.1
v 1.6 8.7 -3.1
v 1.5 8.7 -3.1
v 1.6 8.8 -3.1
v 1.5 8.8 -3.1
v 4.6 9.1 -3.1
v 4.4 9.1 -3.1
v 1.6 9.1 -3.1
v 1.4 9.1 -3.1
v 4.6 7.6 -7.6
v 3.8 7.6 -7.6
v 3.7 7.6 -7.6
v 2.4 7.6 -7.6
v 2.2 7.6 -7.6
v 1.4 7.6 -7.6
v 4.6 7.7 -7.6
v 3.8 7.7 -7.6
v 3.7 7.7 -7.6
v 3.6 7.7 -7.6
v 2.4 7.7 -7.6
v 2.3 7.7 -7.6
v 2.2 7.7 -7.6
v 1.4 7.7 -7.6
v 4.6 7.7 -7.7
v 3.8 7.7 -7.7
v 3.6 7.7 -7.7
v 2.3 7.7 -7.7
v 2.2 7.7 -7.7
v 1.4 7.7 -7.7
v 4.6 7.8 -7.7
v 3.8 7.8 -7.7
v 3.7 7.8 -7.7
v 3.6 7.8 -7.7
v 2.3 7.8 -7.7
v 2.2 7.8 -7.7
v 1.4 7.8 -7.7
v 4.6 7.6 -14.2
v 3.4 7.6 -14.2
v 3.2 7.6 -14.2
v 2.6 7.6 -14.2
v 2.4 7.6 -14.2
v 1.4 7.6 -14.2
v 3.6 7.7 -14.2
v 3.4 7.7 -14.2
v 3.2 7.7 -14.2
v 3.1 7.7 -14.2
v 2.5 7.7 -14.2
v 2.4 7.7 -14.2
v 4.1 7.8 -14.2
v 3.9 7.8 -14.2
v 3.7 7.8 -14.2
v 3.6 7.8 -14.2
v 3.4 7.8 -14.2
v 3.3 7.8 -14.2
v 4.6 7.9 -14.2
v 4.1 7.9 -14.2
v 3.9 7.9 -14.2
v 3.7 7.9 -14.2
v 3.6 7.9 -14.2
v 3.4 7.9 -14.2
v 3.3 7.9 -14.2
v 3.2 7.9 -14.2
v 3.1 7.9 -14.2
v 2.6 7.9 -14.2
v 2.5 7.9 -14.2
v 1.4 7.9 -14.2
v 4.6 7.6 -1.6
v 4.6 8.6 -1.6
v 4.6 8.7 -1.6
v 4.6 9.1 -1.6
v 4.6 8.5 -1.7
v 4.6 8.6 -1.7
v 4.6 8.1 -1.8
v 4.6 8.5 -1.8
v 4.6 8.6 -1.8
v 4.6 8.7 -1.8
v 4.6 7.8 -1.9
v 4.6 8.1 -1.9
v 4.6 8.2 -1.9
v 4.6 8.6 -1.9
v 4.6 7.7 -2
v 4.6 7.8 -2
v 4.6 7.9 -2
v 4.6 8.2 -2
v 4.6 7.6 -2.1
v 4.6 7.7 -2.1
v 4.6 7.8 -2.1
v 4.6 7.9 -2.1
v 4.6 8.3 -2.1
v 4.6 8.5 -2.1
v 4.6 7.7 -2.2
v 4.6 7.8 -2.2
v 4.6 8.1 -2.2
v 4.6 8.3 -2.2
v 4.6 8.5 -2.2
v 4.6 8.6 -2.2
v 4.6 8 -2.3
v 4.6 8.1 -2.3
v 4.6 8.2 -2.3
v 4.6 8.4 -2.3
v 4.6 8.6 -2.3
v 4.6 8.7 -2.3
v 4.6 8.1 -2.4
v 4.6 8.2 -2.4
v 4.6 8.3 -2.4
v 4.6 8.4 -2.4
v 4.6 8.6 -2.4
v 4.6 8.1 -2.6
v 4.6 8.2 -2.6
v 4.6 8.4 -2.6
v 4.6 8.5 -2.6
v 4.6 8 -2.7
v 4.6 8.1 -2.7
v 4.6 8.3 -2.7
v 4.6 8.5 -2.7
v 4.6 8.2 -2.8
v 4.6 8.3 -2.8
v 4.6 8.5 -2.8
v 4.6 8.6 -2.8
v 4.6 7.7 -2.9
v 4.6 7.8 -2.9
v 4.6 8.1 -2.9
v 4.6 8.2 -2.9
v 4.6 8.3 -2.9
v 4.6 8.5 -2.9
v 4.6 8.6 -2.9
v 4.6 8.7 -2.9
v 4.6 7.6 -3
v 4.6 7.7 -3
v 4.6 8.2 -3
v 4.6 8.6 -3
v 4.6 7.9 -3.1
v 4.6 9.1 -3.1
v 4.6 7.6 -4.5
v 4.6 7.7 -4.5
v 4.6 7.7 -4.6
v 4.6 7.8 -4.6
v 4.6 7.6 -4.8
v 4.6 7.7 -4.8
v 4.6 7.6 -6.6
v 4.6 7.7 -6.6
v 4.6 7.7 -7.4
v 4.6 7.8 -7.4
v 4.6 7.6 -7.5
v 4.6 7.7 -7.5
v 4.6 7.8 -7.5
v 4.6 7.9 -7.5
v 4.6 7.6 -7.6
v 4.6 7.7 -7.6
v 4.6 7.8 -7.6
v 4.6 7.7 -7.7
v 4.6 7.8 -7.7
v 4.6 7.9 -7.7
v 4.6 7.7 -8.2
v 4.6 7.8 -8.2
v 4.6 7.6 -8.3
v 4.6 7.7 -8.3
v 4.6 7.8 -10
v 4.6 7.9 -10
v 4.6 7.7 -10.1
v 4.6 7.8 -10.1
v 4.6 7.6 -10.2
v 4.6 7.7 -10.2
v 4.6 7.8 -10.2
v 4.6 7.9 -10.2
v 4.6 7.7 -10.3
v 4.6 7.8 -10.3
v 4.6 7.6 -10.6
v 4.6 7.7 -10.6
v 4.6 7.6 -12.7
v 4.6 7.7 -12.7
v 4.6 7.7 -12.8
v 4.6 7.8 -12.8
v 4.6 7.6 -12.9
v 4.6 7.7 -12.9
v 4.6 7.8 -12.9
v 4.6 7.9 -12.9
v 4.6 7.7 -13
v 4.6 7.8 -13
v 4.6 7.8 -13.2
v 4.6 7.9 -13.2
v 4.6 7.6 -14.2
v 4.6 7.9 -14.2
v 1.6 7.7 -1.8
v 1.6 8.8 -1.8
v 1.6 9 -1.8
v 1.6 9.1 -1.8
v 1.6 8.8 -2
v 1.6 8.9 -2
v 1.6 9 -2.1
v 1.6 9.1 -2.1
v 1.6 8.9 -2.2
v 1.6 9 -2.2
v 1.6 8.4 -2.5
v 1.6 8.8 -2.5
v 1.6 8.5 -2.6
v 1.6 8.7 -2.6
v 1.6 8.8 -2.6
v 1.6 9 -2.6
v 1.6 8.5 -2.7
v 1.6 8.6 -2.7
v 1.6 8.7 -2.7
v 1.6 9.1 -2.7
v 1.6 8.4 -2.8
v 1.6 8.5 -2.8
v 1.6 8.6 -2.8
v 1.6 8.7 -2.8
v 1.6 8.5 -2.9
v 1.6 8.6 -2.9
v 1.6 8.7 -2.9
v 1.6 8.8 -2.9
v 1.6 8.6 -3
v 1.6 8.7 -3
v 1.6 7.9 -3.1
v 1.6 8.7 -3.1
v 1.6 8.8 -3.1
v 1.6 9.1 -3.1
v 1.6 7.8 -3.4
v 1.6 7.9 -3.4
v 1.6 7.7 -3.6
v 1.6 7.8 -3.6
v 1.6 7.8 -3.7
v 1.6 7.9 -3.7
v 1.6 7.8 -4.6
v 1.6 7.9 -4.6
v 4.4 7.7 -1.8
v 4.4 9.1 -1.8
v 4.4 7.7 -3.1
v 4.4 7.9 -3.1
v 4.4 9.1 -3.1
v 4.4 7.7 -3.5
v 4.4 7.7 -3.6
v 4.4 7.8 -3.6
v 4.4 7.8 -4.6
v 4.4 7.9 -4.6
v 1.4 7.6 -1.6
v 1.4 8 -1.6
v 1.4 8.1 -1.6
v 1.4 9.1 -1.6
v 1.4 8.1 -2
v 1.4 8.2 -2
v 1.4 8 -2.1
v 1.4 8.1 -2.1
v 1.4 8.2 -2.1
v 1.4 8.3 -2.1
v 1.4 8.1 -2.2
v 1.4 8.2 -2.2
v 1.4 8.1 -2.7
v 1.4 8.2 -2.7
v 1.4 8.2 -2.8
v 1.4 8.3 -2.8
v 1.4 7.9 -3
v 1.4 8.1 -3
v 1.4 7.8 -3.1
v 1.4 7.9 -3.1
v 1.4 8.2 -3.1
v 1.4 9.1 -3.1
v 1.4 7.8 -3.5
v 1.4 7.9 -3.5
v 1.4 7.6 -4.1
v 1.4 7.7 -4.1
v 1.4 7.6 -4.7
v 1.4 7.7 -4.7
v 1.4 7.6 -5.1
v 1.4 7.8 -5.1
v 1.4 7.6 -5.2
v 1.4 7.8 -5.2
v 1.4 7.9 -5.2
v 1.4 7.7 -5.4
v 1.4 7.8 -5.4
v 1.4 7.6 -5.5
v 1.4 7.7 -5.5
v 1.4 7.8 -5.5
v 1.4 7.9 -5.5
v 1.4 7.6 -5.6
v 1.4 7.8 -5.6
v 1.4 7.8 -6.5
v 1.4 7.9 -6.5
v 1.4 7.6 -6.6
v 1.4 7.8 -6.6
v 1.4 7.7 -6.7
v 1.4 7.9 -6.7
v 1.4 7.6 -6.8
v 1.4 7.7 -6.8
v 1.4 7.6 -7.6
v 1.4 7.7 -7.6
v 1.4 7.7 -7.7
v 1.4 7.8 -7.7
v 1.4 7.7 -8.2
v 1.4 7.8 -8.2
v 1.4 7.6 -8.3
v 1.4 7.7 -8.3
v 1.4 7.8 -8.3
v 1.4 7.9 -8.3
v 1.4 7.7 -8.5
v 1.4 7.8 -8.5
v 1.4 7.8 -8.6
v 1.4 7.9 -8.6
v 1.4 7.6 -8.7
v 1.4 7.7 -8.7
v 1.4 7.7 -8.8
v 1.4 7.8 -8.8
v 1.4 7.6 -9.3
v 1.4 7.7 -9.3
v 1.4 7.6 -10.4
v 1.4 7.7 -10.4
v 1.4 7.7 -10.8
v 1.4 7.8 -10.8
v 1.4 7.6 -10.9
v 1.4 7.7 -10.9
v 1.4 7.7 -11.1
v 1.4 7.8 -11.1
v 1.4 7.9 -11.1
v 1.4 7.8 -11.3
v 1.4 7.9 -11.3
v 1.4 7.6 -13
v 1.4 7.7 -13
v 1.4 7.6 -13.2
v 1.4 7.7 -13.2
v 1.4 7.6 -14.2
v 1.4 7.9 -14.2
v 4.6 7.6 -1.6
v 4.6 7.6 -2.1
v 4.6 7.6 -3
v 4.6 7.6 -4.5
v 4.6 7.6 -4.8
v 4.6 7.6 -6.6
v 4.6 7.6 -7.5
v 4.6 7.6 -7.6
v 4.6 7.6 -8.3
v 4.6 7.6 -10.2
v 4.6 7.6 -10.6
v 4.6 7.6 -12.7
v 4.6 7.6 -12.9
v 4.6 7.6 -14.2
v 4.5 7.6 -2.1
v 4.5 7.6 -3
v 4.5 7.6 -3.4
v 4.5 7.6 -3.6
v 4.5 7.6 -4.5
v 4.5 7.6 -4.8
v 4.5 7.6 -5
v 4.5 7.6 -6.5
v 4.5 7.6 -6.6
v 4.5 7.6 -6.7
v 4.5 7.6 -7.5
v 4.5 7.6 -10.2
v 4.5 7.6 -10.5
v 4.5 7.6 -10.6
v 4.5 7.6 -11
v 4.5 7.6 -12.7
v 4.5 7.6 -12.9
v 4.4 7.6 -3.1
v 4.4 7.6 -3.4
v 4.4 7.6 -3.5
v 4.4 7.6 -3.6
v 4.4 7.6 -4.8
v 4.4 7.6 -4.9
v 4.4 7.6 -5
v 4.4 7.6 -5.1
v 4.4 7.6 -6.3
v 4.4 7.6 -6.5
v 4.4 7.6 -6.6
v 4.4 7.6 -6.7
v 4.4 7.6 -10.5
v 4.4 7.6 -10.9
v 4.4 7.6 -11
v 4.4 7.6 -11.1
v 4.4 7.6 -13.2
v 4.4 7.6 -13.6
v 4.3 7.6 -3
v 4.3 7.6 -3.1
v 4.3 7.6 -3.2
v 4.3 7.6 -3.5
v 4.3 7.6 -4.9
v 4.3 7.6 -5
v 4.3 7.6 -5.1
v 4.3 7.6 -5.2
v 4.3 7.6 -5.8
v 4.3 7.6 -6.3
v 4.3 7.6 -6.6
v 4.3 7.6 -10.9
v 4.3 7.6 -11.1
v 4.3 7.6 -11.2
v 4.3 7.6 -13.1
v 4.3 7.6 -13.2
v 4.3 7.6 -13.3
v 4.3 7.6 -13.5
v 4.3 7.6 -13.6
v 4.3 7.6 -13.8
v 4.2 7.6 -2.8
v 4.2 7.6 -3
v 4.2 7.6 -3.1
v 4.2 7.6 -3.2
v 4.2 7.6 -5
v 4.2 7.6 -5.2
v 4.2 7.6 -5.3
v 4.2 7.6 -5.7
v 4.2 7.6 -5.8
v 4.2 7.6 -6
v 4.2 7.6 -6.3
v 4.2 7.6 -11.2
v 4.2 7.6 -11.3
v 4.2 7.6 -13.2
v 4.2 7.6 -13.3
v 4.2 7.6 -13.5
v 4.2 7.6 -13.7
v 4.1 7.6 -2.6
v 4.1 7.6 -2.8
v 4.1 7.6 -2.9
v 4.1 7.6 -3.1
v 4.1 7.6 -3.6
v 4.1 7.6 -3.8
v 4.1 7.6 -5.2
v 4.1 7.6 -5.3
v 4.1 7.6 -5.5
v 4.1 7.6 -5.7
v 4.1 7.6 -6
v 4.1 7.6 -9.9
v 4.1 7.6 -10
v 4.1 7.6 -13
v 4.1 7.6 -13.1
v 4.1 7.6 -13.5
v 4.1 7.6 -13.6
v 4.1 7.6 -13.8
v 4.1 7.6 -13.9
v 4 7.6 -2.5
v 4 7.6 -2.6
v 4 7.6 -2.7
v 4 7.6 -2.9
v 4 7.6 -3.5
v 4 7.6 -3.6
v 4 7.6 -3.8
v 4 7.6 -4
v 4 7.6 -5.3
v 4 7.6 -5.4
v 4 7.6 -9.7
v 4 7.6 -9.9
v 4 7.6 -12
v 4 7.6 -12.2
v 4 7.6 -13
v 4 7.6 -13.1
v 4 7.6 -13.3
v 4 7.6 -13.5
v 4 7.6 -13.7
v 4 7.6 -13.8
v 3.9 7.6 -2.6
v 3.9 7.6 -2.7
v 3.9 7.6 -3.1
v 3.9 7.6 -3.5
v 3.9 7.6 -3.9
v 3.9 7.6 -4
v 3.9 7.6 -4.2
v 3.9 7.6 -5.4
v 3.9 7.6 -5.5
v 3.9 7.6 -6.4
v 3.9 7.6 -7
v 3.9 7.6 -8.3
v 3.9 7.6 -8.6
v 3.9 7.6 -9.6
v 3.9 7.6 -9.7
v 3.9 7.6 -9.8
v 3.9 7.6 -10
v 3.9 7.6 -11.2
v 3.9 7.6 -11.3
v 3.9 7.6 -11.9
v 3.9 7.6 -12
v 3.9 7.6 -12.2
v 3.9 7.6 -12.3
v 3.9 7.6 -13.2
v 3.9 7.6 -13.3
v 3.8 7.6 -2.4
v 3.8 7.6 -2.5
v 3.8 7.6 -3.2
v 3.8 7.6 -3.5
v 3.8 7.6 -3.9
v 3.8 7.6 -4.2
v 3.8 7.6 -4.4
v 3.8 7.6 -6.2
v 3.8 7.6 -6.4
v 3.8 7.6 -6.5
v 3.8 7.6 -6.9
v 3.8 7.6 -7
v 3.8 7.6 -7.6
v 3.8 7.6 -8.4
v 3.8 7.6 -8.5
v 3.8 7.6 -8.6
v 3.8 7.6 -8.8
v 3.8 7.6 -9
v 3.8 7.6 -9.6
v 3.8 7.6 -9.7
v 3.8 7.6 -9.8
v 3.8 7.6 -11.2
v 3.8 7.6 -11.3
v 3.8 7.6 -11.8
v 3.8 7.6 -11.9
v 3.8 7.6 -12
v 3.8 7.6 -12.2
v 3.8 7.6 -12.3
v 3.8 7.6 -12.4
v 3.8 7.6 -13.1
v 3.8 7.6 -13.3
v 3.8 7.6 -13.5
v 3.7 7.6 -2.3
v 3.7 7.6 -2.4
v 3.7 7.6 -2.5
v 3.7 7.6 -2.6
v 3.7 7.6 -3.1
v 3.7 7.6 -3.2
v 3.7 7.6 -4.2
v 3.7 7.6 -4.3
v 3.7 7.6 -4.4
v 3.7 7.6 -4.6
v 3.7 7.6 -6.2
v 3.7 7.6 -6.5
v 3.7 7.6 -6.9
v 3.7 7.6 -7.6
v 3.7 7.6 -8.3
v 3.7 7.6 -8.4
v 3.7 7.6 -8.5
v 3.7 7.6 -8.7
v 3.7 7.6 -8.8
v 3.7 7.6 -9
v 3.7 7.6 -9.1
v 3.7 7.6 -9.7
v 3.7 7.6 -11.1
v 3.7 7.6 -11.2
v 3.7 7.6 -11.9
v 3.7 7.6 -12
v 3.7 7.6 -12.2
v 3.7 7.6 -12.3
v 3.7 7.6 -12.4
v 3.7 7.6 -12.5
v 3.7 7.6 -13.3
v 3.7 7.6 -13.6
v 3.6 7.6 -2.2
v 3.6 7.6 -2.3
v 3.6 7.6 -2.4
v 3.6 7.6 -2.5
v 3.6 7.6 -4.3
v 3.6 7.6 -4.5
v 3.6 7.6 -4.6
v 3.6 7.6 -4.7
v 3.6 7.6 -8.7
v 3.6 7.6 -9.1
v 3.6 7.6 -11.3
v 3.6 7.6 -11.4
v 3.6 7.6 -12.1
v 3.6 7.6 -12.2
v 3.6 7.6 -12.3
v 3.6 7.6 -12.4
v 3.6 7.6 -13.7
v 3.6 7.6 -13.8
v 3.5 7.6 -4.5
v 3.5 7.6 -4.6
v 3.5 7.6 -4.7
v 3.5 7.6 -4.8
v 3.5 7.6 -7.1
v 3.5 7.6 -7.4
v 3.5 7.6 -9.8
v 3.5 7.6 -10
v 3.5 7.6 -11.2
v 3.5 7.6 -11.3
v 3.5 7.6 -11.4
v 3.5 7.6 -11.5
v 3.5 7.6 -12.3
v 3.5 7.6 -12.4
v 3.5 7.6 -13.6
v 3.5 7.6 -13.7
v 3.5 7.6 -13.8
v 3.5 7.6 -13.9
v 3.4 7.6 -2.1
v 3.4 7.6 -2.2
v 3.4 7.6 -2.3
v 3.4 7.6 -2.4
v 3.4 7.6 -4.6
v 3.4 7.6 -4.7
v 3.4 7.6 -6.9
v 3.4 7.6 -7.1
v 3.4 7.6 -7.2
v 3.4 7.6 -7.3
v 3.4 7.6 -7.4
v 3.4 7.6 -7.5
v 3.4 7.6 -9.8
v 3.4 7.6 -9.9
v 3.4 7.6 -10
v 3.4 7.6 -10.6
v 3.4 7.6 -11.3
v 3.4 7.6 -11.4
v 3.4 7.6 -11.8
v 3.4 7.6 -11.9
v 3.4 7.6 -12.1
v 3.4 7.6 -12.4
v 3.4 7.6 -12.5
v 3.4 7.6 -13.4
v 3.4 7.6 -13.6
v 3.4 7.6 -13.7
v 3.4 7.6 -13.8
v 3.4 7.6 -14.1
v 3.4 7.6 -14.2
v 3.3 7.6 -1.9
v 3.3 7.6 -2.1
v 3.3 7.6 -2.3
v 3.3 7.6 -7
v 3.3 7.6 -7.2
v 3.3 7.6 -7.3
v 3.3 7.6 -7.4
v 3.3 7.6 -9.9
v 3.3 7.6 -10.5
v 3.3 7.6 -10.6
v 3.3 7.6 -10.8
v 3.3 7.6 -11.4
v 3.3 7.6 -11.5
v 3.3 7.6 -11.6
v 3.3 7.6 -11.9
v 3.3 7.6 -12.2
v 3.3 7.6 -12.3
v 3.3 7.6 -13.1
v 3.3 7.6 -13.4
v 3.3 7.6 -13.7
v 3.2 7.6 -1.8
v 3.2 7.6 -1.9
v 3.2 7.6 -2
v 3.2 7.6 -2.1
v 3.2 7.6 -4.8
v 3.2 7.6 -5.8
v 3.2 7.6 -7
v 3.2 7.6 -7.2
v 3.2 7.6 -8.3
v 3.2 7.6 -8.9
v 3.2 7.6 -10.5
v 3.2 7.6 -10.8
v 3.2 7.6 -11.6
v 3.2 7.6 -11.7
v 3.2 7.6 -12.3
v 3.2 7.6 -12.4
v 3.2 7.6 -13
v 3.2 7.6 -13.1
v 3.2 7.6 -13.2
v 3.2 7.6 -13.4
v 3.2 7.6 -14.1
v 3.2 7.6 -14.2
v 3.1 7.6 -1.9
v 3.1 7.6 -2
v 3.1 7.6 -3.3
v 3.1 7.6 -3.7
v 3.1 7.6 -4.7
v 3.1 7.6 -5.7
v 3.1 7.6 -5.8
v 3.1 7.6 -5.9
v 3.1 7.6 -7
v 3.1 7.6 -7.3
v 3.1 7.6 -8.3
v 3.1 7.6 -8.8
v 3.1 7.6 -8.9
v 3.1 7.6 -9.1
v 3.1 7.6 -11.5
v 3.1 7.6 -11.6
v 3.1 7.6 -11.7
v 3.1 7.6 -12.2
v 3.1 7.6 -12.8
v 3.1 7.6 -13
v 3.1 7.6 -13.1
v 3.1 7.6 -13.2
v 3.1 7.6 -13.9
v 3.1 7.6 -14
v 3 7.6 -1.8
v 3 7.6 -1.9
v 3 7.6 -2.7
v 3 7.6 -2.8
v 3 7.6 -3
v 3 7.6 -3.3
v 3 7.6 -3.4
v 3 7.6 -3.6
v 3 7.6 -3.7
v 3 7.6 -3.8
v 3 7.6 -5.7
v 3 7.6 -5.8
v 3 7.6 -5.9
v 3 7.6 -6.1
v 3 7.6 -7.2
v 3 7.6 -7.4
v 3 7.6 -8.8
v 3 7.6 -9
v 3 7.6 -9.1
v 3 7.6 -9.6
v 3 7.6 -11.6
v 3 7.6 -11.8
v 3 7.6 -12.1
v 3 7.6 -12.3
v 3 7.6 -12.7
v 3 7.6 -12.8
v 3 7.6 -12.9
v 3 7.6 -13.1
v 3 7.6 -13.7
v 3 7.6 -13.9
v 2.9 7.6 -2.6
v 2.9 7.6 -2.7
v 2.9 7.6 -2.9
v 2.9 7.6 -3
v 2.9 7.6 -3.1
v 2.9 7.6 -3.4
v 2.9 7.6 -3.6
v 2.9 7.6 -3.7
v 2.9 7.6 -5.8
v 2.9 7.6 -5.9
v 2.9 7.6 -6.1
v 2.9 7.6 -6.2
v 2.9 7.6 -7
v 2.9 7.6 -7.2
v 2.9 7.6 -7.3
v 2.9 7.6 -7.5
v 2.9 7.6 -9
v 2.9 7.6 -9.5
v 2.9 7.6 -9.6
v 2.9 7.6 -9.8
v 2.9 7.6 -11.8
v 2.9 7.6 -12.1
v 2.9 7.6 -12.6
v 2.9 7.6 -12.7
v 2.9 7.6 -12.8
v 2.9 7.6 -12.9
v 2.9 7.6 -13.5
v 2.9 7.6 -13.7
v 2.9 7.6 -13.8
v 2.9 7.6 -14
v 2.8 7.6 -2.4
v 2.8 7.6 -2.6
v 2.8 7.6 -2.7
v 2.8 7.6 -2.8
v 2.8 7.6 -3
v 2.8 7.6 -3.1
v 2.8 7.6 -3.2
v 2.8 7.6 -3.6
v 2.8 7.6 -3.8
v 2.8 7.6 -3.9
v 2.8 7.6 -5.9
v 2.8 7.6 -6.1
v 2.8 7.6 -6.2
v 2.8 7.6 -6.3
v 2.8 7.6 -6.9
v 2.8 7.6 -7.3
v 2.8 7.6 -9.5
v 2.8 7.6 -9.7
v 2.8 7.6 -9.8
v 2.8 7.6 -9.9
v 2.8 7.6 -10.7
v 2.8 7.6 -10.9
v 2.8 7.6 -12.5
v 2.8 7.6 -12.6
v 2.8 7.6 -12.7
v 2.8 7.6 -12.8
v 2.8 7.6 -13.6
v 2.8 7.6 -13.8
v 2.7 7.6 -2.3
v 2.7 7.6 -2.4
v 2.7 7.6 -2.5
v 2.7 7.6 -2.7
v 2.7 7.6 -3.1
v 2.7 7.6 -3.2
v 2.7 7.6 -3.3
v 2.7 7.6 -3.6
v 2.7 7.6 -3.7
v 2.7 7.6 -3.8
v 2.7 7.6 -6.1
v 2.7 7.6 -6.2
v 2.7 7.6 -6.3
v 2.7 7.6 -6.4
v 2.7 7.6 -9.7
v 2.7 7.6 -9.8
v 2.7 7.6 -9.9
v 2.7 7.6 -10
v 2.7 7.6 -10.6
v 2.7 7.6 -10.7
v 2.7 7.6 -10.8
v 2.7 7.6 -10.9
v 2.7 7.6 -12.4
v 2.7 7.6 -12.5
v 2.7 7.6 -12.6
v 2.7 7.6 -12.7
v 2.7 7.6 -13.5
v 2.7 7.6 -13.6
v 2.6 7.6 -2.2
v 2.6 7.6 -2.3
v 2.6 7.6 -2.4
v 2.6 7.6 -2.5
v 2.6 7.6 -3.1
v 2.6 7.6 -3.3
v 2.6 7.6 -6.2
v 2.6 7.6 -6.3
v 2.6 7.6 -6.4
v 2.6 7.6 -6.5
v 2.6 7.6 -9.8
v 2.6 7.6 -9.9
v 2.6 7.6 -10
v 2.6 7.6 -10.2
v 2.6 7.6 -10.3
v 2.6 7.6 -10.6
v 2.6 7.6 -10.7
v 2.6 7.6 -10.8
v 2.6 7.6 -12.2
v 2.6 7.6 -12.4
v 2.6 7.6 -12.5
v 2.6 7.6 -12.6
v 2.6 7.6 -14.1
v 2.6 7.6 -14.2
v 2.5 7.6 -2.1
v 2.5 7.6 -2.2
v 2.5 7.6 -2.3
v 2.5 7.6 -2.4
v 2.5 7.6 -3
v 2.5 7.6 -3.2
v 2.5 7.6 -3.7
v 2.5 7.6 -3.8
v 2.5 7.6 -3.9
v 2.5 7.6 -6.3
v 2.5 7.6 -6.4
v 2.5 7.6 -6.5
v 2.5 7.6 -6.6
v 2.5 7.6 -9.9
v 2.5 7.6 -10.1
v 2.5 7.6 -10.2
v 2.5 7.6 -10.3
v 2.5 7.6 -10.4
v 2.5 7.6 -10.7
v 2.5 7.6 -11.6
v 2.5 7.6 -12.2
v 2.5 7.6 -12.3
v 2.5 7.6 -12.5
v 2.5 7.6 -12.6
v 2.5 7.6 -14
v 2.5 7.6 -14.1
v 2.4 7.6 -1.9
v 2.4 7.6 -2.1
v 2.4 7.6 -2.2
v 2.4 7.6 -2.3
v 2.4 7.6 -2.9
v 2.4 7.6 -3.1
v 2.4 7.6 -3.2
v 2.4 7.6 -3.7
v 2.4 7.6 -6.4
v 2.4 7.6 -6.5
v 2.4 7.6 -7.5
v 2.4 7.6 -7.6
v 2.4 7.6 -8.3
v 2.4 7.6 -8.5
v 2.4 7.6 -10.1
v 2.4 7.6 -10.4
v 2.4 7.6 -11.6
v 2.4 7.6 -12.3
v 2.4 7.6 -12.4
v 2.4 7.6 -12.5
v 2.4 7.6 -13.2
v 2.4 7.6 -13.6
v 2.4 7.6 -13.9
v 2.4 7.6 -14
v 2.4 7.6 -14.1
v 2.4 7.6 -14.2
v 2.3 7.6 -1.8
v 2.3 7.6 -1.9
v 2.3 7.6 -2
v 2.3 7.6 -2.2
v 2.3 7.6 -3.1
v 2.3 7.6 -3.8
v 2.3 7.6 -6.6
v 2.3 7.6 -6.7
v 2.3 7.6 -7.4
v 2.3 7.6 -7.5
v 2.3 7.6 -12.3
v 2.3 7.6 -12.4
v 2.3 7.6 -12.5
v 2.3 7.6 -12.6
v 2.3 7.6 -13
v 2.3 7.6 -13.2
v 2.3 7.6 -13.3
v 2.3 7.6 -13.6
v 2.3 7.6 -13.9
v 2.3 7.6 -14
v 2.3 7.6 -14.1
v 2.2 7.6 -1.9
v 2.2 7.6 -2
v 2.2 7.6 -6.5
v 2.2 7.6 -6.6
v 2.2 7.6 -7.3
v 2.2 7.6 -7.4
v 2.2 7.6 -7.6
v 2.2 7.6 -8.3
v 2.2 7.6 -8.5
v 2.2 7.6 -9
v 2.2 7.6 -12.1
v 2.2 7.6 -12.3
v 2.2 7.6 -12.4
v 2.2 7.6 -12.5
v 2.2 7.6 -12.8
v 2.2 7.6 -13
v 2.2 7.6 -13.3
v 2.2 7.6 -13.6
v 2.2 7.6 -14
v 2.1 7.6 -1.8
v 2.1 7.6 -1.9
v 2.1 7.6 -6.6
v 2.1 7.6 -6.7
v 2.1 7.6 -7.2
v 2.1 7.6 -7.3
v 2.1 7.6 -8.5
v 2.1 7.6 -8.9
v 2.1 7.6 -9
v 2.1 7.6 -9.1
v 2.1 7.6 -9.8
v 2.1 7.6 -10
v 2.1 7.6 -11.7
v 2.1 7.6 -12.1
v 2.1 7.6 -12.2
v 2.1 7.6 -12.4
v 2.1 7.6 -12.7
v 2.1 7.6 -12.8
v 2.1 7.6 -12.9
v 2.1 7.6 -13
v 2 7.6 -6.9
v 2 7.6 -7.2
v 2 7.6 -7.3
v 2 7.6 -7.4
v 2 7.6 -8.9
v 2 7.6 -9.1
v 2 7.6 -9.3
v 2 7.6 -9.8
v 2 7.6 -9.9
v 2 7.6 -10
v 2 7.6 -10.2
v 2 7.6 -11.6
v 2 7.6 -11.7
v 2 7.6 -12
v 2 7.6 -12.2
v 2 7.6 -12.6
v 2 7.6 -12.7
v 2 7.6 -12.8
v 2 7.6 -12.9
v 1.9 7.6 -3.4
v 1.9 7.6 -3.6
v 1.9 7.6 -6.8
v 1.9 7.6 -6.9
v 1.9 7.6 -7
v 1.9 7.6 -7.3
v 1.9 7.6 -9.1
v 1.9 7.6 -9.3
v 1.9 7.6 -9.9
v 1.9 7.6 -10.1
v 1.9 7.6 -10.2
v 1.9 7.6 -10.4
v 1.9 7.6 -11.4
v 1.9 7.6 -11.6
v 1.9 7.6 -11.8
v 1.9 7.6 -12
v 1.9 7.6 -12.5
v 1.9 7.6 -12.6
v 1.9 7.6 -12.7
v 1.9 7.6 -12.8
v 1.8 7.6 -3.4
v 1.8 7.6 -3.5
v 1.8 7.6 -3.6
v 1.8 7.6 -3.7
v 1.8 7.6 -6.9
v 1.8 7.6 -7
v 1.8 7.6 -9.5
v 1.8 7.6 -9.6
v 1.8 7.6 -10.1
v 1.8 7.6 -10.2
v 1.8 7.6 -11.1
v 1.8 7.6 -11.4
v 1.8 7.6 -11.5
v 1.8 7.6 -11.8
v 1.8 7.6 -12.4
v 1.8 7.6 -12.5
v 1.8 7.6 -12.6
v 1.8 7.6 -12.7
v 1.8 7.6 -13.5
v 1.8 7.6 -13.9
v 1.7 7.6 -3.5
v 1.7 7.6 -3.7
v 1.7 7.6 -4
v 1.7 7.6 -6.6
v 1.7 7.6 -6.8
v 1.7 7.6 -9.4
v 1.7 7.6 -9.5
v 1.7 7.6 -10.2
v 1.7 7.6 -10.3
v 1.7 7.6 -10.4
v 1.7 7.6 -10.5
v 1.7 7.6 -11.2
v 1.7 7.6 -11.5
v 1.7 7.6 -12.2
v 1.7 7.6 -12.4
v 1.7 7.6 -12.5
v 1.7 7.6 -12.6
v 1.7 7.6 -13.3
v 1.7 7.6 -13.5
v 1.7 7.6 -13.6
v 1.7 7.6 -13.8
v 1.6 7.6 -3.7
v 1.6 7.6 -3.9
v 1.6 7.6 -4
v 1.6 7.6 -4.2
v 1.6 7.6 -4.6
v 1.6 7.6 -5.3
v 1.6 7.6 -6.7
v 1.6 7.6 -6.9
v 1.6 7.6 -9.2
v 1.6 7.6 -9.4
v 1.6 7.6 -9.5
v 1.6 7.6 -9.6
v 1.6 7.6 -10.3
v 1.6 7.6 -10.4
v 1.6 7.6 -11.1
v 1.6 7.6 -11.2
v 1.6 7.6 -11.9
v 1.6 7.6 -12.2
v 1.6 7.6 -12.4
v 1.6 7.6 -12.5
v 1.6 7.6 -13.1
v 1.6 7.6 -13.3
v 1.6 7.6 -13.4
v 1.6 7.6 -13.6
v 1.6 7.6 -13.8
v 1.6 7.6 -13.9
v 1.5 7.6 -3.9
v 1.5 7.6 -4.1
v 1.5 7.6 -4.2
v 1.5 7.6 -4.6
v 1.5 7.6 -4.7
v 1.5 7.6 -5.1
v 1.5 7.6 -5.2
v 1.5 7.6 -5.3
v 1.5 7.6 -5.5
v 1.5 7.6 -5.6
v 1.5 7.6 -6.7
v 1.5 7.6 -6.8
v 1.5 7.6 -8.7
v 1.5 7.6 -9.2
v 1.5 7.6 -9.3
v 1.5 7.6 -9.5
v 1.5 7.6 -10.5
v 1.5 7.6 -10.9
v 1.5 7.6 -11.9
v 1.5 7.6 -12.4
v 1.5 7.6 -13
v 1.5 7.6 -13.1
v 1.5 7.6 -13.2
v 1.5 7.6 -13.4
v 1.4 7.6 -1.6
v 1.4 7.6 -4.1
v 1.4 7.6 -4.7
v 1.4 7.6 -5.1
v 1.4 7.6 -5.2
v 1.4 7.6 -5.5
v 1.4 7.6 -5.6
v 1.4 7.6 -6.6
v 1.4 7.6 -6.8
v 1.4 7.6 -7.6
v 1.4 7.6 -8.3
v 1.4 7.6 -8.7
v 1.4 7.6 -9.3
v 1.4 7.6 -10.4
v 1.4 7.6 -10.9
v 1.4 7.6 -13
v 1.4 7.6 -13.2
v 1.4 7.6 -14.2
v 4.6 7.7 -7.6
v 4.6 7.7 -7.7
v 4.6 7.7 -8.2
v 4.6 7.7 -8.3
v 3.9 7.7 -8.3
v 3.8 7.7 -7.6
v 3.8 7.7 -7.7
v 3.8 7.7 -8.2
v 3.8 7.7 -8.3
v 3.7 7.7 -7.6
v 3.7 7.7 -8.3
v 3.6 7.7 -7.6
v 3.6 7.7 -7.7
v 3.6 7.7 -8.2
v 3.6 7.7 -8.3
v 3.2 7.7 -8.3
v 3.1 7.7 -8.2
v 3.1 7.7 -8.3
v 3 7.7 -8.2
v 3 7.7 -8.3
v 2.4 7.7 -7.6
v 2.4 7.7 -8.3
v 2.3 7.7 -7.6
v 2.3 7.7 -7.7
v 2.3 7.7 -8.2
v 2.3 7.7 -8.3
v 2.2 7.7 -7.6
v 2.2 7.7 -7.7
v 2.2 7.7 -8.2
v 2.2 7.7 -8.3
v 1.4 7.7 -7.6
v 1.4 7.7 -7.7
v 1.4 7.7 -8.2
v 1.4 7.7 -8.3
v 4.6 7.8 -7.7
v 4.6 7.8 -8.2
v 3.8 7.8 -7.7
v 3.8 7.8 -8.1
v 3.8 7.8 -8.2
v 3.7 7.8 -7.7
v 3.7 7.8 -8.1
v 3.6 7.8 -7.7
v 3.6 7.8 -8.2
v 3.1 7.8 -7.9
v 3.1 7.8 -8.1
v 3.1 7.8 -8.2
v 3 7.8 -8.1
v 3 7.8 -8.2
v 2.9 7.8 -7.9
v 2.9 7.8 -8.2
v 2.3 7.8 -7.7
v 2.3 7.8 -8.2
v 2.2 7.8 -7.7
v 2.2 7.8 -8.2
v 1.9 7.8 -7.8
v 1.9 7.8 -8.1
v 1.8 7.8 -7.8
v 1.8 7.8 -8
v 1.8 7.8 -8.1
v 1.8 7.8 -8.2
v 1.7 7.8 -8
v 1.7 7.8 -8.1
v 1.6 7.8 -8.1
v 1.6 7.8 -8.2
v 1.4 7.8 -7.7
v 1.4 7.8 -8.2
v 4.4 7.7 -1.8
v 4.4 7.7 -3.1
v 4.4 7.7 -3.5
v 4.4 7.7 -3.6
v 4.3 7.7 -3
v 4.3 7.7 -3.1
v 4.3 7.7 -3.2
v 4.3 7.7 -3.5
v 4.2 7.7 -2.8
v 4.2 7.7 -3
v 4.2 7.7 -3.1
v 4.2 7.7 -3.2
v 4.1 7.7 -2.6
v 4.1 7.7 -2.8
v 4.1 7.7 -2.9
v 4.1 7.7 -3.1
v 4 7.7 -2.5
v 4 7.7 -2.6
v 4 7.7 -2.7
v 4 7.7 -2.9
v 4 7.7 -3.5
v 4 7.7 -3.6
v 3.9 7.7 -2.6
v 3.9 7.7 -2.7
v 3.9 7.7 -3.1
v 3.9 7.7 -3.5
v 3.9 7.7 -3.6
v 3.8 7.7 -2.4
v 3.8 7.7 -2.5
v 3.8 7.7 -3.2
v 3.8 7.7 -3.5
v 3.7 7.7 -2.3
v 3.7 7.7 -2.4
v 3.7 7.7 -2.5
v 3.7 7.7 -2.6
v 3.7 7.7 -3.1
v 3.7 7.7 -3.2
v 3.6 7.7 -2.2
v 3.6 7.7 -2.3
v 3.6 7.7 -2.4
v 3.6 7.7 -2.5
v 3.4 7.7 -2.1
v 3.4 7.7 -2.2
v 3.4 7.7 -2.3
v 3.4 7.7 -2.4
v 3.3 7.7 -1.9
v 3.3 7.7 -2.1
v 3.3 7.7 -2.3
v 3.2 7.7 -1.8
v 3.2 7.7 -1.9
v 3.2 7.7 -2
v 3.2 7.7 -2.1
v 3.1 7.7 -1.9
v 3.1 7.7 -2
v 3.1 7.7 -3.3
v 3.1 7.7 -3.6
v 3 7.7 -1.8
v 3 7.7 -1.9
v 3 7.7 -2.7
v 3 7.7 -2.8
v 3 7.7 -3
v 3 7.7 -3.3
v 3 7.7 -3.4
v 3 7.7 -3.6
v 2.9 7.7 -2.6
v 2.9 7.7 -2.7
v 2.9 7.7 -2.9
v 2.9 7.7 -3
v 2.9 7.7 -3.1
v 2.9 7.7 -3.4
v 2.9 7.7 -3.6
v 2.8 7.7 -2.4
v 2.8 7.7 -2.6
v 2.8 7.7 -2.7
v 2.8 7.7 -2.8
v 2.8 7.7 -3
v 2.8 7.7 -3.1
v 2.8 7.7 -3.2
v 2.8 7.7 -3.6
v 2.7 7.7 -2.3
v 2.7 7.7 -2.4
v 2.7 7.7 -2.5
v 2.7 7.7 -2.7
v 2.7 7.7 -3.1
v 2.7 7.7 -3.2
v 2.7 7.7 -3.3
v 2.7 7.7 -3.6
v 2.6 7.7 -2.2
v 2.6 7.7 -2.3
v 2.6 7.7 -2.4
v 2.6 7.7 -2.5
v 2.6 7.7 -3.1
v 2.6 7.7 -3.3
v 2.6 7.7 -3.6
v 2.5 7.7 -2.1
v 2.5 7.7 -2.2
v 2.5 7.7 -2.3
v 2.5 7.7 -2.4
v 2.5 7.7 -3
v 2.5 7.7 -3.2
v 2.4 7.7 -1.9
v 2.4 7.7 -2.1
v 2.4 7.7 -2.2
v 2.4 7.7 -2.3
v 2.4 7.7 -2.9
v 2.4 7.7 -3.1
v 2.4 7.7 -3.2
v 2.4 7.7 -3.6
v 2.3 7.7 -1.8
v 2.3 7.7 -1.9
v 2.3 7.7 -2
v 2.3 7.7 -2.2
v 2.3 7.7 -3.1
v 2.3 7.7 -3.6
v 2.2 7.7 -1.8
v 2.2 7.7 -1.9
v 2.2 7.7 -2
v 2.1 7.7 -1.8
v 2.1 7.7 -1.9
v 1.9 7.7 -3.4
v 1.9 7.7 -3.6
v 1.8 7.7 -3.4
v 1.8 7.7 -3.5
v 1.7 7.7 -3.5
v 1.7 7.7 -3.6
v 1.6 7.7 -1.8
v 1.6 7.7 -3.6
v 4.4 7.8 -3.6
v 4.4 7.8 -4.6
v 4.1 7.8 -3.8
v 4.1 7.8 -4.6
v 4 7.8 -3.6
v 4 7.8 -3.8
v 4 7.8 -4
v 4 7.8 -4.6
v 3.9 7.8 -3.6
v 3.9 7.8 -4
v 3.1 7.8 -3.6
v 3.1 7.8 -3.7
v 3 7.8 -3.7
v 3 7.8 -4.1
v 2.9 7.8 -3.6
v 2.9 7.8 -4
v 2.9 7.8 -4.1
v 2.9 7.8 -4.3
v 2.8 7.8 -3.6
v 2.8 7.8 -3.7
v 2.8 7.8 -4
v 2.8 7.8 -4.1
v 2.7 7.8 -3.7
v 2.7 7.8 -3.9
v 2.7 7.8 -4.2
v 2.7 7.8 -4.3
v 2.6 7.8 -3.6
v 2.6 7.8 -3.8
v 2.6 7.8 -3.9
v 2.6 7.8 -4
v 2.5 7.8 -3.8
v 2.5 7.8 -4
v 2.5 7.8 -4.1
v 2.4 7.8 -3.6
v 2.4 7.8 -4
v 2.4 7.8 -4.1
v 2.4 7.8 -4.2
v 2.3 7.8 -3.6
v 2.3 7.8 -4.1
v 2.2 7.8 -4.5
v 2.2 7.8 -4.6
v 2.1 7.8 -3.7
v 2.1 7.8 -3.8
v 2.1 7.8 -4.1
v 2.1 7.8 -4.5
v 2.1 7.8 -4.6
v 2 7.8 -4.1
v 2 7.8 -4.5
v 1.9 7.8 -3.6
v 1.9 7.8 -3.7
v 1.8 7.8 -3.7
v 1.8 7.8 -3.8
v 1.7 7.8 -3.6
v 1.7 7.8 -3.7
v 1.6 7.8 -3.6
v 1.6 7.8 -3.7
v 1.6 7.8 -4.6
v 4.6 7.9 -3.1
v 4.6 7.9 -7.5
v 4.6 7.9 -7.7
v 4.6 7.9 -10
v 4.6 7.9 -10.2
v 4.6 7.9 -12.9
v 4.6 7.9 -13.2
v 4.6 7.9 -14.2
v 4.5 7.9 -7.5
v 4.5 7.9 -7.7
v 4.5 7.9 -10
v 4.5 7.9 -10.2
v 4.5 7.9 -12.9
v 4.5 7.9 -13.1
v 4.5 7.9 -13.2
v 4.5 7.9 -13.4
v 4.4 7.9 -3.1
v 4.4 7.9 -4.6
v 4.4 7.9 -13.1
v 4.4 7.9 -13.3
v 4.4 7.9 -13.4
v 4.4 7.9 -13.6
v 4.3 7.9 -13.3
v 4.3 7.9 -13.5
v 4.3 7.9 -13.6
v 4.3 7.9 -13.9
v 4.2 7.9 -9.2
v 4.2 7.9 -9.4
v 4.2 7.9 -13.5
v 4.2 7.9 -13.8
v 4.2 7.9 -13.9
v 4.2 7.9 -14.1
v 4.1 7.9 -4.6
v 4.1 7.9 -5.2
v 4.1 7.9 -9.1
v 4.1 7.9 -9.2
v 4.1 7.9 -9.4
v 4.1 7.9 -10
v 4.1 7.9 -10.9
v 4.1 7.9 -12.5
v 4.1 7.9 -13.1
v 4.1 7.9 -13.8
v 4.1 7.9 -14
v 4.1 7.9 -14.1
v 4.1 7.9 -14.2
v 4 7.9 -4.6
v 4 7.9 -5.2
v 4 7.9 -5.4
v 4 7.9 -9
v 4 7.9 -9.1
v 4 7.9 -9.2
v 4 7.9 -9.6
v 4 7.9 -10
v 4 7.9 -10.9
v 4 7.9 -11.4
v 4 7.9 -12.2
v 4 7.9 -12.5
v 4 7.9 -12.6
v 4 7.9 -13
v 4 7.9 -13.1
v 4 7.9 -13.2
v 4 7.9 -14
v 4 7.9 -14.1
v 3.9 7.9 -5.2
v 3.9 7.9 -5.4
v 3.9 7.9 -5.6
v 3.9 7.9 -9.5
v 3.9 7.9 -9.6
v 3.9 7.9 -9.7
v 3.9 7.9 -10
v 3.9 7.9 -10.9
v 3.9 7.9 -11.4
v 3.9 7.9 -12.2
v 3.9 7.9 -12.6
v 3.9 7.9 -13
v 3.9 7.9 -13.1
v 3.9 7.9 -13.2
v 3.9 7.9 -13.4
v 3.9 7.9 -14.1
v 3.9 7.9 -14.2
v 3.8 7.9 -5.4
v 3.8 7.9 -5.6
v 3.8 7.9 -5.7
v 3.8 7.9 -8.1
v 3.8 7.9 -8.3
v 3.8 7.9 -8.9
v 3.8 7.9 -9
v 3.8 7.9 -9.1
v 3.8 7.9 -9.6
v 3.8 7.9 -9.7
v 3.8 7.9 -11.4
v 3.8 7.9 -12.2
v 3.8 7.9 -13.1
v 3.8 7.9 -13.3
v 3.7 7.9 -5.6
v 3.7 7.9 -5.7
v 3.7 7.9 -5.9
v 3.7 7.9 -7.7
v 3.7 7.9 -8.1
v 3.7 7.9 -8.2
v 3.7 7.9 -8.3
v 3.7 7.9 -9.4
v 3.7 7.9 -9.5
v 3.7 7.9 -13.3
v 3.7 7.9 -13.4
v 3.7 7.9 -14
v 3.7 7.9 -14.2
v 3.6 7.9 -5.7
v 3.6 7.9 -5.8
v 3.6 7.9 -7.4
v 3.6 7.9 -7.7
v 3.6 7.9 -8.2
v 3.6 7.9 -8.8
v 3.6 7.9 -8.9
v 3.6 7.9 -9.3
v 3.6 7.9 -9.4
v 3.6 7.9 -9.5
v 3.6 7.9 -9.6
v 3.6 7.9 -9.9
v 3.6 7.9 -10.4
v 3.6 7.9 -13.9
v 3.6 7.9 -14
v 3.6 7.9 -14.1
v 3.6 7.9 -14.2
v 3.5 7.9 -5.8
v 3.5 7.9 -5.9
v 3.5 7.9 -6.1
v 3.5 7.9 -7.2
v 3.5 7.9 -7.4
v 3.5 7.9 -7.5
v 3.5 7.9 -7.7
v 3.5 7.9 -8.5
v 3.5 7.9 -8.8
v 3.5 7.9 -8.9
v 3.5 7.9 -9
v 3.5 7.9 -9.4
v 3.5 7.9 -9.5
v 3.5 7.9 -9.7
v 3.5 7.9 -9.9
v 3.5 7.9 -10
v 3.5 7.9 -10.3
v 3.5 7.9 -10.4
v 3.5 7.9 -10.5
v 3.5 7.9 -13.7
v 3.5 7.9 -13.9
v 3.5 7.9 -14.1
v 3.4 7.9 -5.9
v 3.4 7.9 -6
v 3.4 7.9 -6.1
v 3.4 7.9 -6.2
v 3.4 7.9 -7
v 3.4 7.9 -7.2
v 3.4 7.9 -7.3
v 3.4 7.9 -7.5
v 3.4 7.9 -8.5
v 3.4 7.9 -8.9
v 3.4 7.9 -9.9
v 3.4 7.9 -10
v 3.4 7.9 -10.3
v 3.4 7.9 -10.4
v 3.4 7.9 -14
v 3.4 7.9 -14.2
v 3.3 7.9 -6
v 3.3 7.9 -6.1
v 3.3 7.9 -6.2
v 3.3 7.9 -6.5
v 3.3 7.9 -6.8
v 3.3 7.9 -7
v 3.3 7.9 -7.1
v 3.3 7.9 -7.3
v 3.3 7.9 -9.7
v 3.3 7.9 -9.8
v 3.3 7.9 -9.9
v 3.3 7.9 -10.1
v 3.3 7.9 -14
v 3.3 7.9 -14.2
v 3.2 7.9 -6.1
v 3.2 7.9 -6.4
v 3.2 7.9 -6.5
v 3.2 7.9 -6.8
v 3.2 7.9 -7.1
v 3.2 7.9 -9.4
v 3.2 7.9 -9.6
v 3.2 7.9 -9.8
v 3.2 7.9 -10.1
v 3.2 7.9 -13.7
v 3.2 7.9 -13.8
v 3.2 7.9 -13.9
v 3.2 7.9 -14.2
v 3.1 7.9 -6.4
v 3.1 7.9 -6.8
v 3.1 7.9 -7.9
v 3.1 7.9 -8.1
v 3.1 7.9 -9.3
v 3.1 7.9 -9.5
v 3.1 7.9 -9.6
v 3.1 7.9 -9.7
v 3.1 7.9 -10.3
v 3.1 7.9 -10.4
v 3.1 7.9 -13.8
v 3.1 7.9 -14.2
v 3 7.9 -8.1
v 3 7.9 -8.2
v 3 7.9 -9.5
v 3 7.9 -9.6
v 3 7.9 -9.7
v 3 7.9 -9.8
v 3 7.9 -10.4
v 3 7.9 -10.5
v 3 7.9 -12.4
v 3 7.9 -13.3
v 2.9 7.9 -7.9
v 2.9 7.9 -8.2
v 2.9 7.9 -9.6
v 2.9 7.9 -9.7
v 2.9 7.9 -9.8
v 2.9 7.9 -10.3
v 2.9 7.9 -12.4
v 2.9 7.9 -13.2
v 2.9 7.9 -13.3
v 2.9 7.9 -13.5
v 2.8 7.9 -9.7
v 2.8 7.9 -10.4
v 2.8 7.9 -13.2
v 2.8 7.9 -13.4
v 2.8 7.9 -13.5
v 2.8 7.9 -13.6
v 2.7 7.9 -5.3
v 2.7 7.9 -7
v 2.7 7.9 -13.4
v 2.7 7.9 -13.5
v 2.7 7.9 -13.6
v 2.7 7.9 -13.9
v 2.6 7.9 -5.2
v 2.6 7.9 -5.3
v 2.6 7.9 -5.4
v 2.6 7.9 -7
v 2.6 7.9 -10.8
v 2.6 7.9 -11.6
v 2.6 7.9 -13.5
v 2.6 7.9 -13.8
v 2.6 7.9 -13.9
v 2.6 7.9 -14.2
v 2.5 7.9 -5.1
v 2.5 7.9 -5.2
v 2.5 7.9 -5.3
v 2.5 7.9 -5.4
v 2.5 7.9 -10.5
v 2.5 7.9 -10.8
v 2.5 7.9 -11.6
v 2.5 7.9 -11.8
v 2.5 7.9 -13.8
v 2.5 7.9 -14.2
v 2.4 7.9 -4.9
v 2.4 7.9 -5.1
v 2.4 7.9 -5.2
v 2.4 7.9 -5.3
v 2.4 7.9 -10.3
v 2.4 7.9 -10.5
v 2.4 7.9 -10.6
v 2.4 7.9 -10.8
v 2.4 7.9 -11.6
v 2.4 7.9 -11.7
v 2.4 7.9 -11.8
v 2.4 7.9 -12
v 2.3 7.9 -4.8
v 2.3 7.9 -4.9
v 2.3 7.9 -5
v 2.3 7.9 -5.2
v 2.3 7.9 -6.8
v 2.3 7.9 -8.5
v 2.3 7.9 -10.1
v 2.3 7.9 -10.3
v 2.3 7.9 -10.6
v 2.3 7.9 -11.7
v 2.3 7.9 -11.9
v 2.3 7.9 -12
v 2.3 7.9 -12.1
v 2.2 7.9 -4.6
v 2.2 7.9 -4.8
v 2.2 7.9 -4.9
v 2.2 7.9 -5
v 2.2 7.9 -5.7
v 2.2 7.9 -6.2
v 2.2 7.9 -6.8
v 2.2 7.9 -8.5
v 2.2 7.9 -9
v 2.2 7.9 -10
v 2.2 7.9 -10.1
v 2.2 7.9 -10.2
v 2.2 7.9 -10.3
v 2.2 7.9 -11.9
v 2.2 7.9 -12.1
v 2.2 7.9 -12.3
v 2.1 7.9 -4.6
v 2.1 7.9 -4.9
v 2.1 7.9 -5.6
v 2.1 7.9 -5.7
v 2.1 7.9 -5.8
v 2.1 7.9 -6.1
v 2.1 7.9 -6.2
v 2.1 7.9 -6.3
v 2.1 7.9 -8.5
v 2.1 7.9 -8.9
v 2.1 7.9 -9
v 2.1 7.9 -10
v 2.1 7.9 -10.2
v 2.1 7.9 -12.1
v 2.1 7.9 -12.2
v 2.1 7.9 -12.3
v 2.1 7.9 -13
v 2 7.9 -5.7
v 2 7.9 -5.8
v 2 7.9 -6.1
v 2 7.9 -6.2
v 2 7.9 -6.3
v 2 7.9 -6.4
v 2 7.9 -8.9
v 2 7.9 -10
v 2 7.9 -12.2
v 2 7.9 -12.9
v 2 7.9 -13
v 2 7.9 -13.5
v 1.9 7.9 -6
v 1.9 7.9 -6.1
v 1.9 7.9 -6.2
v 1.9 7.9 -6.3
v 1.9 7.9 -7.8
v 1.9 7.9 -8.1
v 1.9 7.9 -12.9
v 1.9 7.9 -13.4
v 1.9 7.9 -13.5
v 1.9 7.9 -13.6
v 1.8 7.9 -5.7
v 1.8 7.9 -5.8
v 1.8 7.9 -6.4
v 1.8 7.9 -6.5
v 1.8 7.9 -7.8
v 1.8 7.9 -8
v 1.8 7.9 -8.1
v 1.8 7.9 -8.2
v 1.8 7.9 -13.4
v 1.8 7.9 -13.6
v 1.7 7.9 -5.6
v 1.7 7.9 -5.7
v 1.7 7.9 -5.8
v 1.7 7.9 -6
v 1.7 7.9 -6.3
v 1.7 7.9 -6.4
v 1.7 7.9 -8
v 1.7 7.9 -8.1
v 1.7 7.9 -8.2
v 1.7 7.9 -8.3
v 1.6 7.9 -3.1
v 1.6 7.9 -3.4
v 1.6 7.9 -3.7
v 1.6 7.9 -4.6
v 1.6 7.9 -5.7
v 1.6 7.9 -5.8
v 1.6 7.9 -6
v 1.6 7.9 -6.1
v 1.6 7.9 -6.5
v 1.6 7.9 -6.6
v 1.6 7.9 -8.1
v 1.6 7.9 -8.2
v 1.6 7.9 -8.3
v 1.6 7.9 -8.4
v 1.5 7.9 -3.1
v 1.5 7.9 -3.4
v 1.5 7.9 -3.5
v 1.5 7.9 -3.7
v 1.5 7.9 -5.2
v 1.5 7.9 -5.5
v 1.5 7.9 -5.8
v 1.5 7.9 -6
v 1.5 7.9 -6.4
v 1.5 7.9 -6.5
v 1.5 7.9 -6.6
v 1.5 7.9 -6.7
v 1.5 7.9 -8.2
v 1.5 7.9 -8.3
v 1.5 7.9 -8.4
v 1.5 7.9 -8.6
v 1.5 7.9 -11.1
v 1.5 7.9 -11.3
v 1.4 7.9 -3.1
v 1.4 7.9 -3.5
v 1.4 7.9 -5.2
v 1.4 7.9 -5.5
v 1.4 7.9 -6.5
v 1.4 7.9 -6.7
v 1.4 7.9 -8.3
v 1.4 7.9 -8.6
v 1.4 7.9 -11.1
v 1.4 7.9 -11.3
v 1.4 7.9 -14.2
v 4.6 9.1 -1.6
v 4.6 9.1 -3.1
v 4.4 9.1 -1.8
v 4.4 9.1 -3.1
v 3.5 9.1 -1.6
v 3.5 9.1 -1.8
v 3.4 9.1 -1.6
v 3.4 9.1 -1.7
v 3.3 9.1 -1.7
v 3.3 9.1 -1.8
v 2.4 9.1 -1.7
v 2.4 9.1 -1.8
v 2.3 9.1 -1.6
v 2.3 9.1 -1.7
v 2.2 9.1 -1.7
v 2.2 9.1 -1.8
v 2.1 9.1 -1.6
v 2.1 9.1 -1.7
v 1.7 9.1 -1.7
v 1.7 9.1 -1.8
v 1.6 9.1 -1.6
v 1.6 9.1 -1.7
v 1.6 9.1 -1.8
v 1.6 9.1 -2.1
v 1.6 9.1 -2.7
v 1.6 9.1 -3.1
v 1.5 9.1 -1.6
v 1.5 9.1 -1.8
v 1.5 9.1 -2.1
v 1.5 9.1 -2.7
v 1.4 9.1 -1.6
v 1.4 9.1 -3.1

# faces
f 3/1/1 2/1/1 1/1/1
f 4/1/1 2/1/1 3/1/1
f 5/1/1 2/1/1 4/1/1
f 6/1/1 2/1/1 5/1/1
f 7/1/1 2/1/1 6/1/1
f 8/1/1 2/1/1 7/1/1
f 9/1/1 3/1/1 1/1/1
f 9/2/1 4/2/1 3/2/1
f 10/2/1 4/2/1 9/2/1
f 11/1/1 5/1/1 4/1/1
f 12/2/1 6/2/1 5/2/1
f 12/1/1 5/1/1 11/1/1
f 13/2/1 6/2/1 12/2/1
f 14/2/1 6/2/1 13/2/1
f 15/1/1 7/1/1 6/1/1
f 15/2/1 6/2/1 14/2/1
f 16/1/1 7/1/1 15/1/1
f 17/1/1 2/1/1 8/1/1
f 17/2/1 8/2/1 7/2/1
f 18/1/1 2/1/1 17/1/1
f 19/1/1 11/1/1 4/1/1
f 20/2/1 12/2/1 11/2/1
f 20/1/1 11/1/1 19/1/1
f 20/2/1 13/2/1 12/2/1
f 21/2/1 13/2/1 20/2/1
f 22/1/1 14/1/1 13/1/1
f 22/2/1 13/2/1 21/2/1
f 23/2/1 16/2/1 15/2/1
f 23/1/1 14/1/1 22/1/1
f 23/2/1 15/2/1 14/2/1
f 24/2/1 16/2/1 23/2/1
f 25/1/1 7/1/1 16/1/1
f 25/2/1 18/2/1 17/2/1
f 25/2/1 17/2/1 7/2/1
f 26/2/1 18/2/1 25/2/1
f 27/1/1 2/1/1 18/1/1
f 27/2/1 18/2/1 26/2/1
f 28/1/1 2/1/1 27/1/1
f 29/2/1 4/2/1 10/2/1
f 29/1/1 19/1/1 4/1/1
f 30/1/1 19/1/1 29/1/1
f 31/2/1 21/2/1 20/2/1
f 31/2/1 20/2/1 19/2/1
f 32/1/1 22/1/1 21/1/1
f 32/2/1 21/2/1 31/2/1
f 32/1/1 24/1/1 23/1/1
f 32/1/1 23/1/1 22/1/1
f 33/2/1 16/2/1 24/2/1
f 33/1/1 26/1/1 25/1/1
f 33/1/1 25/1/1 16/1/1
f 34/1/1 26/1/1 33/1/1
f 35/2/1 28/2/1 27/2/1
f 35/1/1 26/1/1 34/1/1
f 35/2/1 27/2/1 26/2/1
f 36/2/1 28/2/1 35/2/1
f 37/1/1 2/1/1 28/1/1
f 37/2/1 28/2/1 36/2/1
f 38/1/1 2/1/1 37/1/1
f 39/1/1 10/1/1 9/1/1
f 39/2/1 29/2/1 10/2/1
f 39/2/1 30/2/1 29/2/1
f 40/2/1 30/2/1 39/2/1
f 41/1/1 24/1/1 32/1/1
f 41/1/1 32/1/1 31/1/1
f 42/1/1 24/1/1 41/1/1
f 43/2/1 34/2/1 33/2/1
f 43/1/1 24/1/1 42/1/1
f 43/2/1 33/2/1 24/2/1
f 44/2/1 34/2/1 43/2/1
f 45/1/1 36/1/1 35/1/1
f 45/2/1 38/2/1 37/2/1
f 45/2/1 37/2/1 36/2/1
f 45/1/1 35/1/1 34/1/1
f 46/2/1 38/2/1 45/2/1
f 47/2/1 42/2/1 41/2/1
f 48/2/1 42/2/1 47/2/1
f 49/1/1 44/1/1 43/1/1
f 49/2/1 42/2/1 48/2/1
f 49/1/1 43/1/1 42/1/1
f 50/1/1 44/1/1 49/1/1
f 51/2/1 30/2/1 40/2/1
f 51/1/1 19/1/1 30/1/1
f 52/1/1 19/1/1 51/1/1
f 53/2/1 31/2/1 19/2/1
f 53/1/1 41/1/1 31/1/1
f 54/1/1 41/1/1 53/1/1
f 55/2/1 50/2/1 49/2/1
f 55/1/1 48/1/1 47/1/1
f 55/2/1 49/2/1 48/2/1
f 56/2/1 50/2/1 55/2/1
f 57/2/1 34/2/1 44/2/1
f 57/1/1 45/1/1 34/1/1
f 57/1/1 46/1/1 45/1/1
f 58/1/1 46/1/1 57/1/1
f 59/1/1 40/1/1 39/1/1
f 59/2/1 52/2/1 51/2/1
f 59/2/1 51/2/1 40/2/1
f 60/2/1 52/2/1 59/2/1
f 61/1/1 19/1/1 52/1/1
f 61/2/1 54/2/1 53/2/1
f 61/2/1 53/2/1 19/2/1
f 62/2/1 54/2/1 61/2/1
f 63/2/1 47/2/1 41/2/1
f 63/1/1 56/1/1 55/1/1
f 63/1/1 55/1/1 47/1/1
f 64/1/1 56/1/1 63/1/1
f 65/1/1 44/1/1 50/1/1
f 65/2/1 58/2/1 57/2/1
f 65/2/1 57/2/1 44/2/1
f 66/2/1 58/2/1 65/2/1
f 67/2/1 52/2/1 60/2/1
f 67/1/1 62/1/1 61/1/1
f 67/1/1 61/1/1 52/1/1
f 68/1/1 62/1/1 67/1/1
f 69/1/1 41/1/1 54/1/1
f 69/2/1 54/2/1 62/2/1
f 70/2/1 64/2/1 63/2/1
f 70/1/1 41/1/1 69/1/1
f 70/2/1 63/2/1 41/2/1
f 71/2/1 64/2/1 70/2/1
f 72/1/1 56/1/1 64/1/1
f 72/2/1 50/2/1 56/2/1
f 73/1/1 66/1/1 65/1/1
f 73/2/1 50/2/1 72/2/1
f 73/1/1 65/1/1 50/1/1
f 74/1/1 66/1/1 73/1/1
f 75/2/1 58/2/1 66/2/1
f 75/1/1 46/1/1 58/1/1
f 76/1/1 46/1/1 75/1/1
f 77/1/1 9/1/1 1/1/1
f 77/1/1 60/1/1 59/1/1
f 77/1/1 39/1/1 9/1/1
f 77/1/1 59/1/1 39/1/1
f 78/1/1 60/1/1 77/1/1
f 79/2/1 68/2/1 67/2/1
f 79/1/1 60/1/1 78/1/1
f 79/2/1 67/2/1 60/2/1
f 80/2/1 68/2/1 79/2/1
f 81/1/1 62/1/1 68/1/1
f 81/2/1 68/2/1 80/2/1
f 82/1/1 62/1/1 81/1/1
f 83/2/1 69/2/1 62/2/1
f 83/1/1 62/1/1 82/1/1
f 83/2/1 70/2/1 69/2/1
f 84/2/1 70/2/1 83/2/1
f 85/1/1 71/1/1 70/1/1
f 85/2/1 70/2/1 84/2/1
f 86/2/1 64/2/1 71/2/1
f 86/1/1 71/1/1 85/1/1
f 87/1/1 72/1/1 64/1/1
f 87/2/1 64/2/1 86/2/1
f 87/1/1 73/1/1 72/1/1
f 88/1/1 73/1/1 87/1/1
f 89/2/1 74/2/1 73/2/1
f 89/1/1 73/1/1 88/1/1
f 90/1/1 66/1/1 74/1/1
f 90/2/1 76/2/1 75/2/1
f 90/2/1 75/2/1 66/2/1
f 91/2/1 76/2/1 90/2/1
f 92/1/1 46/1/1 76/1/1
f 93/1/1 46/1/1 92/1/1
f 94/2/1 78/2/1 77/2/1
f 95/1/1 80/1/1 79/1/1
f 95/2/1 78/2/1 94/2/1
f 95/1/1 79/1/1 78/1/1
f 96/2/1 82/2/1 81/2/1
f 96/1/1 80/1/1 95/1/1
f 96/2/1 81/2/1 80/2/1
f 97/2/1 82/2/1 96/2/1
f 98/1/1 84/1/1 83/1/1
f 98/2/1 82/2/1 97/2/1
f 98/1/1 83/1/1 82/1/1
f 99/1/1 84/1/1 98/1/1
f 100/2/1 85/2/1 84/2/1
f 100/1/1 88/1/1 87/1/1
f 100/1/1 87/1/1 86/1/1
f 100/2/1 86/2/1 85/2/1
f 101/1/1 88/1/1 100/1/1
f 102/1/1 46/1/1 93/1/1
f 102/2/1 93/2/1 92/2/1
f 103/1/1 46/1/1 102/1/1
f 104/1/1 97/1/1 96/1/1
f 104/2/1 99/2/1 98/2/1
f 104/1/1 95/1/1 94/1/1
f 104/2/1 98/2/1 97/2/1
f 104/1/1 96/1/1 95/1/1
f 105/2/1 99/2/1 104/2/1
f 106/1/1 84/1/1 99/1/1
f 106/2/1 99/2/1 105/2/1
f 107/1/1 84/1/1 106/1/1
f 108/2/1 100/2/1 84/2/1
f 108/1/1 84/1/1 107/1/1
f 108/2/1 101/2/1 100/2/1
f 109/2/1 101/2/1 108/2/1
f 110/1/1 88/1/1 101/1/1
f 110/2/1 101/2/1 109/2/1
f 111/2/1 89/2/1 88/2/1
f 111/1/1 88/1/1 110/1/1
f 112/2/1 74/2/1 89/2/1
f 112/2/1 89/2/1 111/2/1
f 113/1/1 91/1/1 90/1/1
f 113/2/1 74/2/1 112/2/1
f 113/1/1 90/1/1 74/1/1
f 114/2/1 103/2/1 102/2/1
f 114/2/1 102/2/1 92/2/1
f 114/1/1 92/1/1 76/1/1
f 115/2/1 103/2/1 114/2/1
f 116/1/1 105/1/1 104/1/1
f 116/2/1 107/2/1 106/2/1
f 116/2/1 106/2/1 105/2/1
f 117/2/1 107/2/1 116/2/1
f 118/1/1 109/1/1 108/1/1
f 118/2/1 107/2/1 117/2/1
f 118/1/1 108/1/1 107/1/1
f 119/1/1 109/1/1 118/1/1
f 120/2/1 111/2/1 110/2/1
f 120/1/1 109/1/1 119/1/1
f 120/2/1 110/2/1 109/2/1
f 120/2/1 112/2/1 111/2/1
f 121/1/1 113/1/1 112/1/1
f 121/2/1 112/2/1 120/2/1
f 122/2/1 119/2/1 118/2/1
f 122/2/1 118/2/1 117/2/1
f 122/1/1 117/1/1 116/1/1
f 123/2/1 119/2/1 122/2/1
f 124/2/1 76/2/1 91/2/1
f 124/1/1 115/1/1 114/1/1
f 124/1/1 114/1/1 76/1/1
f 125/1/1 115/1/1 124/1/1
f 126/1/1 123/1/1 122/1/1
f 126/1/1 122/1/1 116/1/1
f 126/1/1 104/1/1 94/1/1
f 126/1/1 116/1/1 104/1/1
f 127/2/1 119/2/1 123/2/1
f 127/1/1 123/1/1 126/1/1
f 128/1/1 121/1/1 120/1/1
f 128/2/1 119/2/1 127/2/1
f 128/1/1 120/1/1 119/1/1
f 129/1/1 113/1/1 121/1/1
f 129/1/1 121/1/1 128/1/1
f 129/1/1 91/1/1 113/1/1
f 129/2/1 125/2/1 124/2/1
f 129/2/1 124/2/1 91/2/1
f 130/1/1 115/1/1 125/1/1
f 130/2/1 125/2/1 129/2/1
f 131/2/1 103/2/1 115/2/1
f 131/1/1 115/1/1 130/1/1
f 132/1/1 46/1/1 103/1/1
f 132/2/1 103/2/1 131/2/1
f 133/1/1 46/1/1 132/1/1
f 148/1/1 135/1/1 134/1/1
f 149/2/1 136/2/1 135/2/1
f 149/1/1 135/1/1 148/1/1
f 150/1/1 137/1/1 136/1/1
f 150/2/1 136/2/1 149/2/1
f 151/2/1 138/2/1 137/2/1
f 151/1/1 137/1/1 150/1/1
f 151/2/1 139/2/1 138/2/1
f 152/1/1 140/1/1 139/1/1
f 152/2/1 139/2/1 151/2/1
f 153/2/1 141/2/1 140/2/1
f 153/1/1 140/1/1 152/1/1
f 153/2/1 142/2/1 141/2/1
f 154/1/1 143/1/1 142/1/1
f 154/2/1 142/2/1 153/2/1
f 155/2/1 144/2/1 143/2/1
f 155/1/1 143/1/1 154/1/1
f 156/1/1 145/1/1 144/1/1
f 156/2/1 144/2/1 155/2/1
f 157/2/1 146/2/1 145/2/1
f 157/1/1 145/1/1 156/1/1
f 158/1/1 147/1/1 146/1/1
f 158/2/1 146/2/1 157/2/1
f 159/1/1 147/1/1 158/1/1
f 166/1/1 161/1/1 160/1/1
f 167/2/1 162/2/1 161/2/1
f 167/1/1 161/1/1 166/1/1
f 168/1/1 163/1/1 162/1/1
f 168/2/1 162/2/1 167/2/1
f 169/2/1 164/2/1 163/2/1
f 169/1/1 163/1/1 168/1/1
f 170/1/1 165/1/1 164/1/1
f 170/2/1 164/2/1 169/2/1
f 171/1/1 165/1/1 170/1/1
f 180/1/1 173/1/1 172/1/1
f 181/2/1 174/2/1 173/2/1
f 181/1/1 173/1/1 180/1/1
f 182/1/1 175/1/1 174/1/1
f 182/2/1 174/2/1 181/2/1
f 183/2/1 176/2/1 175/2/1
f 183/1/1 175/1/1 182/1/1
f 184/1/1 177/1/1 176/1/1
f 184/2/1 176/2/1 183/2/1
f 185/1/1 177/1/1 184/1/1
f 186/2/1 178/2/1 177/2/1
f 186/1/1 177/1/1 185/1/1
f 187/1/1 179/1/1 178/1/1
f 187/2/1 178/2/1 186/2/1
f 188/1/1 179/1/1 187/1/1
f 189/1/1 179/1/1 188/1/1
f 190/1/1 179/1/1 189/1/1
f 199/1/1 192/1/1 191/1/1
f 200/2/1 193/2/1 192/2/1
f 200/1/1 192/1/1 199/1/1
f 201/2/1 193/2/1 200/2/1
f 202/1/1 194/1/1 193/1/1
f 202/2/1 193/2/1 201/2/1
f 203/1/1 194/1/1 202/1/1
f 204/2/1 195/2/1 194/2/1
f 204/1/1 194/1/1 203/1/1
f 205/1/1 196/1/1 195/1/1
f 205/2/1 195/2/1 204/2/1
f 206/1/1 196/1/1 205/1/1
f 207/2/1 197/2/1 196/2/1
f 207/1/1 196/1/1 206/1/1
f 208/2/1 197/2/1 207/2/1
f 209/1/1 198/1/1 197/1/1
f 209/2/1 197/2/1 208/2/1
f 210/1/1 198/1/1 209/1/1
f 211/1/2 212/1/2 218/1/2
f 212/1/2 213/1/2 218/1/2
f 213/1/2 214/1/2 218/1/2
f 214/1/2 215/1/2 218/1/2
f 218/1/2 215/1/2 219/1/2
f 219/1/2 215/1/2 220/1/2
f 215/2/2 216/2/2 221/2/2
f 220/1/2 215/1/2 221/1/2
f 218/2/2 219/2/2 222/2/2
f 219/1/2 220/1/2 223/1/2
f 222/2/2 219/2/2 223/2/2
f 221/2/2 216/2/2 224/2/2
f 220/2/2 221/2/2 224/2/2
f 216/1/2 217/1/2 225/1/2
f 224/2/2 216/2/2 225/2/2
f 211/1/2 218/1/2 226/1/2
f 218/2/2 222/2/2 227/2/2
f 226/1/2 218/1/2 227/1/2
f 222/1/2 223/1/2 228/1/2
f 227/2/2 222/2/2 228/2/2
f 223/1/2 220/1/2 229/1/2
f 228/1/2 223/1/2 229/1/2
f 220/2/2 224/2/2 230/2/2
f 229/1/2 220/1/2 230/1/2
f 229/2/2 230/2/2 231/2/2
f 230/2/2 224/2/2 231/2/2
f 224/1/2 225/1/2 232/1/2
f 231/2/2 224/2/2 232/2/2
f 211/1/2 226/1/2 233/1/2
f 226/2/2 227/2/2 234/2/2
f 233/1/2 226/1/2 234/1/2
f 232/1/2 225/1/2 235/1/2
f 225/1/2 217/1/2 235/1/2
f 231/1/2 232/1/2 235/1/2
f 235/1/2 217/1/2 236/1/2
f 234/2/2 227/2/2 237/2/2
f 233/2/2 234/2/2 237/2/2
f 228/1/2 229/1/2 238/1/2
f 237/2/2 227/2/2 238/2/2
f 227/1/2 228/1/2 238/1/2
f 211/1/2 233/1/2 239/1/2
f 233/2/2 237/2/2 240/2/2
f 239/1/2 233/1/2 240/1/2
f 231/1/2 235/1/2 241/1/2
f 229/2/2 231/2/2 241/2/2
f 241/1/2 235/1/2 242/1/2
f 235/2/2 236/2/2 243/2/2
f 211/1/2 239/1/2 244/1/2
f 239/2/2 240/2/2 245/2/2
f 244/1/2 239/1/2 245/1/2
f 240/2/2 237/2/2 246/2/2
f 245/2/2 240/2/2 246/2/2
f 237/1/2 238/1/2 246/1/2
f 238/1/2 229/1/2 247/1/2
f 246/1/2 238/1/2 247/1/2
f 229/2/2 241/2/2 247/2/2
f 241/2/2 242/2/2 247/2/2
f 242/1/2 235/1/2 248/1/2
f 247/2/2 242/2/2 248/2/2
f 235/2/2 243/2/2 249/2/2
f 248/1/2 235/1/2 249/1/2
f 249/2/2 243/2/2 250/2/2
f 253/1/2 254/1/2 256/1/2
f 254/2/2 255/2/2 256/2/2
f 256/2/2 255/2/2 257/2/2
f 253/1/2 256/1/2 258/1/2
f 256/1/2 257/1/2 258/1/2
f 258/1/2 257/1/2 259/1/2
f 258/2/2 259/2/2 260/2/2
f 259/1/2 257/1/2 261/1/2
f 260/2/2 259/2/2 261/2/2
f 251/1/2 252/1/2 262/1/2
f 262/1/2 252/1/2 263/1/2
f 260/1/2 261/1/2 264/1/2
f 261/1/2 257/1/2 265/1/2
f 264/1/2 261/1/2 265/1/2
f 266/1/2 267/1/2 272/1/2
f 267/2/2 268/2/2 273/2/2
f 272/1/2 267/1/2 273/1/2
f 268/1/2 269/1/2 274/1/2
f 273/2/2 268/2/2 274/2/2
f 274/1/2 269/1/2 275/1/2
f 269/2/2 270/2/2 276/2/2
f 275/1/2 269/1/2 276/1/2
f 276/2/2 270/2/2 277/2/2
f 270/1/2 271/1/2 278/1/2
f 277/2/2 270/2/2 278/2/2
f 278/1/2 271/1/2 279/1/2
f 280/1/2 281/1/2 286/1/2
f 281/2/2 282/2/2 287/2/2
f 286/1/2 281/1/2 287/1/2
f 287/2/2 282/2/2 288/2/2
f 282/1/2 283/1/2 289/1/2
f 288/2/2 282/2/2 289/2/2
f 283/2/2 284/2/2 290/2/2
f 289/1/2 283/1/2 290/1/2
f 284/1/2 285/1/2 291/1/2
f 290/2/2 284/2/2 291/2/2
f 291/1/2 285/1/2 292/1/2
f 293/1/2 294/1/2 299/1/2
f 294/2/2 295/2/2 300/2/2
f 299/1/2 294/1/2 300/1/2
f 295/1/2 296/1/2 301/1/2
f 300/2/2 295/2/2 301/2/2
f 301/1/2 296/1/2 302/1/2
f 296/2/2 297/2/2 303/2/2
f 297/1/2 298/1/2 304/1/2
f 303/2/2 297/2/2 304/2/2
f 293/1/2 299/1/2 305/1/2
f 305/1/2 299/1/2 306/1/2
f 306/1/2 299/1/2 307/1/2
f 299/2/2 300/2/2 308/2/2
f 307/1/2 299/1/2 308/1/2
f 300/1/2 301/1/2 309/1/2
f 308/2/2 300/2/2 309/2/2
f 309/1/2 301/1/2 310/1/2
f 293/1/2 305/1/2 311/1/2
f 305/2/2 306/2/2 312/2/2
f 311/1/2 305/1/2 312/1/2
f 306/1/2 307/1/2 313/1/2
f 312/2/2 306/2/2 313/2/2
f 307/2/2 308/2/2 314/2/2
f 313/1/2 307/1/2 314/1/2
f 308/1/2 309/1/2 315/1/2
f 314/2/2 308/2/2 315/2/2
f 309/2/2 310/2/2 316/2/2
f 315/1/2 309/1/2 316/1/2
f 310/1/2 301/1/2 317/1/2
f 316/2/2 310/2/2 317/2/2
f 301/2/2 302/2/2 318/2/2
f 317/1/2 301/1/2 318/1/2
f 302/1/2 296/1/2 319/1/2
f 318/2/2 302/2/2 319/2/2
f 296/2/2 303/2/2 320/2/2
f 319/1/2 296/1/2 320/1/2
f 303/1/2 304/1/2 321/1/2
f 320/2/2 303/2/2 321/2/2
f 304/1/2 298/1/2 322/1/2
f 321/1/2 304/1/2 322/1/2
f 327/1/3 324/1/3 323/1/3
f 328/2/3 325/2/3 324/2/3
f 328/1/3 324/1/3 327/1/3
f 329/1/3 327/1/3 323/1/3
f 330/2/3 328/2/3 327/2/3
f 330/1/3 327/1/3 329/1/3
f 331/2/3 325/2/3 328/2/3
f 331/2/3 328/2/3 330/2/3
f 332/1/3 326/1/3 325/1/3
f 332/2/3 325/2/3 331/2/3
f 333/1/3 329/1/3 323/1/3
f 334/2/3 331/2/3 330/2/3
f 334/1/3 329/1/3 333/1/3
f 334/2/3 330/2/3 329/2/3
f 335/2/3 331/2/3 334/2/3
f 336/1/3 332/1/3 331/1/3
f 336/2/3 331/2/3 335/2/3
f 337/1/3 333/1/3 323/1/3
f 338/2/3 335/2/3 334/2/3
f 338/1/3 333/1/3 337/1/3
f 338/2/3 334/2/3 333/2/3
f 339/2/3 335/2/3 338/2/3
f 340/1/3 336/1/3 335/1/3
f 340/2/3 335/2/3 339/2/3
f 341/1/3 337/1/3 323/1/3
f 342/2/3 339/2/3 338/2/3
f 342/1/3 337/1/3 341/1/3
f 342/2/3 338/2/3 337/2/3
f 343/2/3 339/2/3 342/2/3
f 344/1/3 340/1/3 339/1/3
f 344/2/3 339/2/3 343/2/3
f 345/1/3 336/1/3 340/1/3
f 345/1/3 340/1/3 344/1/3
f 346/1/3 336/1/3 345/1/3
f 347/2/3 343/2/3 342/2/3
f 347/2/3 342/2/3 341/2/3
f 348/1/3 344/1/3 343/1/3
f 348/2/3 343/2/3 347/2/3
f 348/1/3 345/1/3 344/1/3
f 349/1/3 345/1/3 348/1/3
f 350/2/3 346/2/3 345/2/3
f 350/1/3 345/1/3 349/1/3
f 351/1/3 336/1/3 346/1/3
f 351/2/3 346/2/3 350/2/3
f 352/1/3 332/1/3 336/1/3
f 352/1/3 336/1/3 351/1/3
f 353/1/3 349/1/3 348/1/3
f 353/1/3 348/1/3 347/1/3
f 354/2/3 351/2/3 350/2/3
f 354/1/3 349/1/3 353/1/3
f 354/2/3 350/2/3 349/2/3
f 354/2/3 352/2/3 351/2/3
f 355/2/3 352/2/3 354/2/3
f 356/2/3 352/2/3 355/2/3
f 357/1/3 332/1/3 352/1/3
f 357/2/3 352/2/3 356/2/3
f 358/1/3 326/1/3 332/1/3
f 358/1/3 332/1/3 357/1/3
f 359/2/3 354/2/3 353/2/3
f 359/2/3 355/2/3 354/2/3
f 360/1/3 356/1/3 355/1/3
f 360/2/3 355/2/3 359/2/3
f 361/1/3 356/1/3 360/1/3
f 362/2/3 357/2/3 356/2/3
f 362/1/3 356/1/3 361/1/3
f 362/2/3 358/2/3 357/2/3
f 363/2/3 358/2/3 362/2/3
f 364/1/3 361/1/3 360/1/3
f 364/2/3 359/2/3 353/2/3
f 364/1/3 360/1/3 359/1/3
f 365/1/3 361/1/3 364/1/3
f 366/1/3 363/1/3 362/1/3
f 366/2/3 362/2/3 361/2/3
f 367/1/3 363/1/3 366/1/3
f 368/1/3 353/1/3 347/1/3
f 368/2/3 365/2/3 364/2/3
f 368/2/3 364/2/3 353/2/3
f 369/2/3 365/2/3 368/2/3
f 370/1/3 361/1/3 365/1/3
f 370/2/3 367/2/3 366/2/3
f 370/2/3 366/2/3 361/2/3
f 371/1/3 363/1/3 367/1/3
f 371/2/3 367/2/3 370/2/3
f 372/1/3 370/1/3 365/1/3
f 372/2/3 365/2/3 369/2/3
f 372/1/3 371/1/3 370/1/3
f 373/1/3 371/1/3 372/1/3
f 374/1/3 363/1/3 371/1/3
f 374/1/3 371/1/3 373/1/3
f 375/2/3 358/2/3 363/2/3
f 375/1/3 363/1/3 374/1/3
f 376/2/3 347/2/3 341/2/3
f 376/1/3 368/1/3 347/1/3
f 376/1/3 369/1/3 368/1/3
f 377/1/3 369/1/3 376/1/3
f 378/2/3 373/2/3 372/2/3
f 378/1/3 369/1/3 377/1/3
f 378/2/3 372/2/3 369/2/3
f 379/2/3 373/2/3 378/2/3
f 380/1/3 374/1/3 373/1/3
f 380/2/3 373/2/3 379/2/3
f 381/2/3 375/2/3 374/2/3
f 381/1/3 374/1/3 380/1/3
f 382/2/3 358/2/3 375/2/3
f 382/2/3 375/2/3 381/2/3
f 383/1/3 326/1/3 358/1/3
f 383/2/3 358/2/3 382/2/3
f 384/2/3 377/2/3 376/2/3
f 384/2/3 376/2/3 341/2/3
f 385/2/3 377/2/3 384/2/3
f 386/2/3 381/2/3 380/2/3
f 386/1/3 379/1/3 378/1/3
f 386/2/3 380/2/3 379/2/3
f 386/2/3 382/2/3 381/2/3
f 386/1/3 378/1/3 377/1/3
f 387/1/3 383/1/3 382/1/3
f 387/2/3 382/2/3 386/2/3
f 388/1/3 386/1/3 377/1/3
f 388/1/3 387/1/3 386/1/3
f 389/1/3 326/1/3 383/1/3
f 389/1/3 387/1/3 388/1/3
f 389/1/3 383/1/3 387/1/3
f 390/1/3 385/1/3 384/1/3
f 391/2/3 377/2/3 385/2/3
f 391/1/3 385/1/3 390/1/3
f 392/2/3 391/2/3 390/2/3
f 392/2/3 377/2/3 391/2/3
f 393/1/3 388/1/3 377/1/3
f 393/2/3 377/2/3 392/2/3
f 394/2/3 392/2/3 390/2/3
f 395/1/3 393/1/3 392/1/3
f 395/2/3 392/2/3 394/2/3
f 396/1/3 395/1/3 394/1/3
f 397/1/3 393/1/3 395/1/3
f 397/1/3 395/1/3 396/1/3
f 398/2/3 397/2/3 396/2/3
f 398/1/3 393/1/3 397/1/3
f 399/1/3 388/1/3 393/1/3
f 399/1/3 393/1/3 398/1/3
f 400/2/3 398/2/3 396/2/3
f 400/2/3 399/2/3 398/2/3
f 401/2/3 399/2/3 400/2/3
f 402/1/3 388/1/3 399/1/3
f 402/2/3 399/2/3 401/2/3
f 403/1/3 388/1/3 402/1/3
f 404/1/3 401/1/3 400/1/3
f 405/2/3 402/2/3 401/2/3
f 405/1/3 401/1/3 404/1/3
f 405/2/3 403/2/3 402/2/3
f 406/2/3 403/2/3 405/2/3
f 407/1/3 406/1/3 405/1/3
f 408/2/3 403/2/3 406/2/3
f 408/1/3 406/1/3 407/1/3
f 409/2/3 403/2/3 408/2/3
f 411/1/3 409/1/3 408/1/3
f 413/1/3 411/1/3 410/1/3
f 414/1/3 409/1/3 411/1/3
f 414/1/3 413/1/3 412/1/3
f 414/1/3 411/1/3 413/1/3
f 415/1/3 409/1/3 414/1/3
f 416/1/3 414/1/3 412/1/3
f 417/2/3 415/2/3 414/2/3
f 417/1/3 414/1/3 416/1/3
f 418/1/3 416/1/3 412/1/3
f 419/2/3 417/2/3 416/2/3
f 419/1/3 416/1/3 418/1/3
f 420/2/3 415/2/3 417/2/3
f 420/2/3 417/2/3 419/2/3
f 421/2/3 415/2/3 420/2/3
f 422/2/3 419/2/3 418/2/3
f 422/2/3 420/2/3 419/2/3
f 423/1/3 421/1/3 420/1/3
f 423/2/3 420/2/3 422/2/3
f 424/2/3 422/2/3 418/2/3
f 425/1/3 423/1/3 422/1/3
f 425/2/3 422/2/3 424/2/3
f 426/1/3 425/1/3 424/1/3
f 427/1/3 423/1/3 425/1/3
f 427/1/3 425/1/3 426/1/3
f 428/2/3 427/2/3 426/2/3
f 428/1/3 423/1/3 427/1/3
f 429/1/3 421/1/3 423/1/3
f 429/1/3 423/1/3 428/1/3
f 430/2/3 428/2/3 426/2/3
f 430/2/3 429/2/3 428/2/3
f 431/2/3 429/2/3 430/2/3
f 432/1/3 421/1/3 429/1/3
f 432/2/3 429/2/3 431/2/3
f 433/1/3 421/1/3 432/1/3
f 434/1/3 431/1/3 430/1/3
f 434/2/3 432/2/3 431/2/3
f 434/2/3 433/2/3 432/2/3
f 435/2/3 433/2/3 434/2/3
f 436/1/3 435/1/3 434/1/3
f 436/2/3 433/2/3 435/2/3
f 437/2/3 433/2/3 436/2/3
f 438/1/3 434/1/3 430/1/3
f 438/1/3 436/1/3 434/1/3
f 438/1/3 437/1/3 436/1/3
f 439/1/3 437/1/3 438/1/3
f 444/1/3 441/1/3 440/1/3
f 444/2/3 442/2/3 441/2/3
f 445/2/3 442/2/3 444/2/3
f 446/1/3 443/1/3 442/1/3
f 446/2/3 442/2/3 445/2/3
f 447/1/3 443/1/3 446/1/3
f 448/1/3 445/1/3 444/1/3
f 448/2/3 446/2/3 445/2/3
f 448/2/3 447/2/3 446/2/3
f 449/2/3 447/2/3 448/2/3
f 450/1/3 444/1/3 440/1/3
f 450/1/3 448/1/3 444/1/3
f 450/1/3 449/1/3 448/1/3
f 451/1/3 449/1/3 450/1/3
f 452/2/3 451/2/3 450/2/3
f 453/2/3 451/2/3 452/2/3
f 454/1/3 449/1/3 451/1/3
f 454/2/3 451/2/3 453/2/3
f 455/2/3 447/2/3 449/2/3
f 455/1/3 449/1/3 454/1/3
f 456/1/3 453/1/3 452/1/3
f 456/2/3 452/2/3 450/2/3
f 457/1/3 453/1/3 456/1/3
f 458/2/3 454/2/3 453/2/3
f 458/1/3 453/1/3 457/1/3
f 458/2/3 455/2/3 454/2/3
f 459/2/3 447/2/3 455/2/3
f 459/2/3 455/2/3 458/2/3
f 460/2/3 457/2/3 456/2/3
f 460/1/3 450/1/3 440/1/3
f 460/2/3 456/2/3 450/2/3
f 461/2/3 457/2/3 460/2/3
f 462/1/3 459/1/3 458/1/3
f 462/2/3 457/2/3 461/2/3
f 462/1/3 458/1/3 457/1/3
f 463/1/3 459/1/3 462/1/3
f 464/1/3 461/1/3 460/1/3
f 464/2/3 462/2/3 461/2/3
f 464/2/3 463/2/3 462/2/3
f 465/2/3 463/2/3 464/2/3
f 466/1/3 459/1/3 463/1/3
f 466/2/3 463/2/3 465/2/3
f 467/1/3 459/1/3 466/1/3
f 468/1/3 465/1/3 464/1/3
f 468/2/3 466/2/3 465/2/3
f 468/2/3 467/2/3 466/2/3
f 469/2/3 467/2/3 468/2/3
f 470/1/3 460/1/3 440/1/3
f 470/1/3 464/1/3 460/1/3
f 470/1/3 469/1/3 468/1/3
f 470/1/3 468/1/3 464/1/3
f 471/2/3 467/2/3 469/2/3
f 471/1/3 469/1/3 470/1/3
f 472/1/3 459/1/3 467/1/3
f 472/2/3 467/2/3 471/2/3
f 473/1/3 459/1/3 472/1/3
f 474/1/3 470/1/3 440/1/3
f 475/1/3 470/1/3 474/1/3
f 476/1/3 474/1/3 440/1/3
f 477/2/3 475/2/3 474/2/3
f 477/1/3 474/1/3 476/1/3
f 478/2/3 475/2/3 477/2/3
f 479/2/3 475/2/3 478/2/3
f 480/1/3 479/1/3 478/1/3
f 481/1/3 479/1/3 480/1/3
f 482/1/4 483/1/4 484/1/4
f 484/1/4 483/1/4 485/1/4
f 485/1/4 483/1/4 486/1/4
f 484/1/4 485/1/4 487/1/4
f 487/1/4 485/1/4 488/1/4
f 488/1/4 485/1/4 489/1/4
f 489/1/4 485/1/4 490/1/4
f 490/1/4 485/1/4 491/1/4
f 493/2/4 494/2/4 496/2/4
f 494/1/4 495/1/4 496/1/4
f 496/1/4 495/1/4 497/1/4
f 492/1/4 493/1/4 498/1/4
f 493/2/4 496/2/4 498/2/4
f 496/2/4 497/2/4 498/2/4
f 498/2/4 497/2/4 499/2/4
f 497/1/4 495/1/4 500/1/4
f 499/2/4 497/2/4 500/2/4
f 500/1/4 495/1/4 501/1/4
f 498/1/4 499/1/4 502/1/4
f 499/2/4 500/2/4 502/2/4
f 500/2/4 501/2/4 502/2/4
f 502/2/4 501/2/4 503/2/4
f 498/1/4 502/1/4 504/1/4
f 502/1/4 503/1/4 504/1/4
f 503/2/4 501/2/4 505/2/4
f 504/1/4 503/1/4 505/1/4
f 504/2/4 505/2/4 506/2/4
f 505/2/4 501/2/4 506/2/4
f 501/1/4 495/1/4 507/1/4
f 506/2/4 501/2/4 507/2/4
f 492/1/4 498/1/4 508/1/4
f 498/1/4 504/1/4 508/1/4
f 504/2/4 506/2/4 509/2/4
f 508/1/4 504/1/4 509/1/4
f 492/1/4 508/1/4 510/1/4
f 508/2/4 509/2/4 511/2/4
f 510/1/4 508/1/4 511/1/4
f 509/2/4 506/2/4 512/2/4
f 511/2/4 509/2/4 512/2/4
f 506/1/4 507/1/4 512/1/4
f 507/1/4 495/1/4 513/1/4
f 512/1/4 507/1/4 513/1/4
f 510/2/4 511/2/4 514/2/4
f 492/1/4 510/1/4 514/1/4
f 514/2/4 511/2/4 515/2/4
f 492/1/4 514/1/4 516/1/4
f 514/1/4 515/1/4 516/1/4
f 516/1/4 515/1/4 517/1/4
f 516/2/4 517/2/4 518/2/4
f 517/1/4 515/1/4 519/1/4
f 518/2/4 517/2/4 519/2/4
f 518/1/4 519/1/4 520/1/4
f 519/1/4 515/1/4 521/1/4
f 520/1/4 519/1/4 521/1/4
f 520/2/4 521/2/4 522/2/4
f 521/1/4 515/1/4 523/1/4
f 522/2/4 521/2/4 523/2/4
f 523/1/4 515/1/4 524/1/4
f 522/1/4 523/1/4 525/1/4
f 523/2/4 524/2/4 526/2/4
f 525/1/4 523/1/4 526/1/4
f 522/1/4 525/1/4 527/1/4
f 525/2/4 526/2/4 528/2/4
f 527/1/4 525/1/4 528/1/4
f 526/2/4 524/2/4 529/2/4
f 528/2/4 526/2/4 529/2/4
f 529/2/4 524/2/4 530/2/4
f 527/2/4 528/2/4 531/2/4
f 528/2/4 529/2/4 531/2/4
f 529/1/4 530/1/4 532/1/4
f 531/2/4 529/2/4 532/2/4
f 531/1/4 532/1/4 533/1/4
f 532/1/4 530/1/4 533/1/4
f 533/1/4 530/1/4 534/1/4
f 531/1/4 533/1/4 535/1/4
f 533/2/4 534/2/4 536/2/4
f 535/1/4 533/1/4 536/1/4
f 535/2/4 536/2/4 537/2/4
f 536/2/4 534/2/4 538/2/4
f 537/2/4 536/2/4 538/2/4
f 535/2/4 537/2/4 539/2/4
f 537/1/4 538/1/4 540/1/4
f 539/2/4 537/2/4 540/2/4
f 539/1/4 540/1/4 541/1/4
f 540/1/4 538/1/4 542/1/4
f 541/1/4 540/1/4 542/1/4
f 542/1/4 538/1/4 543/1/4
f 543/1/4 538/1/4 544/1/4
f 544/1/4 538/1/4 546/1/4
f 545/1/4 546/1/4 548/1/4
f 546/1/4 538/1/4 549/1/4
f 548/1/4 546/1/4 549/1/4
f 549/1/4 538/1/4 550/1/4
f 547/1/4 548/1/4 551/1/4
f 548/1/4 549/1/4 551/1/4
f 549/2/4 550/2/4 552/2/4
f 551/1/4 549/1/4 552/1/4
f 551/2/4 552/2/4 553/2/4
f 552/2/4 550/2/4 553/2/4
f 553/2/4 550/2/4 554/2/4
f 547/1/4 551/1/4 555/1/4
f 551/2/4 553/2/4 556/2/4
f 555/1/4 551/1/4 556/1/4
f 555/2/4 556/2/4 557/2/4
f 556/2/4 553/2/4 557/2/4
f 553/1/4 554/1/4 558/1/4
f 557/2/4 553/2/4 558/2/4
f 555/2/4 557/2/4 559/2/4
f 557/1/4 558/1/4 560/1/4
f 559/2/4 557/2/4 560/2/4
f 559/1/4 560/1/4 561/1/4
f 560/1/4 558/1/4 562/1/4
f 561/1/4 560/1/4 562/1/4
f 561/2/4 562/2/4 563/2/4
f 562/1/4 558/1/4 563/1/4
f 558/1/4 554/1/4 564/1/4
f 563/1/4 558/1/4 564/1/4
f 561/2/4 563/2/4 565/2/4
f 563/2/4 564/2/4 565/2/4
f 565/2/4 564/2/4 566/2/4
f 565/1/4 566/1/4 567/1/4
f 566/2/4 564/2/4 567/2/4
f 564/1/4 554/1/4 568/1/4
f 567/2/4 564/2/4 568/2/4
f 568/1/4 554/1/4 569/1/4
f 567/1/4 568/1/4 570/1/4
f 568/2/4 569/2/4 570/2/4
f 570/2/4 569/2/4 571/2/4
f 565/1/4 567/1/4 572/1/4
f 567/1/4 570/1/4 572/1/4
f 570/1/4 571/1/4 572/1/4
f 572/1/4 571/1/4 573/1/4
f 572/2/4 573/2/4 574/2/4
f 573/1/4 571/1/4 575/1/4
f 574/2/4 573/2/4 575/2/4
f 574/1/4 575/1/4 576/1/4
f 575/1/4 571/1/4 577/1/4
f 576/1/4 575/1/4 577/1/4
f 592/1/5 579/1/5 578/1/5
f 592/2/5 580/2/5 579/2/5
f 593/1/5 581/1/5 580/1/5
f 593/2/5 580/2/5 592/2/5
f 594/1/5 581/1/5 593/1/5
f 595/1/5 581/1/5 594/1/5
f 596/2/5 582/2/5 581/2/5
f 596/1/5 581/1/5 595/1/5
f 597/1/5 583/1/5 582/1/5
f 597/2/5 582/2/5 596/2/5
f 598/1/5 583/1/5 597/1/5
f 599/1/5 583/1/5 598/1/5
f 600/2/5 584/2/5 583/2/5
f 600/1/5 583/1/5 599/1/5
f 601/2/5 584/2/5 600/2/5
f 602/1/5 585/1/5 584/1/5
f 602/2/5 584/2/5 601/2/5
f 603/1/5 587/1/5 586/1/5
f 603/2/5 588/2/5 587/2/5
f 604/2/5 588/2/5 603/2/5
f 605/1/5 589/1/5 588/1/5
f 605/2/5 588/2/5 604/2/5
f 606/1/5 589/1/5 605/1/5
f 607/2/5 590/2/5 589/2/5
f 607/1/5 589/1/5 606/1/5
f 608/1/5 591/1/5 590/1/5
f 608/2/5 590/2/5 607/2/5
f 609/1/5 593/1/5 592/1/5
f 609/1/5 594/1/5 593/1/5
f 610/2/5 595/2/5 594/2/5
f 610/1/5 594/1/5 609/1/5
f 611/2/5 595/2/5 610/2/5
f 612/1/5 596/1/5 595/1/5
f 612/2/5 595/2/5 611/2/5
f 612/1/5 597/1/5 596/1/5
f 613/2/5 598/2/5 597/2/5
f 613/1/5 597/1/5 612/1/5
f 614/2/5 598/2/5 613/2/5
f 615/1/5 599/1/5 598/1/5
f 615/2/5 598/2/5 614/2/5
f 616/1/5 599/1/5 615/1/5
f 617/1/5 599/1/5 616/1/5
f 618/2/5 601/2/5 600/2/5
f 618/1/5 599/1/5 617/1/5
f 618/2/5 600/2/5 599/2/5
f 619/2/5 601/2/5 618/2/5
f 620/1/5 602/1/5 601/1/5
f 620/2/5 601/2/5 619/2/5
f 621/2/5 606/2/5 605/2/5
f 621/1/5 604/1/5 603/1/5
f 621/2/5 605/2/5 604/2/5
f 622/2/5 606/2/5 621/2/5
f 623/1/5 607/1/5 606/1/5
f 623/2/5 606/2/5 622/2/5
f 623/1/5 608/1/5 607/1/5
f 624/1/5 608/1/5 623/1/5
f 625/1/5 591/1/5 608/1/5
f 625/1/5 608/1/5 624/1/5
f 626/1/5 591/1/5 625/1/5
f 627/1/5 609/1/5 592/1/5
f 628/2/5 611/2/5 610/2/5
f 628/1/5 609/1/5 627/1/5
f 628/2/5 610/2/5 609/2/5
f 629/2/5 611/2/5 628/2/5
f 630/1/5 614/1/5 613/1/5
f 630/2/5 611/2/5 629/2/5
f 630/1/5 612/1/5 611/1/5
f 630/1/5 613/1/5 612/1/5
f 631/2/5 616/2/5 615/2/5
f 631/1/5 614/1/5 630/1/5
f 631/2/5 615/2/5 614/2/5
f 632/2/5 616/2/5 631/2/5
f 633/1/5 617/1/5 616/1/5
f 633/2/5 616/2/5 632/2/5
f 634/1/5 617/1/5 633/1/5
f 635/1/5 617/1/5 634/1/5
f 636/2/5 619/2/5 618/2/5
f 636/1/5 617/1/5 635/1/5
f 636/2/5 618/2/5 617/2/5
f 637/1/5 620/1/5 619/1/5
f 637/2/5 619/2/5 636/2/5
f 638/1/5 622/1/5 621/1/5
f 638/2/5 624/2/5 623/2/5
f 638/2/5 623/2/5 622/2/5
f 639/1/5 625/1/5 624/1/5
f 639/2/5 624/2/5 638/2/5
f 640/1/5 625/1/5 639/1/5
f 641/1/5 625/1/5 640/1/5
f 642/2/5 626/2/5 625/2/5
f 642/1/5 625/1/5 641/1/5
f 643/2/5 626/2/5 642/2/5
f 644/2/5 626/2/5 643/2/5
f 645/1/5 591/1/5 626/1/5
f 645/2/5 626/2/5 644/2/5
f 646/1/5 591/1/5 645/1/5
f 647/1/5 627/1/5 592/1/5
f 648/2/5 629/2/5 628/2/5
f 648/1/5 627/1/5 647/1/5
f 648/2/5 628/2/5 627/2/5
f 649/2/5 629/2/5 648/2/5
f 650/1/5 632/1/5 631/1/5
f 650/2/5 629/2/5 649/2/5
f 650/1/5 630/1/5 629/1/5
f 650/1/5 631/1/5 630/1/5
f 651/2/5 634/2/5 633/2/5
f 651/1/5 632/1/5 650/1/5
f 651/2/5 633/2/5 632/2/5
f 652/1/5 635/1/5 634/1/5
f 652/2/5 634/2/5 651/2/5
f 653/1/5 635/1/5 652/1/5
f 654/1/5 635/1/5 653/1/5
f 655/2/5 636/2/5 635/2/5
f 655/1/5 635/1/5 654/1/5
f 656/2/5 636/2/5 655/2/5
f 657/1/5 637/1/5 636/1/5
f 657/2/5 636/2/5 656/2/5
f 658/1/5 641/1/5 640/1/5
f 658/2/5 640/2/5 639/2/5
f 659/1/5 641/1/5 658/1/5
f 660/2/5 643/2/5 642/2/5
f 660/2/5 642/2/5 641/2/5
f 661/1/5 644/1/5 643/1/5
f 661/2/5 643/2/5 660/2/5
f 662/2/5 646/2/5 645/2/5
f 662/1/5 644/1/5 661/1/5
f 662/2/5 645/2/5 644/2/5
f 663/2/5 646/2/5 662/2/5
f 664/1/5 647/1/5 592/1/5
f 665/2/5 649/2/5 648/2/5
f 665/1/5 647/1/5 664/1/5
f 665/2/5 648/2/5 647/2/5
f 666/2/5 649/2/5 665/2/5
f 667/1/5 651/1/5 650/1/5
f 667/2/5 649/2/5 666/2/5
f 667/1/5 650/1/5 649/1/5
f 667/1/5 652/1/5 651/1/5
f 668/1/5 652/1/5 667/1/5
f 669/1/5 652/1/5 668/1/5
f 670/2/5 653/2/5 652/2/5
f 670/1/5 652/1/5 669/1/5
f 671/1/5 654/1/5 653/1/5
f 671/2/5 653/2/5 670/2/5
f 672/1/5 654/1/5 671/1/5
f 673/2/5 656/2/5 655/2/5
f 673/1/5 654/1/5 672/1/5
f 673/2/5 655/2/5 654/2/5
f 674/1/5 657/1/5 656/1/5
f 674/2/5 656/2/5 673/2/5
f 675/1/5 621/1/5 603/1/5
f 675/1/5 603/1/5 586/1/5
f 675/1/5 638/1/5 621/1/5
f 675/1/5 639/1/5 638/1/5
f 676/1/5 639/1/5 675/1/5
f 677/1/5 641/1/5 659/1/5
f 678/2/5 660/2/5 641/2/5
f 678/1/5 641/1/5 677/1/5
f 679/1/5 663/1/5 662/1/5
f 679/2/5 662/2/5 661/2/5
f 680/1/5 663/1/5 679/1/5
f 681/1/5 591/1/5 646/1/5
f 681/2/5 646/2/5 663/2/5
f 682/1/5 591/1/5 681/1/5
f 683/1/5 664/1/5 592/1/5
f 684/2/5 666/2/5 665/2/5
f 684/1/5 664/1/5 683/1/5
f 684/2/5 665/2/5 664/2/5
f 685/2/5 666/2/5 684/2/5
f 686/1/5 668/1/5 667/1/5
f 686/2/5 666/2/5 685/2/5
f 686/1/5 667/1/5 666/1/5
f 687/1/5 668/1/5 686/1/5
f 688/2/5 669/2/5 668/2/5
f 688/1/5 668/1/5 687/1/5
f 689/1/5 670/1/5 669/1/5
f 689/2/5 669/2/5 688/2/5
f 689/1/5 671/1/5 670/1/5
f 690/1/5 671/1/5 689/1/5
f 691/2/5 672/2/5 671/2/5
f 691/1/5 671/1/5 690/1/5
f 692/2/5 672/2/5 691/2/5
f 693/1/5 675/1/5 586/1/5
f 694/2/5 676/2/5 675/2/5
f 694/1/5 675/1/5 693/1/5
f 695/1/5 677/1/5 659/1/5
f 696/1/5 677/1/5 695/1/5
f 697/2/5 678/2/5 677/2/5
f 697/1/5 677/1/5 696/1/5
f 698/2/5 660/2/5 678/2/5
f 698/2/5 678/2/5 697/2/5
f 699/2/5 680/2/5 679/2/5
f 699/1/5 661/1/5 660/1/5
f 699/2/5 679/2/5 661/2/5
f 700/2/5 680/2/5 699/2/5
f 701/1/5 663/1/5 680/1/5
f 701/2/5 682/2/5 681/2/5
f 701/2/5 681/2/5 663/2/5
f 702/2/5 682/2/5 701/2/5
f 703/2/5 685/2/5 684/2/5
f 703/2/5 684/2/5 683/2/5
f 704/1/5 687/1/5 686/1/5
f 704/2/5 685/2/5 703/2/5
f 704/1/5 686/1/5 685/1/5
f 705/1/5 687/1/5 704/1/5
f 706/2/5 688/2/5 687/2/5
f 706/1/5 687/1/5 705/1/5
f 706/2/5 690/2/5 689/2/5
f 706/2/5 689/2/5 688/2/5
f 707/2/5 690/2/5 706/2/5
f 708/1/5 691/1/5 690/1/5
f 708/2/5 690/2/5 707/2/5
f 708/1/5 692/1/5 691/1/5
f 709/1/5 692/1/5 708/1/5
f 710/2/5 672/2/5 692/2/5
f 710/1/5 692/1/5 709/1/5
f 711/1/5 674/1/5 673/1/5
f 711/2/5 672/2/5 710/2/5
f 711/1/5 673/1/5 672/1/5
f 712/1/5 657/1/5 674/1/5
f 712/1/5 674/1/5 711/1/5
f 712/1/5 637/1/5 657/1/5
f 713/1/5 620/1/5 637/1/5
f 713/1/5 637/1/5 712/1/5
f 713/1/5 602/1/5 620/1/5
f 714/1/5 693/1/5 586/1/5
f 715/1/5 693/1/5 714/1/5
f 716/1/5 693/1/5 715/1/5
f 717/2/5 694/2/5 693/2/5
f 717/1/5 693/1/5 716/1/5
f 718/2/5 694/2/5 717/2/5
f 719/2/5 676/2/5 694/2/5
f 719/2/5 694/2/5 718/2/5
f 719/1/5 639/1/5 676/1/5
f 720/2/5 658/2/5 639/2/5
f 720/2/5 659/2/5 658/2/5
f 721/1/5 695/1/5 659/1/5
f 721/2/5 659/2/5 720/2/5
f 722/1/5 695/1/5 721/1/5
f 723/2/5 696/2/5 695/2/5
f 723/1/5 695/1/5 722/1/5
f 724/1/5 698/1/5 697/1/5
f 724/2/5 696/2/5 723/2/5
f 724/1/5 697/1/5 696/1/5
f 725/1/5 698/1/5 724/1/5
f 726/2/5 660/2/5 698/2/5
f 726/1/5 700/1/5 699/1/5
f 726/1/5 699/1/5 660/1/5
f 727/1/5 700/1/5 726/1/5
f 728/1/5 683/1/5 592/1/5
f 729/2/5 703/2/5 683/2/5
f 729/1/5 683/1/5 728/1/5
f 730/2/5 706/2/5 705/2/5
f 731/1/5 707/1/5 706/1/5
f 731/2/5 706/2/5 730/2/5
f 732/2/5 708/2/5 707/2/5
f 732/1/5 707/1/5 731/1/5
f 732/2/5 709/2/5 708/2/5
f 733/1/5 712/1/5 711/1/5
f 733/2/5 709/2/5 732/2/5
f 733/1/5 711/1/5 710/1/5
f 733/1/5 710/1/5 709/1/5
f 734/1/5 712/1/5 733/1/5
f 735/1/5 712/1/5 734/1/5
f 736/2/5 713/2/5 712/2/5
f 736/1/5 712/1/5 735/1/5
f 737/2/5 713/2/5 736/2/5
f 738/2/5 713/2/5 737/2/5
f 739/1/5 602/1/5 713/1/5
f 739/2/5 713/2/5 738/2/5
f 740/1/5 585/1/5 602/1/5
f 740/1/5 602/1/5 739/1/5
f 741/2/5 715/2/5 714/2/5
f 742/2/5 715/2/5 741/2/5
f 743/1/5 716/1/5 715/1/5
f 743/2/5 715/2/5 742/2/5
f 744/1/5 716/1/5 743/1/5
f 745/1/5 716/1/5 744/1/5
f 746/2/5 718/2/5 717/2/5
f 746/1/5 716/1/5 745/1/5
f 746/2/5 717/2/5 716/2/5
f 747/2/5 718/2/5 746/2/5
f 748/1/5 719/1/5 718/1/5
f 748/2/5 718/2/5 747/2/5
f 749/1/5 721/1/5 720/1/5
f 749/1/5 722/1/5 721/1/5
f 749/2/5 720/2/5 639/2/5
f 750/1/5 722/1/5 749/1/5
f 751/1/5 722/1/5 750/1/5
f 752/2/5 723/2/5 722/2/5
f 752/1/5 722/1/5 751/1/5
f 752/2/5 725/2/5 724/2/5
f 752/2/5 724/2/5 723/2/5
f 753/2/5 725/2/5 752/2/5
f 754/2/5 725/2/5 753/2/5
f 755/1/5 698/1/5 725/1/5
f 755/2/5 725/2/5 754/2/5
f 756/1/5 698/1/5 755/1/5
f 757/2/5 727/2/5 726/2/5
f 757/1/5 698/1/5 756/1/5
f 757/2/5 726/2/5 698/2/5
f 758/1/5 700/1/5 727/1/5
f 758/2/5 727/2/5 757/2/5
f 759/2/5 680/2/5 700/2/5
f 759/1/5 700/1/5 758/1/5
f 760/1/5 728/1/5 592/1/5
f 761/2/5 729/2/5 728/2/5
f 761/1/5 728/1/5 760/1/5
f 762/2/5 703/2/5 729/2/5
f 762/2/5 729/2/5 761/2/5
f 763/1/5 705/1/5 704/1/5
f 763/2/5 703/2/5 762/2/5
f 763/1/5 704/1/5 703/1/5
f 764/2/5 730/2/5 705/2/5
f 764/1/5 705/1/5 763/1/5
f 765/1/5 732/1/5 731/1/5
f 765/2/5 730/2/5 764/2/5
f 765/1/5 731/1/5 730/1/5
f 765/1/5 733/1/5 732/1/5
f 766/2/5 734/2/5 733/2/5
f 766/1/5 733/1/5 765/1/5
f 767/2/5 734/2/5 766/2/5
f 768/1/5 735/1/5 734/1/5
f 768/2/5 734/2/5 767/2/5
f 769/1/5 735/1/5 768/1/5
f 770/2/5 736/2/5 735/2/5
f 770/1/5 735/1/5 769/1/5
f 770/2/5 737/2/5 736/2/5
f 771/1/5 738/1/5 737/1/5
f 771/2/5 737/2/5 770/2/5
f 772/2/5 739/2/5 738/2/5
f 772/1/5 738/1/5 771/1/5
f 772/2/5 740/2/5 739/2/5
f 773/2/5 740/2/5 772/2/5
f 774/2/5 741/2/5 714/2/5
f 775/1/5 742/1/5 741/1/5
f 775/2/5 741/2/5 774/2/5
f 776/2/5 744/2/5 743/2/5
f 776/1/5 742/1/5 775/1/5
f 776/2/5 743/2/5 742/2/5
f 777/2/5 744/2/5 776/2/5
f 778/1/5 745/1/5 744/1/5
f 778/2/5 744/2/5 777/2/5
f 779/2/5 747/2/5 746/2/5
f 779/1/5 745/1/5 778/1/5
f 779/2/5 746/2/5 745/2/5
f 780/2/5 747/2/5 779/2/5
f 781/1/5 748/1/5 747/1/5
f 781/2/5 747/2/5 780/2/5
f 782/1/5 719/1/5 748/1/5
f 782/1/5 748/1/5 781/1/5
f 782/2/5 750/2/5 749/2/5
f 782/1/5 639/1/5 719/1/5
f 782/2/5 749/2/5 639/2/5
f 783/2/5 750/2/5 782/2/5
f 784/2/5 753/2/5 752/2/5
f 784/2/5 752/2/5 751/2/5
f 785/1/5 754/1/5 753/1/5
f 785/2/5 753/2/5 784/2/5
f 786/2/5 756/2/5 755/2/5
f 786/1/5 754/1/5 785/1/5
f 786/2/5 755/2/5 754/2/5
f 787/2/5 756/2/5 786/2/5
f 788/1/5 758/1/5 757/1/5
f 788/2/5 756/2/5 787/2/5
f 788/1/5 757/1/5 756/1/5
f 789/1/5 758/1/5 788/1/5
f 790/2/5 759/2/5 758/2/5
f 790/1/5 758/1/5 789/1/5
f 791/1/5 702/1/5 701/1/5
f 791/2/5 759/2/5 790/2/5
f 791/2/5 680/2/5 759/2/5
f 791/1/5 701/1/5 680/1/5
f 792/1/5 760/1/5 592/1/5
f 793/2/5 762/2/5 761/2/5
f 793/1/5 760/1/5 792/1/5
f 793/2/5 761/2/5 760/2/5
f 794/2/5 762/2/5 793/2/5
f 795/1/5 764/1/5 763/1/5
f 795/2/5 762/2/5 794/2/5
f 795/1/5 763/1/5 762/1/5
f 795/1/5 767/1/5 766/1/5
f 795/1/5 766/1/5 765/1/5
f 795/1/5 765/1/5 764/1/5
f 796/2/5 768/2/5 767/2/5
f 796/1/5 767/1/5 795/1/5
f 796/2/5 769/2/5 768/2/5
f 797/2/5 769/2/5 796/2/5
f 798/1/5 771/1/5 770/1/5
f 798/2/5 769/2/5 797/2/5
f 798/1/5 772/1/5 771/1/5
f 798/1/5 770/1/5 769/1/5
f 798/1/5 773/1/5 772/1/5
f 799/1/5 773/1/5 798/1/5
f 800/1/5 777/1/5 776/1/5
f 800/2/5 779/2/5 778/2/5
f 800/1/5 775/1/5 774/1/5
f 800/2/5 778/2/5 777/2/5
f 800/2/5 780/2/5 779/2/5
f 800/1/5 776/1/5 775/1/5
f 801/1/5 781/1/5 780/1/5
f 801/2/5 780/2/5 800/2/5
f 801/1/5 782/1/5 781/1/5
f 801/1/5 783/1/5 782/1/5
f 802/1/5 751/1/5 750/1/5
f 802/2/5 750/2/5 783/2/5
f 803/1/5 751/1/5 802/1/5
f 804/1/5 787/1/5 786/1/5
f 804/1/5 786/1/5 785/1/5
f 804/1/5 785/1/5 784/1/5
f 805/1/5 787/1/5 804/1/5
f 806/2/5 789/2/5 788/2/5
f 806/1/5 787/1/5 805/1/5
f 806/2/5 788/2/5 787/2/5
f 807/2/5 789/2/5 806/2/5
f 808/1/5 791/1/5 790/1/5
f 808/1/5 790/1/5 789/1/5
f 808/1/5 702/1/5 791/1/5
f 809/2/5 682/2/5 702/2/5
f 809/1/5 702/1/5 808/1/5
f 810/1/5 797/1/5 796/1/5
f 810/2/5 799/2/5 798/2/5
f 810/2/5 798/2/5 797/2/5
f 810/1/5 795/1/5 794/1/5
f 810/1/5 796/1/5 795/1/5
f 811/2/5 799/2/5 810/2/5
f 812/1/5 773/1/5 799/1/5
f 812/2/5 799/2/5 811/2/5
f 813/1/5 773/1/5 812/1/5
f 814/1/5 773/1/5 813/1/5
f 815/1/5 773/1/5 814/1/5
f 816/1/5 783/1/5 801/1/5
f 816/1/5 801/1/5 800/1/5
f 817/1/5 783/1/5 816/1/5
f 818/2/5 803/2/5 802/2/5
f 818/1/5 783/1/5 817/1/5
f 818/2/5 802/2/5 783/2/5
f 819/2/5 803/2/5 818/2/5
f 820/1/5 751/1/5 803/1/5
f 820/2/5 803/2/5 819/2/5
f 821/1/5 751/1/5 820/1/5
f 822/1/5 806/1/5 805/1/5
f 822/1/5 807/1/5 806/1/5
f 823/2/5 789/2/5 807/2/5
f 823/1/5 807/1/5 822/1/5
f 824/1/5 808/1/5 789/1/5
f 825/2/5 809/2/5 808/2/5
f 825/1/5 808/1/5 824/1/5
f 826/2/5 682/2/5 809/2/5
f 826/2/5 809/2/5 825/2/5
f 827/1/5 591/1/5 682/1/5
f 827/2/5 682/2/5 826/2/5
f 828/1/5 592/1/5 578/1/5
f 828/1/5 792/1/5 592/1/5
f 829/2/5 794/2/5 793/2/5
f 829/1/5 792/1/5 828/1/5
f 829/2/5 793/2/5 792/2/5
f 830/2/5 794/2/5 829/2/5
f 831/1/5 811/1/5 810/1/5
f 831/2/5 794/2/5 830/2/5
f 831/1/5 810/1/5 794/1/5
f 832/2/5 812/2/5 811/2/5
f 832/1/5 811/1/5 831/1/5
f 832/2/5 813/2/5 812/2/5
f 833/2/5 813/2/5 832/2/5
f 834/1/5 814/1/5 813/1/5
f 835/2/5 815/2/5 814/2/5
f 835/1/5 814/1/5 834/1/5
f 836/2/5 815/2/5 835/2/5
f 837/2/5 815/2/5 836/2/5
f 838/1/5 773/1/5 815/1/5
f 838/2/5 815/2/5 837/2/5
f 839/1/5 773/1/5 838/1/5
f 840/2/5 817/2/5 816/2/5
f 840/1/5 816/1/5 800/1/5
f 841/2/5 817/2/5 840/2/5
f 842/1/5 819/1/5 818/1/5
f 842/2/5 817/2/5 841/2/5
f 842/1/5 818/1/5 817/1/5
f 843/1/5 819/1/5 842/1/5
f 844/2/5 821/2/5 820/2/5
f 844/1/5 819/1/5 843/1/5
f 844/2/5 820/2/5 819/2/5
f 845/2/5 821/2/5 844/2/5
f 846/2/5 784/2/5 751/2/5
f 846/1/5 751/1/5 821/1/5
f 847/1/5 804/1/5 784/1/5
f 847/2/5 784/2/5 846/2/5
f 848/2/5 805/2/5 804/2/5
f 848/1/5 804/1/5 847/1/5
f 849/2/5 823/2/5 822/2/5
f 849/2/5 789/2/5 823/2/5
f 850/1/5 824/1/5 789/1/5
f 850/2/5 789/2/5 849/2/5
f 851/1/5 824/1/5 850/1/5
f 852/2/5 826/2/5 825/2/5
f 852/1/5 824/1/5 851/1/5
f 852/2/5 825/2/5 824/2/5
f 853/2/5 826/2/5 852/2/5
f 854/1/5 827/1/5 826/1/5
f 854/2/5 826/2/5 853/2/5
f 855/1/5 591/1/5 827/1/5
f 855/1/5 827/1/5 854/1/5
f 856/1/5 591/1/5 855/1/5
f 857/1/5 828/1/5 578/1/5
f 858/2/5 830/2/5 829/2/5
f 858/1/5 828/1/5 857/1/5
f 858/2/5 829/2/5 828/2/5
f 859/1/5 831/1/5 830/1/5
f 859/2/5 830/2/5 858/2/5
f 859/1/5 832/1/5 831/1/5
f 859/1/5 833/1/5 832/1/5
f 860/2/5 835/2/5 834/2/5
f 860/2/5 836/2/5 835/2/5
f 861/1/5 837/1/5 836/1/5
f 861/2/5 836/2/5 860/2/5
f 862/2/5 839/2/5 838/2/5
f 862/1/5 837/1/5 861/1/5
f 862/2/5 838/2/5 837/2/5
f 863/2/5 839/2/5 862/2/5
f 864/1/5 841/1/5 840/1/5
f 864/2/5 843/2/5 842/2/5
f 864/2/5 842/2/5 841/2/5
f 865/2/5 843/2/5 864/2/5
f 866/1/5 845/1/5 844/1/5
f 866/2/5 843/2/5 865/2/5
f 866/1/5 844/1/5 843/1/5
f 867/1/5 845/1/5 866/1/5
f 868/2/5 821/2/5 845/2/5
f 868/1/5 845/1/5 867/1/5
f 869/1/5 847/1/5 846/1/5
f 869/2/5 821/2/5 868/2/5
f 869/1/5 846/1/5 821/1/5
f 870/1/5 847/1/5 869/1/5
f 871/2/5 848/2/5 847/2/5
f 871/1/5 847/1/5 870/1/5
f 872/2/5 805/2/5 848/2/5
f 872/2/5 848/2/5 871/2/5
f 872/1/5 822/1/5 805/1/5
f 873/2/5 849/2/5 822/2/5
f 873/1/5 822/1/5 872/1/5
f 874/1/5 851/1/5 850/1/5
f 874/1/5 850/1/5 849/1/5
f 875/2/5 853/2/5 852/2/5
f 875/1/5 851/1/5 874/1/5
f 875/2/5 852/2/5 851/2/5
f 876/1/5 854/1/5 853/1/5
f 876/2/5 853/2/5 875/2/5
f 876/1/5 855/1/5 854/1/5
f 877/1/5 857/1/5 578/1/5
f 878/2/5 858/2/5 857/2/5
f 878/1/5 857/1/5 877/1/5
f 879/2/5 858/2/5 878/2/5
f 880/1/5 859/1/5 858/1/5
f 880/2/5 858/2/5 879/2/5
f 881/1/5 834/1/5 813/1/5
f 881/2/5 813/2/5 833/2/5
f 882/1/5 834/1/5 881/1/5
f 883/1/5 861/1/5 860/1/5
f 883/2/5 860/2/5 834/2/5
f 884/2/5 862/2/5 861/2/5
f 884/1/5 861/1/5 883/1/5
f 885/1/5 800/1/5 774/1/5
f 885/1/5 865/1/5 864/1/5
f 885/1/5 840/1/5 800/1/5
f 885/1/5 864/1/5 840/1/5
f 886/1/5 865/1/5 885/1/5
f 887/2/5 867/2/5 866/2/5
f 887/1/5 865/1/5 886/1/5
f 887/2/5 866/2/5 865/2/5
f 888/1/5 868/1/5 867/1/5
f 888/2/5 867/2/5 887/2/5
f 888/1/5 869/1/5 868/1/5
f 889/1/5 871/1/5 870/1/5
f 889/1/5 872/1/5 871/1/5
f 889/2/5 870/2/5 869/2/5
f 890/1/5 872/1/5 889/1/5
f 891/2/5 849/2/5 873/2/5
f 891/2/5 873/2/5 872/2/5
f 892/1/5 874/1/5 849/1/5
f 892/2/5 849/2/5 891/2/5
f 893/1/5 874/1/5 892/1/5
f 894/2/5 875/2/5 874/2/5
f 894/1/5 874/1/5 893/1/5
f 895/2/5 875/2/5 894/2/5
f 896/1/5 876/1/5 875/1/5
f 896/2/5 875/2/5 895/2/5
f 897/1/5 855/1/5 876/1/5
f 897/1/5 876/1/5 896/1/5
f 897/2/5 856/2/5 855/2/5
f 898/2/5 856/2/5 897/2/5
f 899/2/5 879/2/5 878/2/5
f 899/2/5 878/2/5 877/2/5
f 900/1/5 880/1/5 879/1/5
f 900/2/5 879/2/5 899/2/5
f 901/1/5 833/1/5 859/1/5
f 901/1/5 880/1/5 900/1/5
f 901/1/5 859/1/5 880/1/5
f 902/1/5 833/1/5 901/1/5
f 903/2/5 882/2/5 881/2/5
f 903/1/5 833/1/5 902/1/5
f 903/2/5 881/2/5 833/2/5
f 904/2/5 882/2/5 903/2/5
f 905/1/5 834/1/5 882/1/5
f 905/2/5 882/2/5 904/2/5
f 906/1/5 834/1/5 905/1/5
f 907/2/5 884/2/5 883/2/5
f 907/2/5 883/2/5 834/2/5
f 908/2/5 862/2/5 884/2/5
f 908/2/5 884/2/5 907/2/5
f 908/1/5 863/1/5 862/1/5
f 909/2/5 886/2/5 885/2/5
f 910/2/5 886/2/5 909/2/5
f 911/1/5 887/1/5 886/1/5
f 911/2/5 886/2/5 910/2/5
f 911/1/5 888/1/5 887/1/5
f 912/1/5 888/1/5 911/1/5
f 913/1/5 869/1/5 888/1/5
f 913/1/5 888/1/5 912/1/5
f 913/2/5 890/2/5 889/2/5
f 913/2/5 889/2/5 869/2/5
f 914/2/5 890/2/5 913/2/5
f 915/1/5 872/1/5 890/1/5
f 915/2/5 890/2/5 914/2/5
f 916/2/5 891/2/5 872/2/5
f 916/1/5 872/1/5 915/1/5
f 917/1/5 893/1/5 892/1/5
f 917/1/5 892/1/5 891/1/5
f 918/2/5 895/2/5 894/2/5
f 918/1/5 893/1/5 917/1/5
f 918/2/5 894/2/5 893/2/5
f 919/2/5 895/2/5 918/2/5
f 920/1/5 896/1/5 895/1/5
f 920/2/5 895/2/5 919/2/5
f 920/1/5 897/1/5 896/1/5
f 920/1/5 898/1/5 897/1/5
f 921/1/5 898/1/5 920/1/5
f 922/1/5 898/1/5 921/1/5
f 923/1/5 877/1/5 578/1/5
f 923/2/5 899/2/5 877/2/5
f 924/1/5 900/1/5 899/1/5
f 924/2/5 899/2/5 923/2/5
f 924/1/5 901/1/5 900/1/5
f 925/1/5 901/1/5 924/1/5
f 926/1/5 901/1/5 925/1/5
f 927/1/5 901/1/5 926/1/5
f 928/2/5 902/2/5 901/2/5
f 928/1/5 901/1/5 927/1/5
f 929/2/5 902/2/5 928/2/5
f 930/2/5 902/2/5 929/2/5
f 931/1/5 904/1/5 903/1/5
f 931/2/5 902/2/5 930/2/5
f 931/1/5 903/1/5 902/1/5
f 932/1/5 904/1/5 931/1/5
f 933/2/5 905/2/5 904/2/5
f 933/1/5 904/1/5 932/1/5
f 933/2/5 906/2/5 905/2/5
f 934/2/5 906/2/5 933/2/5
f 935/1/5 834/1/5 906/1/5
f 935/2/5 906/2/5 934/2/5
f 936/1/5 834/1/5 935/1/5
f 937/1/5 908/1/5 907/1/5
f 938/2/5 839/2/5 863/2/5
f 938/1/5 908/1/5 937/1/5
f 938/1/5 863/1/5 908/1/5
f 939/2/5 912/2/5 911/2/5
f 939/2/5 911/2/5 910/2/5
f 939/1/5 910/1/5 909/1/5
f 940/2/5 912/2/5 939/2/5
f 941/1/5 914/1/5 913/1/5
f 941/2/5 912/2/5 940/2/5
f 941/1/5 913/1/5 912/1/5
f 942/1/5 914/1/5 941/1/5
f 943/2/5 915/2/5 914/2/5
f 943/1/5 914/1/5 942/1/5
f 943/2/5 916/2/5 915/2/5
f 944/2/5 916/2/5 943/2/5
f 945/2/5 916/2/5 944/2/5
f 946/2/5 891/2/5 916/2/5
f 946/2/5 916/2/5 945/2/5
f 946/1/5 917/1/5 891/1/5
f 947/1/5 917/1/5 946/1/5
f 948/2/5 919/2/5 918/2/5
f 948/1/5 917/1/5 947/1/5
f 948/2/5 918/2/5 917/2/5
f 949/2/5 919/2/5 948/2/5
f 950/1/5 921/1/5 920/1/5
f 950/2/5 919/2/5 949/2/5
f 950/1/5 920/1/5 919/1/5
f 951/1/5 921/1/5 950/1/5
f 952/2/5 922/2/5 921/2/5
f 952/1/5 921/1/5 951/1/5
f 953/1/5 924/1/5 923/1/5
f 953/1/5 925/1/5 924/1/5
f 954/2/5 926/2/5 925/2/5
f 954/1/5 925/1/5 953/1/5
f 955/1/5 927/1/5 926/1/5
f 956/2/5 929/2/5 928/2/5
f 956/1/5 927/1/5 955/1/5
f 956/2/5 928/2/5 927/2/5
f 957/2/5 929/2/5 956/2/5
f 958/1/5 930/1/5 929/1/5
f 958/2/5 929/2/5 957/2/5
f 959/2/5 932/2/5 931/2/5
f 959/1/5 930/1/5 958/1/5
f 959/2/5 931/2/5 930/2/5
f 960/2/5 932/2/5 959/2/5
f 961/2/5 936/2/5 935/2/5
f 961/2/5 935/2/5 934/2/5
f 961/1/5 934/1/5 933/1/5
f 961/1/5 933/1/5 932/1/5
f 962/2/5 936/2/5 961/2/5
f 963/1/5 834/1/5 936/1/5
f 963/2/5 936/2/5 962/2/5
f 964/1/5 834/1/5 963/1/5
f 965/1/5 937/1/5 907/1/5
f 965/2/5 907/2/5 834/2/5
f 966/2/5 938/2/5 937/2/5
f 966/1/5 937/1/5 965/1/5
f 967/2/5 938/2/5 966/2/5
f 968/2/5 839/2/5 938/2/5
f 968/2/5 938/2/5 967/2/5
f 968/1/5 773/1/5 839/1/5
f 969/1/5 940/1/5 939/1/5
f 969/2/5 942/2/5 941/2/5
f 969/2/5 941/2/5 940/2/5
f 970/2/5 942/2/5 969/2/5
f 971/1/5 944/1/5 943/1/5
f 971/2/5 942/2/5 970/2/5
f 971/1/5 943/1/5 942/1/5
f 972/1/5 944/1/5 971/1/5
f 973/2/5 945/2/5 944/2/5
f 973/1/5 944/1/5 972/1/5
f 974/1/5 947/1/5 946/1/5
f 974/2/5 945/2/5 973/2/5
f 974/1/5 946/1/5 945/1/5
f 975/1/5 947/1/5 974/1/5
f 976/2/5 949/2/5 948/2/5
f 976/1/5 947/1/5 975/1/5
f 976/2/5 948/2/5 947/2/5
f 977/2/5 949/2/5 976/2/5
f 978/1/5 951/1/5 950/1/5
f 978/2/5 949/2/5 977/2/5
f 978/1/5 950/1/5 949/1/5
f 979/1/5 951/1/5 978/1/5
f 980/2/5 952/2/5 951/2/5
f 980/1/5 951/1/5 979/1/5
f 981/2/5 952/2/5 980/2/5
f 982/1/5 898/1/5 922/1/5
f 982/2/5 952/2/5 981/2/5
f 982/2/5 922/2/5 952/2/5
f 983/1/5 953/1/5 923/1/5
f 984/2/5 954/2/5 953/2/5
f 984/1/5 953/1/5 983/1/5
f 985/2/5 926/2/5 954/2/5
f 985/2/5 954/2/5 984/2/5
f 986/1/5 955/1/5 926/1/5
f 986/2/5 926/2/5 985/2/5
f 987/2/5 957/2/5 956/2/5
f 987/2/5 956/2/5 955/2/5
f 988/1/5 960/1/5 959/1/5
f 988/2/5 957/2/5 987/2/5
f 988/1/5 959/1/5 958/1/5
f 988/1/5 958/1/5 957/1/5
f 989/1/5 960/1/5 988/1/5
f 990/1/5 960/1/5 989/1/5
f 991/2/5 932/2/5 960/2/5
f 991/1/5 962/1/5 961/1/5
f 991/1/5 961/1/5 932/1/5
f 992/1/5 962/1/5 991/1/5
f 993/2/5 964/2/5 963/2/5
f 993/1/5 962/1/5 992/1/5
f 993/2/5 963/2/5 962/2/5
f 994/2/5 964/2/5 993/2/5
f 995/1/5 834/1/5 964/1/5
f 995/2/5 964/2/5 994/2/5
f 996/1/5 834/1/5 995/1/5
f 997/2/5 967/2/5 966/2/5
f 997/1/5 834/1/5 996/1/5
f 997/2/5 965/2/5 834/2/5
f 997/2/5 966/2/5 965/2/5
f 998/1/5 968/1/5 967/1/5
f 998/2/5 967/2/5 997/2/5
f 999/2/5 972/2/5 971/2/5
f 999/1/5 970/1/5 969/1/5
f 999/2/5 971/2/5 970/2/5
f 1000/2/5 972/2/5 999/2/5
f 1001/1/5 973/1/5 972/1/5
f 1001/2/5 972/2/5 1000/2/5
f 1001/1/5 975/1/5 974/1/5
f 1001/1/5 974/1/5 973/1/5
f 1002/1/5 975/1/5 1001/1/5
f 1003/1/5 975/1/5 1002/1/5
f 1004/1/5 975/1/5 1003/1/5
f 1005/1/5 975/1/5 1004/1/5
f 1006/2/5 977/2/5 976/2/5
f 1006/1/5 975/1/5 1005/1/5
f 1006/2/5 976/2/5 975/2/5
f 1007/2/5 977/2/5 1006/2/5
f 1008/1/5 978/1/5 977/1/5
f 1008/2/5 977/2/5 1007/2/5
f 1008/1/5 979/1/5 978/1/5
f 1009/2/5 981/2/5 980/2/5
f 1009/2/5 980/2/5 979/2/5
f 1010/1/5 982/1/5 981/1/5
f 1010/2/5 981/2/5 1009/2/5
f 1011/1/5 983/1/5 923/1/5
f 1012/2/5 984/2/5 983/2/5
f 1012/1/5 983/1/5 1011/1/5
f 1012/2/5 985/2/5 984/2/5
f 1013/2/5 985/2/5 1012/2/5
f 1014/1/5 986/1/5 985/1/5
f 1014/2/5 985/2/5 1013/2/5
f 1015/1/5 988/1/5 987/1/5
f 1015/1/5 989/1/5 988/1/5
f 1016/2/5 990/2/5 989/2/5
f 1016/1/5 989/1/5 1015/1/5
f 1017/2/5 990/2/5 1016/2/5
f 1018/1/5 960/1/5 990/1/5
f 1018/2/5 990/2/5 1017/2/5
f 1019/2/5 992/2/5 991/2/5
f 1019/1/5 960/1/5 1018/1/5
f 1019/2/5 991/2/5 960/2/5
f 1020/2/5 992/2/5 1019/2/5
f 1021/2/5 996/2/5 995/2/5
f 1021/1/5 994/1/5 993/1/5
f 1021/2/5 995/2/5 994/2/5
f 1021/1/5 993/1/5 992/1/5
f 1022/2/5 996/2/5 1021/2/5
f 1023/1/5 997/1/5 996/1/5
f 1023/2/5 996/2/5 1022/2/5
f 1023/1/5 998/1/5 997/1/5
f 1024/1/5 998/1/5 1023/1/5
f 1025/1/5 1000/1/5 999/1/5
f 1025/2/5 1001/2/5 1000/2/5
f 1025/2/5 1002/2/5 1001/2/5
f 1026/2/5 1002/2/5 1025/2/5
f 1027/1/5 1003/1/5 1002/1/5
f 1027/2/5 1002/2/5 1026/2/5
f 1028/1/5 1003/1/5 1027/1/5
f 1029/1/5 1003/1/5 1028/1/5
f 1030/2/5 1004/2/5 1003/2/5
f 1030/1/5 1003/1/5 1029/1/5
f 1031/2/5 1004/2/5 1030/2/5
f 1032/1/5 1005/1/5 1004/1/5
f 1032/2/5 1004/2/5 1031/2/5
f 1033/1/5 1005/1/5 1032/1/5
f 1034/2/5 1007/2/5 1006/2/5
f 1034/1/5 1005/1/5 1033/1/5
f 1034/2/5 1006/2/5 1005/2/5
f 1035/2/5 1007/2/5 1034/2/5
f 1036/1/5 1008/1/5 1007/1/5
f 1036/2/5 1007/2/5 1035/2/5
f 1037/2/5 1009/2/5 979/2/5
f 1037/1/5 1008/1/5 1036/1/5
f 1037/1/5 979/1/5 1008/1/5
f 1038/1/5 1010/1/5 1009/1/5
f 1038/2/5 1009/2/5 1037/2/5
f 1039/1/5 1011/1/5 923/1/5
f 1040/2/5 1012/2/5 1011/2/5
f 1040/1/5 1011/1/5 1039/1/5
f 1040/2/5 1013/2/5 1012/2/5
f 1041/2/5 1013/2/5 1040/2/5
f 1042/1/5 1014/1/5 1013/1/5
f 1042/2/5 1013/2/5 1041/2/5
f 1043/2/5 1017/2/5 1016/2/5
f 1043/1/5 1015/1/5 987/1/5
f 1043/2/5 1016/2/5 1015/2/5
f 1044/1/5 1020/1/5 1019/1/5
f 1044/2/5 1017/2/5 1043/2/5
f 1044/1/5 1019/1/5 1018/1/5
f 1044/1/5 1018/1/5 1017/1/5
f 1045/1/5 1022/1/5 1021/1/5
f 1045/2/5 1024/2/5 1023/2/5
f 1045/2/5 1023/2/5 1022/2/5
f 1046/2/5 1024/2/5 1045/2/5
f 1047/1/5 998/1/5 1024/1/5
f 1047/2/5 1024/2/5 1046/2/5
f 1048/1/5 998/1/5 1047/1/5
f 1049/2/5 1028/2/5 1027/2/5
f 1049/2/5 1027/2/5 1026/2/5
f 1049/1/5 1026/1/5 1025/1/5
f 1050/2/5 1028/2/5 1049/2/5
f 1051/1/5 1029/1/5 1028/1/5
f 1051/2/5 1028/2/5 1050/2/5
f 1052/1/5 1029/1/5 1051/1/5
f 1053/1/5 1029/1/5 1052/1/5
f 1054/2/5 1030/2/5 1029/2/5
f 1054/1/5 1029/1/5 1053/1/5
f 1054/2/5 1031/2/5 1030/2/5
f 1055/2/5 1031/2/5 1054/2/5
f 1056/1/5 1033/1/5 1032/1/5
f 1056/2/5 1031/2/5 1055/2/5
f 1056/1/5 1032/1/5 1031/1/5
f 1057/1/5 1033/1/5 1056/1/5
f 1058/2/5 1034/2/5 1033/2/5
f 1058/1/5 1033/1/5 1057/1/5
f 1058/2/5 1035/2/5 1034/2/5
f 1059/2/5 1035/2/5 1058/2/5
f 1060/1/5 1036/1/5 1035/1/5
f 1060/2/5 1035/2/5 1059/2/5
f 1060/1/5 1038/1/5 1037/1/5
f 1060/1/5 1037/1/5 1036/1/5
f 1061/1/5 1010/1/5 1038/1/5
f 1061/1/5 1038/1/5 1060/1/5
f 1061/1/5 898/1/5 982/1/5
f 1061/1/5 982/1/5 1010/1/5
f 1062/1/5 898/1/5 1061/1/5
f 1063/1/5 1039/1/5 923/1/5
f 1064/2/5 1040/2/5 1039/2/5
f 1064/1/5 1039/1/5 1063/1/5
f 1064/2/5 1041/2/5 1040/2/5
f 1065/2/5 1041/2/5 1064/2/5
f 1066/1/5 1042/1/5 1041/1/5
f 1066/2/5 1041/2/5 1065/2/5
f 1067/1/5 1043/1/5 987/1/5
f 1067/2/5 987/2/5 955/2/5
f 1067/1/5 1044/1/5 1043/1/5
f 1068/1/5 1044/1/5 1067/1/5
f 1069/1/5 1020/1/5 1044/1/5
f 1069/1/5 1044/1/5 1068/1/5
f 1070/2/5 992/2/5 1020/2/5
f 1070/1/5 1020/1/5 1069/1/5
f 1071/1/5 1046/1/5 1045/1/5
f 1071/2/5 992/2/5 1070/2/5
f 1071/1/5 1021/1/5 992/1/5
f 1071/1/5 1045/1/5 1021/1/5
f 1072/2/5 1048/2/5 1047/2/5
f 1072/1/5 1046/1/5 1071/1/5
f 1072/2/5 1047/2/5 1046/2/5
f 1073/2/5 1048/2/5 1072/2/5
f 1074/1/5 998/1/5 1048/1/5
f 1074/2/5 1048/2/5 1073/2/5
f 1075/1/5 998/1/5 1074/1/5
f 1076/2/5 1052/2/5 1051/2/5
f 1076/2/5 1051/2/5 1050/2/5
f 1076/1/5 1050/1/5 1049/1/5
f 1077/2/5 1052/2/5 1076/2/5
f 1078/1/5 1053/1/5 1052/1/5
f 1078/2/5 1052/2/5 1077/2/5
f 1079/2/5 1055/2/5 1054/2/5
f 1079/1/5 1053/1/5 1078/1/5
f 1079/2/5 1054/2/5 1053/2/5
f 1080/2/5 1055/2/5 1079/2/5
f 1081/1/5 1057/1/5 1056/1/5
f 1081/2/5 1055/2/5 1080/2/5
f 1081/1/5 1056/1/5 1055/1/5
f 1082/1/5 1057/1/5 1081/1/5
f 1083/2/5 1059/2/5 1058/2/5
f 1083/1/5 1057/1/5 1082/1/5
f 1083/2/5 1058/2/5 1057/2/5
f 1084/2/5 1059/2/5 1083/2/5
f 1085/1/5 1060/1/5 1059/1/5
f 1085/2/5 1059/2/5 1084/2/5
f 1085/1/5 1061/1/5 1060/1/5
f 1086/1/5 1061/1/5 1085/1/5
f 1087/1/5 1061/1/5 1086/1/5
f 1088/2/5 1062/2/5 1061/2/5
f 1088/1/5 1061/1/5 1087/1/5
f 1089/1/5 1063/1/5 923/1/5
f 1090/2/5 1065/2/5 1064/2/5
f 1090/1/5 1063/1/5 1089/1/5
f 1090/2/5 1064/2/5 1063/2/5
f 1091/2/5 1065/2/5 1090/2/5
f 1092/1/5 1066/1/5 1065/1/5
f 1092/2/5 1065/2/5 1091/2/5
f 1093/1/5 1042/1/5 1066/1/5
f 1093/1/5 1066/1/5 1092/1/5
f 1093/1/5 1014/1/5 1042/1/5
f 1093/2/5 1068/2/5 1067/2/5
f 1093/1/5 955/1/5 986/1/5
f 1093/2/5 1067/2/5 955/2/5
f 1093/1/5 986/1/5 1014/1/5
f 1094/2/5 1068/2/5 1093/2/5
f 1095/1/5 1069/1/5 1068/1/5
f 1095/2/5 1068/2/5 1094/2/5
f 1096/2/5 1070/2/5 1069/2/5
f 1096/1/5 1069/1/5 1095/1/5
f 1097/1/5 1072/1/5 1071/1/5
f 1097/1/5 1073/1/5 1072/1/5
f 1097/2/5 1075/2/5 1074/2/5
f 1097/2/5 1074/2/5 1073/2/5
f 1097/1/5 1071/1/5 1070/1/5
f 1098/2/5 1075/2/5 1097/2/5
f 1099/1/5 968/1/5 998/1/5
f 1099/1/5 773/1/5 968/1/5
f 1099/1/5 998/1/5 1075/1/5
f 1100/1/5 773/1/5 1099/1/5
f 1101/1/5 1077/1/5 1076/1/5
f 1101/1/5 1025/1/5 999/1/5
f 1101/1/5 939/1/5 909/1/5
f 1101/1/5 969/1/5 939/1/5
f 1101/1/5 999/1/5 969/1/5
f 1101/1/5 1076/1/5 1049/1/5
f 1101/1/5 1049/1/5 1025/1/5
f 1102/1/5 1077/1/5 1101/1/5
f 1103/2/5 1078/2/5 1077/2/5
f 1103/1/5 1077/1/5 1102/1/5
f 1103/2/5 1080/2/5 1079/2/5
f 1103/2/5 1079/2/5 1078/2/5
f 1104/1/5 1082/1/5 1081/1/5
f 1104/2/5 1080/2/5 1103/2/5
f 1104/1/5 1081/1/5 1080/1/5
f 1105/2/5 1084/2/5 1083/2/5
f 1105/1/5 1082/1/5 1104/1/5
f 1105/2/5 1083/2/5 1082/2/5
f 1106/1/5 1085/1/5 1084/1/5
f 1106/2/5 1084/2/5 1105/2/5
f 1107/1/5 1085/1/5 1106/1/5
f 1108/2/5 1086/2/5 1085/2/5
f 1108/1/5 1085/1/5 1107/1/5
f 1109/1/5 1087/1/5 1086/1/5
f 1110/1/5 1087/1/5 1109/1/5
f 1111/1/5 1087/1/5 1110/1/5
f 1112/2/5 1088/2/5 1087/2/5
f 1112/1/5 1087/1/5 1111/1/5
f 1113/2/5 1062/2/5 1088/2/5
f 1113/2/5 1088/2/5 1112/2/5
f 1114/2/5 1062/2/5 1113/2/5
f 1115/1/5 923/1/5 578/1/5
f 1115/1/5 1089/1/5 923/1/5
f 1116/2/5 1090/2/5 1089/2/5
f 1116/1/5 1089/1/5 1115/1/5
f 1116/2/5 1091/2/5 1090/2/5
f 1117/2/5 1091/2/5 1116/2/5
f 1118/1/5 1094/1/5 1093/1/5
f 1118/2/5 1091/2/5 1117/2/5
f 1118/1/5 1092/1/5 1091/1/5
f 1118/1/5 1093/1/5 1092/1/5
f 1119/2/5 1095/2/5 1094/2/5
f 1119/1/5 1094/1/5 1118/1/5
f 1119/2/5 1096/2/5 1095/2/5
f 1120/1/5 1098/1/5 1097/1/5
f 1120/2/5 1096/2/5 1119/2/5
f 1120/2/5 1070/2/5 1096/2/5
f 1120/1/5 1097/1/5 1070/1/5
f 1121/2/5 1075/2/5 1098/2/5
f 1121/1/5 1099/1/5 1075/1/5
f 1122/1/5 1099/1/5 1121/1/5
f 1123/1/5 1099/1/5 1122/1/5
f 1124/2/5 1100/2/5 1099/2/5
f 1124/1/5 1099/1/5 1123/1/5
f 1125/1/5 1107/1/5 1106/1/5
f 1125/1/5 1105/1/5 1104/1/5
f 1125/1/5 1104/1/5 1103/1/5
f 1125/1/5 1103/1/5 1102/1/5
f 1125/1/5 1106/1/5 1105/1/5
f 1126/2/5 1108/2/5 1107/2/5
f 1126/1/5 1107/1/5 1125/1/5
f 1127/2/5 1086/2/5 1108/2/5
f 1127/2/5 1108/2/5 1126/2/5
f 1128/1/5 1109/1/5 1086/1/5
f 1128/2/5 1086/2/5 1127/2/5
f 1129/1/5 1109/1/5 1128/1/5
f 1130/2/5 1110/2/5 1109/2/5
f 1130/1/5 1109/1/5 1129/1/5
f 1131/2/5 1110/2/5 1130/2/5
f 1132/1/5 1111/1/5 1110/1/5
f 1132/2/5 1110/2/5 1131/2/5
f 1133/2/5 1113/2/5 1112/2/5
f 1133/1/5 1111/1/5 1132/1/5
f 1133/2/5 1112/2/5 1111/2/5
f 1134/2/5 1113/2/5 1133/2/5
f 1135/1/5 1114/1/5 1113/1/5
f 1135/2/5 1113/2/5 1134/2/5
f 1136/2/5 1117/2/5 1116/2/5
f 1136/2/5 1116/2/5 1115/2/5
f 1137/1/5 1118/1/5 1117/1/5
f 1137/2/5 1117/2/5 1136/2/5
f 1137/1/5 1119/1/5 1118/1/5
f 1137/1/5 1120/1/5 1119/1/5
f 1138/1/5 1098/1/5 1120/1/5
f 1138/1/5 1120/1/5 1137/1/5
f 1138/2/5 1122/2/5 1121/2/5
f 1138/2/5 1121/2/5 1098/2/5
f 1139/2/5 1122/2/5 1138/2/5
f 1140/1/5 1123/1/5 1122/1/5
f 1141/2/5 1124/2/5 1123/2/5
f 1141/1/5 1123/1/5 1140/1/5
f 1142/2/5 1100/2/5 1124/2/5
f 1142/2/5 1124/2/5 1141/2/5
f 1143/2/5 1102/2/5 1101/2/5
f 1144/1/5 1125/1/5 1102/1/5
f 1144/2/5 1102/2/5 1143/2/5
f 1145/1/5 1125/1/5 1144/1/5
f 1146/1/5 1125/1/5 1145/1/5
f 1147/2/5 1127/2/5 1126/2/5
f 1147/1/5 1125/1/5 1146/1/5
f 1147/2/5 1126/2/5 1125/2/5
f 1148/2/5 1127/2/5 1147/2/5
f 1149/1/5 1129/1/5 1128/1/5
f 1149/2/5 1127/2/5 1148/2/5
f 1149/1/5 1128/1/5 1127/1/5
f 1150/1/5 1129/1/5 1149/1/5
f 1151/2/5 1131/2/5 1130/2/5
f 1151/1/5 1129/1/5 1150/1/5
f 1151/2/5 1130/2/5 1129/2/5
f 1152/1/5 1132/1/5 1131/1/5
f 1152/2/5 1131/2/5 1151/2/5
f 1153/2/5 1133/2/5 1132/2/5
f 1153/1/5 1132/1/5 1152/1/5
f 1153/2/5 1134/2/5 1133/2/5
f 1154/1/5 1135/1/5 1134/1/5
f 1154/2/5 1134/2/5 1153/2/5
f 1155/2/5 1136/2/5 1115/2/5
f 1155/1/5 1115/1/5 578/1/5
f 1156/1/5 1137/1/5 1136/1/5
f 1156/2/5 1136/2/5 1155/2/5
f 1156/1/5 1138/1/5 1137/1/5
f 1156/1/5 1139/1/5 1138/1/5
f 1157/2/5 1122/2/5 1139/2/5
f 1157/1/5 1139/1/5 1156/1/5
f 1158/1/5 1140/1/5 1122/1/5
f 1158/2/5 1122/2/5 1157/2/5
f 1159/1/5 1140/1/5 1158/1/5
f 1160/2/5 1141/2/5 1140/2/5
f 1160/1/5 1140/1/5 1159/1/5
f 1161/2/5 1145/2/5 1144/2/5
f 1161/1/5 1144/1/5 1143/1/5
f 1162/2/5 1145/2/5 1161/2/5
f 1163/1/5 1146/1/5 1145/1/5
f 1163/2/5 1145/2/5 1162/2/5
f 1164/1/5 1146/1/5 1163/1/5
f 1165/1/5 1146/1/5 1164/1/5
f 1166/1/5 1146/1/5 1165/1/5
f 1167/1/5 1146/1/5 1166/1/5
f 1168/2/5 1148/2/5 1147/2/5
f 1168/1/5 1146/1/5 1167/1/5
f 1168/2/5 1147/2/5 1146/2/5
f 1169/2/5 1148/2/5 1168/2/5
f 1170/1/5 1150/1/5 1149/1/5
f 1170/2/5 1148/2/5 1169/2/5
f 1170/1/5 1149/1/5 1148/1/5
f 1171/1/5 1150/1/5 1170/1/5
f 1172/2/5 1151/2/5 1150/2/5
f 1172/1/5 1150/1/5 1171/1/5
f 1173/2/5 1151/2/5 1172/2/5
f 1174/1/5 1153/1/5 1152/1/5
f 1174/2/5 1151/2/5 1173/2/5
f 1174/1/5 1154/1/5 1153/1/5
f 1174/1/5 1152/1/5 1151/1/5
f 1175/1/5 1156/1/5 1155/1/5
f 1175/1/5 1159/1/5 1158/1/5
f 1175/1/5 1157/1/5 1156/1/5
f 1175/1/5 1158/1/5 1157/1/5
f 1176/2/5 1160/2/5 1159/2/5
f 1176/1/5 1159/1/5 1175/1/5
f 1177/2/5 1141/2/5 1160/2/5
f 1177/2/5 1160/2/5 1176/2/5
f 1178/1/5 1142/1/5 1141/1/5
f 1178/2/5 1141/2/5 1177/2/5
f 1179/1/5 1162/1/5 1161/1/5
f 1179/2/5 1164/2/5 1163/2/5
f 1179/2/5 1163/2/5 1162/2/5
f 1180/1/5 1165/1/5 1164/1/5
f 1180/2/5 1164/2/5 1179/2/5
f 1181/1/5 1165/1/5 1180/1/5
f 1182/2/5 1166/2/5 1165/2/5
f 1182/1/5 1165/1/5 1181/1/5
f 1183/2/5 1166/2/5 1182/2/5
f 1184/1/5 1167/1/5 1166/1/5
f 1184/2/5 1166/2/5 1183/2/5
f 1185/1/5 1167/1/5 1184/1/5
f 1186/1/5 1167/1/5 1185/1/5
f 1187/2/5 1169/2/5 1168/2/5
f 1187/1/5 1167/1/5 1186/1/5
f 1187/2/5 1168/2/5 1167/2/5
f 1188/2/5 1169/2/5 1187/2/5
f 1189/1/5 1170/1/5 1169/1/5
f 1189/2/5 1169/2/5 1188/2/5
f 1189/1/5 1171/1/5 1170/1/5
f 1190/1/5 1171/1/5 1189/1/5
f 1191/2/5 1173/2/5 1172/2/5
f 1191/1/5 1171/1/5 1190/1/5
f 1191/2/5 1172/2/5 1171/2/5
f 1192/2/5 1173/2/5 1191/2/5
f 1193/1/5 1174/1/5 1173/1/5
f 1193/2/5 1173/2/5 1192/2/5
f 1194/1/5 1175/1/5 1155/1/5
f 1195/1/5 1175/1/5 1194/1/5
f 1196/1/5 1175/1/5 1195/1/5
f 1197/2/5 1177/2/5 1176/2/5
f 1197/1/5 1175/1/5 1196/1/5
f 1197/2/5 1176/2/5 1175/2/5
f 1198/2/5 1177/2/5 1197/2/5
f 1199/1/5 1178/1/5 1177/1/5
f 1199/2/5 1177/2/5 1198/2/5
f 1200/2/5 1181/2/5 1180/2/5
f 1200/1/5 1180/1/5 1179/1/5
f 1201/1/5 1183/1/5 1182/1/5
f 1201/2/5 1181/2/5 1200/2/5
f 1201/1/5 1182/1/5 1181/1/5
f 1202/2/5 1185/2/5 1184/2/5
f 1202/1/5 1183/1/5 1201/1/5
f 1202/2/5 1184/2/5 1183/2/5
f 1203/2/5 1185/2/5 1202/2/5
f 1204/1/5 1186/1/5 1185/1/5
f 1204/2/5 1185/2/5 1203/2/5
f 1205/1/5 1186/1/5 1204/1/5
f 1206/1/5 1186/1/5 1205/1/5
f 1207/2/5 1188/2/5 1187/2/5
f 1207/1/5 1186/1/5 1206/1/5
f 1207/2/5 1187/2/5 1186/2/5
f 1208/2/5 1188/2/5 1207/2/5
f 1209/1/5 1190/1/5 1189/1/5
f 1209/2/5 1188/2/5 1208/2/5
f 1209/1/5 1189/1/5 1188/1/5
f 1210/1/5 1190/1/5 1209/1/5
f 1211/2/5 1192/2/5 1191/2/5
f 1211/1/5 1190/1/5 1210/1/5
f 1211/2/5 1191/2/5 1190/2/5
f 1212/2/5 1192/2/5 1211/2/5
f 1213/1/5 1193/1/5 1192/1/5
f 1213/2/5 1192/2/5 1212/2/5
f 1214/2/5 1195/2/5 1194/2/5
f 1214/1/5 1194/1/5 1155/1/5
f 1215/2/5 1195/2/5 1214/2/5
f 1216/1/5 1196/1/5 1195/1/5
f 1216/2/5 1195/2/5 1215/2/5
f 1217/1/5 1196/1/5 1216/1/5
f 1218/2/5 1198/2/5 1197/2/5
f 1218/2/5 1197/2/5 1196/2/5
f 1219/1/5 1199/1/5 1198/1/5
f 1219/2/5 1198/2/5 1218/2/5
f 1220/1/5 1203/1/5 1202/1/5
f 1220/1/5 1201/1/5 1200/1/5
f 1220/1/5 1202/1/5 1201/1/5
f 1221/1/5 1203/1/5 1220/1/5
f 1222/2/5 1205/2/5 1204/2/5
f 1222/1/5 1203/1/5 1221/1/5
f 1222/2/5 1204/2/5 1203/2/5
f 1223/2/5 1205/2/5 1222/2/5
f 1224/1/5 1206/1/5 1205/1/5
f 1225/2/5 1208/2/5 1207/2/5
f 1225/1/5 1206/1/5 1224/1/5
f 1225/2/5 1207/2/5 1206/2/5
f 1226/2/5 1208/2/5 1225/2/5
f 1227/1/5 1210/1/5 1209/1/5
f 1227/2/5 1208/2/5 1226/2/5
f 1227/1/5 1209/1/5 1208/1/5
f 1228/1/5 1210/1/5 1227/1/5
f 1229/2/5 1212/2/5 1211/2/5
f 1229/1/5 1210/1/5 1228/1/5
f 1229/2/5 1211/2/5 1210/2/5
f 1230/2/5 1212/2/5 1229/2/5
f 1231/1/5 1213/1/5 1212/1/5
f 1231/2/5 1212/2/5 1230/2/5
f 1232/1/5 1154/1/5 1174/1/5
f 1232/1/5 1213/1/5 1231/1/5
f 1232/1/5 1193/1/5 1213/1/5
f 1232/1/5 1174/1/5 1193/1/5
f 1233/1/5 1154/1/5 1232/1/5
f 1234/1/5 1215/1/5 1214/1/5
f 1234/2/5 1217/2/5 1216/2/5
f 1234/2/5 1216/2/5 1215/2/5
f 1235/1/5 1196/1/5 1217/1/5
f 1235/2/5 1217/2/5 1234/2/5
f 1236/1/5 1196/1/5 1235/1/5
f 1237/1/5 1196/1/5 1236/1/5
f 1238/2/5 1218/2/5 1196/2/5
f 1238/1/5 1196/1/5 1237/1/5
f 1239/1/5 1220/1/5 1200/1/5
f 1240/2/5 1221/2/5 1220/2/5
f 1240/1/5 1220/1/5 1239/1/5
f 1241/1/5 1223/1/5 1222/1/5
f 1241/2/5 1205/2/5 1223/2/5
f 1241/1/5 1222/1/5 1221/1/5
f 1242/2/5 1205/2/5 1241/2/5
f 1243/1/5 1224/1/5 1205/1/5
f 1243/2/5 1205/2/5 1242/2/5
f 1244/1/5 1224/1/5 1243/1/5
f 1245/2/5 1226/2/5 1225/2/5
f 1245/2/5 1225/2/5 1224/2/5
f 1246/1/5 1228/1/5 1227/1/5
f 1246/2/5 1226/2/5 1245/2/5
f 1246/1/5 1227/1/5 1226/1/5
f 1247/1/5 1228/1/5 1246/1/5
f 1248/2/5 1229/2/5 1228/2/5
f 1248/1/5 1228/1/5 1247/1/5
f 1248/2/5 1230/2/5 1229/2/5
f 1249/2/5 1230/2/5 1248/2/5
f 1250/1/5 1231/1/5 1230/1/5
f 1250/2/5 1230/2/5 1249/2/5
f 1250/1/5 1232/1/5 1231/1/5
f 1251/1/5 1232/1/5 1250/1/5
f 1252/2/5 1233/2/5 1232/2/5
f 1252/1/5 1232/1/5 1251/1/5
f 1253/2/5 1233/2/5 1252/2/5
f 1254/2/5 1233/2/5 1253/2/5
f 1255/1/5 1235/1/5 1234/1/5
f 1255/2/5 1236/2/5 1235/2/5
f 1256/2/5 1236/2/5 1255/2/5
f 1257/1/5 1237/1/5 1236/1/5
f 1257/2/5 1236/2/5 1256/2/5
f 1258/1/5 1237/1/5 1257/1/5
f 1259/1/5 1237/1/5 1258/1/5
f 1260/1/5 1237/1/5 1259/1/5
f 1261/2/5 1238/2/5 1237/2/5
f 1262/1/5 1219/1/5 1218/1/5
f 1262/2/5 1238/2/5 1261/2/5
f 1262/2/5 1218/2/5 1238/2/5
f 1263/1/5 1239/1/5 1200/1/5
f 1264/2/5 1240/2/5 1239/2/5
f 1264/1/5 1239/1/5 1263/1/5
f 1265/2/5 1221/2/5 1240/2/5
f 1265/2/5 1240/2/5 1264/2/5
f 1266/1/5 1242/1/5 1241/1/5
f 1266/2/5 1221/2/5 1265/2/5
f 1266/1/5 1241/1/5 1221/1/5
f 1267/2/5 1244/2/5 1243/2/5
f 1267/1/5 1242/1/5 1266/1/5
f 1267/2/5 1243/2/5 1242/2/5
f 1268/2/5 1244/2/5 1267/2/5
f 1269/1/5 1224/1/5 1244/1/5
f 1269/2/5 1245/2/5 1224/2/5
f 1270/1/5 1247/1/5 1246/1/5
f 1270/2/5 1245/2/5 1269/2/5
f 1270/1/5 1246/1/5 1245/1/5
f 1271/1/5 1247/1/5 1270/1/5
f 1272/2/5 1249/2/5 1248/2/5
f 1272/1/5 1247/1/5 1271/1/5
f 1272/2/5 1248/2/5 1247/2/5
f 1273/2/5 1249/2/5 1272/2/5
f 1274/1/5 1251/1/5 1250/1/5
f 1274/2/5 1249/2/5 1273/2/5
f 1274/1/5 1250/1/5 1249/1/5
f 1275/1/5 1251/1/5 1274/1/5
f 1276/2/5 1252/2/5 1251/2/5
f 1276/1/5 1251/1/5 1275/1/5
f 1276/2/5 1253/2/5 1252/2/5
f 1277/2/5 1253/2/5 1276/2/5
f 1278/1/5 1254/1/5 1253/1/5
f 1278/2/5 1253/2/5 1277/2/5
f 1279/2/5 1233/2/5 1254/2/5
f 1279/1/5 1254/1/5 1278/1/5
f 1280/1/5 1154/1/5 1233/1/5
f 1280/2/5 1233/2/5 1279/2/5
f 1281/1/5 1256/1/5 1255/1/5
f 1281/2/5 1257/2/5 1256/2/5
f 1281/2/5 1258/2/5 1257/2/5
f 1282/2/5 1258/2/5 1281/2/5
f 1283/1/5 1259/1/5 1258/1/5
f 1283/2/5 1258/2/5 1282/2/5
f 1284/2/5 1260/2/5 1259/2/5
f 1284/1/5 1259/1/5 1283/1/5
f 1285/2/5 1260/2/5 1284/2/5
f 1286/2/5 1260/2/5 1285/2/5
f 1287/2/5 1260/2/5 1286/2/5
f 1288/1/5 1237/1/5 1260/1/5
f 1288/2/5 1260/2/5 1287/2/5
f 1289/1/5 1237/1/5 1288/1/5
f 1290/1/5 1237/1/5 1289/1/5
f 1291/2/5 1261/2/5 1237/2/5
f 1291/1/5 1262/1/5 1261/1/5
f 1292/1/5 1262/1/5 1291/1/5
f 1293/1/5 1263/1/5 1200/1/5
f 1293/1/5 1179/1/5 1161/1/5
f 1293/1/5 1200/1/5 1179/1/5
f 1294/2/5 1265/2/5 1264/2/5
f 1294/1/5 1263/1/5 1293/1/5
f 1294/2/5 1264/2/5 1263/2/5
f 1295/2/5 1265/2/5 1294/2/5
f 1296/1/5 1267/1/5 1266/1/5
f 1296/2/5 1265/2/5 1295/2/5
f 1296/1/5 1266/1/5 1265/1/5
f 1296/1/5 1268/1/5 1267/1/5
f 1297/1/5 1271/1/5 1270/1/5
f 1297/2/5 1244/2/5 1268/2/5
f 1297/1/5 1269/1/5 1244/1/5
f 1297/1/5 1270/1/5 1269/1/5
f 1298/1/5 1271/1/5 1297/1/5
f 1299/2/5 1273/2/5 1272/2/5
f 1299/1/5 1271/1/5 1298/1/5
f 1299/2/5 1272/2/5 1271/2/5
f 1300/1/5 1275/1/5 1274/1/5
f 1300/2/5 1273/2/5 1299/2/5
f 1300/1/5 1274/1/5 1273/1/5
f 1301/1/5 1275/1/5 1300/1/5
f 1302/2/5 1277/2/5 1276/2/5
f 1302/1/5 1275/1/5 1301/1/5
f 1302/2/5 1276/2/5 1275/2/5
f 1303/2/5 1277/2/5 1302/2/5
f 1304/1/5 1279/1/5 1278/1/5
f 1304/2/5 1277/2/5 1303/2/5
f 1304/1/5 1278/1/5 1277/1/5
f 1304/1/5 1280/1/5 1279/1/5
f 1305/1/5 1155/1/5 578/1/5
f 1305/1/5 1234/1/5 1214/1/5
f 1305/1/5 1282/1/5 1281/1/5
f 1305/1/5 1214/1/5 1155/1/5
f 1305/1/5 1281/1/5 1255/1/5
f 1305/1/5 1255/1/5 1234/1/5
f 1306/2/5 1285/2/5 1284/2/5
f 1306/1/5 1282/1/5 1305/1/5
f 1306/2/5 1283/2/5 1282/2/5
f 1306/2/5 1284/2/5 1283/2/5
f 1307/1/5 1286/1/5 1285/1/5
f 1307/2/5 1285/2/5 1306/2/5
f 1308/2/5 1287/2/5 1286/2/5
f 1308/1/5 1286/1/5 1307/1/5
f 1309/1/5 1289/1/5 1288/1/5
f 1309/2/5 1287/2/5 1308/2/5
f 1309/1/5 1288/1/5 1287/1/5
f 1310/2/5 1290/2/5 1289/2/5
f 1310/1/5 1289/1/5 1309/1/5
f 1311/1/5 1237/1/5 1290/1/5
f 1311/2/5 1290/2/5 1310/2/5
f 1312/2/5 1292/2/5 1291/2/5
f 1312/1/5 1237/1/5 1311/1/5
f 1312/2/5 1291/2/5 1237/2/5
f 1313/1/5 1262/1/5 1292/1/5
f 1313/2/5 1292/2/5 1312/2/5
f 1314/1/5 1219/1/5 1262/1/5
f 1314/1/5 1262/1/5 1313/1/5
f 1314/1/5 1142/1/5 1178/1/5
f 1314/1/5 1178/1/5 1199/1/5
f 1314/1/5 1199/1/5 1219/1/5
f 1315/1/5 1293/1/5 1161/1/5
f 1315/1/5 1161/1/5 1143/1/5
f 1316/2/5 1295/2/5 1294/2/5
f 1316/1/5 1293/1/5 1315/1/5
f 1316/2/5 1294/2/5 1293/2/5
f 1317/1/5 1296/1/5 1295/1/5
f 1317/2/5 1295/2/5 1316/2/5
f 1318/1/5 1268/1/5 1296/1/5
f 1318/1/5 1296/1/5 1317/1/5
f 1318/2/5 1297/2/5 1268/2/5
f 1318/2/5 1298/2/5 1297/2/5
f 1319/1/5 1301/1/5 1300/1/5
f 1319/2/5 1298/2/5 1318/2/5
f 1319/1/5 1300/1/5 1299/1/5
f 1319/1/5 1299/1/5 1298/1/5
f 1320/2/5 1302/2/5 1301/2/5
f 1320/1/5 1301/1/5 1319/1/5
f 1320/2/5 1303/2/5 1302/2/5
f 1321/1/5 1304/1/5 1303/1/5
f 1321/2/5 1303/2/5 1320/2/5
f 1322/1/5 1114/1/5 1135/1/5
f 1322/1/5 1304/1/5 1321/1/5
f 1322/1/5 1280/1/5 1304/1/5
f 1322/1/5 1135/1/5 1154/1/5
f 1322/1/5 1154/1/5 1280/1/5
f 1327/1/5 1326/1/5 1325/1/5
f 1328/1/5 1324/1/5 1323/1/5
f 1329/1/5 1324/1/5 1328/1/5
f 1330/1/5 1327/1/5 1325/1/5
f 1331/1/5 1327/1/5 1330/1/5
f 1332/2/5 1329/2/5 1328/2/5
f 1333/2/5 1331/2/5 1330/2/5
f 1334/2/5 1329/2/5 1332/2/5
f 1335/2/5 1329/2/5 1334/2/5
f 1336/2/5 1333/2/5 1330/2/5
f 1337/2/5 1333/2/5 1336/2/5
f 1338/1/5 1337/1/5 1336/1/5
f 1339/1/5 1338/1/5 1336/1/5
f 1340/1/5 1338/1/5 1339/1/5
f 1341/2/5 1340/2/5 1339/2/5
f 1342/2/5 1340/2/5 1341/2/5
f 1343/1/5 1335/1/5 1334/1/5
f 1344/1/5 1342/1/5 1341/1/5
f 1345/1/5 1335/1/5 1343/1/5
f 1346/1/5 1335/1/5 1345/1/5
f 1347/1/5 1344/1/5 1341/1/5
f 1348/1/5 1344/1/5 1347/1/5
f 1349/2/5 1346/2/5 1345/2/5
f 1350/2/5 1346/2/5 1349/2/5
f 1351/2/5 1348/2/5 1347/2/5
f 1352/2/5 1348/2/5 1351/2/5
f 1353/1/5 1350/1/5 1349/1/5
f 1354/1/5 1350/1/5 1353/1/5
f 1355/1/5 1352/1/5 1351/1/5
f 1356/1/5 1352/1/5 1355/1/5
f 1359/1/5 1358/1/5 1357/1/5
f 1360/1/5 1358/1/5 1359/1/5
f 1361/1/5 1358/1/5 1360/1/5
f 1362/1/5 1360/1/5 1359/1/5
f 1363/2/5 1361/2/5 1360/2/5
f 1363/1/5 1360/1/5 1362/1/5
f 1364/2/5 1363/2/5 1362/2/5
f 1365/2/5 1361/2/5 1363/2/5
f 1365/2/5 1363/2/5 1364/2/5
f 1366/1/5 1365/1/5 1364/1/5
f 1367/1/5 1365/1/5 1366/1/5
f 1368/1/5 1365/1/5 1367/1/5
f 1369/2/5 1367/2/5 1366/2/5
f 1369/1/5 1368/1/5 1367/1/5
f 1370/1/5 1368/1/5 1369/1/5
f 1371/1/5 1366/1/5 1364/1/5
f 1371/2/5 1369/2/5 1366/2/5
f 1371/2/5 1370/2/5 1369/2/5
f 1372/2/5 1370/2/5 1371/2/5
f 1373/1/5 1371/1/5 1364/1/5
f 1373/1/5 1372/1/5 1371/1/5
f 1374/1/5 1372/1/5 1373/1/5
f 1375/2/5 1374/2/5 1373/2/5
f 1376/2/5 1374/2/5 1375/2/5
f 1377/1/5 1376/1/5 1375/1/5
f 1378/1/5 1376/1/5 1377/1/5
f 1379/1/5 1377/1/5 1375/1/5
f 1379/2/5 1378/2/5 1377/2/5
f 1380/2/5 1378/2/5 1379/2/5
f 1381/1/5 1376/1/5 1378/1/5
f 1381/2/5 1378/2/5 1380/2/5
f 1382/1/5 1376/1/5 1381/1/5
f 1383/1/5 1380/1/5 1379/1/5
f 1383/2/5 1381/2/5 1380/2/5
f 1383/2/5 1382/2/5 1381/2/5
f 1384/2/5 1382/2/5 1383/2/5
f 1385/1/5 1384/1/5 1383/1/5
f 1385/2/5 1382/2/5 1384/2/5
f 1386/2/5 1382/2/5 1385/2/5
f 1387/1/5 1379/1/5 1375/1/5
f 1387/1/5 1383/1/5 1379/1/5
f 1387/1/5 1386/1/5 1385/1/5
f 1387/1/5 1385/1/5 1383/1/5
f 1388/1/5 1386/1/5 1387/1/5
f 1389/1/6 1390/1/6 1393/1/6
f 1390/2/6 1391/2/6 1394/2/6
f 1393/1/6 1390/1/6 1394/1/6
f 1394/2/6 1391/2/6 1395/2/6
f 1391/1/6 1392/1/6 1396/1/6
f 1395/2/6 1391/2/6 1396/2/6
f 1389/1/6 1393/1/6 1397/1/6
f 1394/2/6 1395/2/6 1398/2/6
f 1397/1/6 1393/1/6 1398/1/6
f 1393/2/6 1394/2/6 1398/2/6
f 1398/2/6 1395/2/6 1399/2/6
f 1395/1/6 1396/1/6 1400/1/6
f 1399/2/6 1395/2/6 1400/2/6
f 1389/1/6 1397/1/6 1401/1/6
f 1398/2/6 1399/2/6 1402/2/6
f 1401/1/6 1397/1/6 1402/1/6
f 1397/2/6 1398/2/6 1402/2/6
f 1402/2/6 1399/2/6 1403/2/6
f 1399/1/6 1400/1/6 1404/1/6
f 1403/2/6 1399/2/6 1404/2/6
f 1389/1/6 1401/1/6 1405/1/6
f 1402/2/6 1403/2/6 1406/2/6
f 1405/1/6 1401/1/6 1406/1/6
f 1401/2/6 1402/2/6 1406/2/6
f 1406/2/6 1403/2/6 1407/2/6
f 1403/1/6 1404/1/6 1408/1/6
f 1407/2/6 1403/2/6 1408/2/6
f 1400/1/6 1396/1/6 1409/1/6
f 1408/1/6 1404/1/6 1409/1/6
f 1396/1/6 1392/1/6 1409/1/6
f 1404/1/6 1400/1/6 1409/1/6
f 1409/1/6 1392/1/6 1410/1/6
f 1405/2/6 1406/2/6 1411/2/6
f 1406/2/6 1407/2/6 1411/2/6
f 1407/1/6 1408/1/6 1412/1/6
f 1411/2/6 1407/2/6 1412/2/6
f 1408/1/6 1409/1/6 1412/1/6
f 1412/1/6 1409/1/6 1413/1/6
f 1409/2/6 1410/2/6 1414/2/6
f 1413/1/6 1409/1/6 1414/1/6
f 1414/2/6 1410/2/6 1415/2/6
f 1389/1/6 1405/1/6 1416/1/6
f 1405/2/6 1411/2/6 1417/2/6
f 1416/1/6 1405/1/6 1417/1/6
f 1413/2/6 1414/2/6 1418/2/6
f 1414/1/6 1415/1/6 1419/1/6
f 1418/2/6 1414/2/6 1419/2/6
f 1389/1/6 1416/1/6 1420/1/6
f 1416/2/6 1417/2/6 1421/2/6
f 1420/1/6 1416/1/6 1421/1/6
f 1417/2/6 1411/2/6 1422/2/6
f 1421/2/6 1417/2/6 1422/2/6
f 1412/1/6 1413/1/6 1423/1/6
f 1422/2/6 1411/2/6 1423/2/6
f 1411/1/6 1412/1/6 1423/1/6
f 1413/2/6 1418/2/6 1424/2/6
f 1423/1/6 1413/1/6 1424/1/6
f 1418/1/6 1419/1/6 1425/1/6
f 1424/2/6 1418/2/6 1425/2/6
f 1389/1/6 1420/1/6 1426/1/6
f 1421/2/6 1422/2/6 1427/2/6
f 1426/1/6 1420/1/6 1427/1/6
f 1420/2/6 1421/2/6 1427/2/6
f 1427/2/6 1422/2/6 1428/2/6
f 1423/1/6 1424/1/6 1429/1/6
f 1428/2/6 1422/2/6 1429/2/6
f 1424/1/6 1425/1/6 1429/1/6
f 1422/1/6 1423/1/6 1429/1/6
f 1389/1/6 1426/1/6 1430/1/6
f 1427/2/6 1428/2/6 1431/2/6
f 1430/1/6 1426/1/6 1431/1/6
f 1426/2/6 1427/2/6 1431/2/6
f 1431/2/6 1428/2/6 1432/2/6
f 1428/1/6 1429/1/6 1433/1/6
f 1432/2/6 1428/2/6 1433/2/6
f 1389/1/6 1430/1/6 1434/1/6
f 1431/2/6 1432/2/6 1435/2/6
f 1434/1/6 1430/1/6 1435/1/6
f 1430/2/6 1431/2/6 1435/2/6
f 1432/1/6 1433/1/6 1436/1/6
f 1435/2/6 1432/2/6 1436/2/6
f 1389/1/6 1434/1/6 1437/1/6
f 1434/2/6 1435/2/6 1438/2/6
f 1437/1/6 1434/1/6 1438/1/6
f 1438/2/6 1435/2/6 1439/2/6
f 1435/1/6 1436/1/6 1440/1/6
f 1439/2/6 1435/2/6 1440/2/6
f 1438/2/6 1439/2/6 1441/2/6
f 1437/2/6 1438/2/6 1441/2/6
f 1439/1/6 1440/1/6 1442/1/6
f 1441/2/6 1439/2/6 1442/2/6
f 1429/1/6 1425/1/6 1443/1/6
f 1442/1/6 1440/1/6 1443/1/6
f 1433/1/6 1429/1/6 1443/1/6
f 1436/1/6 1433/1/6 1443/1/6
f 1440/1/6 1436/1/6 1443/1/6
f 1425/1/6 1419/1/6 1443/1/6
f 1419/1/6 1415/1/6 1444/1/6
f 1443/1/6 1419/1/6 1444/1/6
f 1437/2/6 1441/2/6 1445/2/6
f 1442/1/6 1443/1/6 1446/1/6
f 1445/2/6 1441/2/6 1446/2/6
f 1441/1/6 1442/1/6 1446/1/6
f 1446/1/6 1443/1/6 1447/1/6
f 1447/1/6 1443/1/6 1448/1/6
f 1448/1/6 1443/1/6 1449/1/6
f 1443/2/6 1444/2/6 1450/2/6
f 1449/1/6 1443/1/6 1450/1/6
f 1450/2/6 1444/2/6 1451/2/6
f 1451/2/6 1444/2/6 1452/2/6
f 1445/1/6 1446/1/6 1453/1/6
f 1446/1/6 1447/1/6 1453/1/6
f 1447/2/6 1448/2/6 1454/2/6
f 1453/1/6 1447/1/6 1454/1/6
f 1448/1/6 1449/1/6 1455/1/6
f 1449/2/6 1450/2/6 1456/2/6
f 1455/1/6 1449/1/6 1456/1/6
f 1450/2/6 1451/2/6 1456/2/6
f 1456/2/6 1451/2/6 1457/2/6
f 1451/1/6 1452/1/6 1458/1/6
f 1457/2/6 1451/2/6 1458/2/6
f 1458/1/6 1452/1/6 1459/1/6
f 1445/1/6 1453/1/6 1460/1/6
f 1453/2/6 1454/2/6 1461/2/6
f 1460/1/6 1453/1/6 1461/1/6
f 1454/2/6 1448/2/6 1462/2/6
f 1461/2/6 1454/2/6 1462/2/6
f 1448/1/6 1455/1/6 1463/1/6
f 1462/2/6 1448/2/6 1463/2/6
f 1456/2/6 1457/2/6 1464/2/6
f 1455/2/6 1456/2/6 1464/2/6
f 1457/1/6 1458/1/6 1465/1/6
f 1464/2/6 1457/2/6 1465/2/6
f 1458/1/6 1459/1/6 1465/1/6
f 1465/1/6 1459/1/6 1466/1/6
f 1466/1/6 1459/1/6 1467/1/6
f 1445/1/6 1460/1/6 1468/1/6
f 1460/2/6 1461/2/6 1469/2/6
f 1468/1/6 1460/1/6 1469/1/6
f 1461/2/6 1462/2/6 1469/2/6
f 1469/2/6 1462/2/6 1470/2/6
f 1462/1/6 1463/1/6 1471/1/6
f 1470/2/6 1462/2/6 1471/2/6
f 1464/1/6 1465/1/6 1472/1/6
f 1465/1/6 1466/1/6 1472/1/6
f 1466/2/6 1467/2/6 1473/2/6
f 1472/1/6 1466/1/6 1473/1/6
f 1473/2/6 1467/2/6 1474/2/6
f 1474/2/6 1467/2/6 1475/2/6
f 1445/1/6 1468/1/6 1476/1/6
f 1469/2/6 1470/2/6 1477/2/6
f 1476/1/6 1468/1/6 1477/1/6
f 1468/2/6 1469/2/6 1477/2/6
f 1477/2/6 1470/2/6 1478/2/6
f 1470/1/6 1471/1/6 1479/1/6
f 1478/2/6 1470/2/6 1479/2/6
f 1464/1/6 1472/1/6 1480/1/6
f 1472/2/6 1473/2/6 1480/2/6
f 1473/2/6 1474/2/6 1480/2/6
f 1474/1/6 1475/1/6 1481/1/6
f 1480/2/6 1474/2/6 1481/2/6
f 1481/1/6 1475/1/6 1482/1/6
f 1445/1/6 1476/1/6 1483/1/6
f 1477/2/6 1478/2/6 1484/2/6
f 1483/1/6 1476/1/6 1484/1/6
f 1476/2/6 1477/2/6 1484/2/6
f 1484/2/6 1478/2/6 1485/2/6
f 1478/1/6 1479/1/6 1486/1/6
f 1485/2/6 1478/2/6 1486/2/6
f 1455/2/6 1464/2/6 1487/2/6
f 1464/1/6 1480/1/6 1487/1/6
f 1481/1/6 1482/1/6 1487/1/6
f 1480/1/6 1481/1/6 1487/1/6
f 1487/1/6 1482/1/6 1488/1/6
f 1445/1/6 1483/1/6 1489/1/6
f 1484/2/6 1485/2/6 1490/2/6
f 1489/1/6 1483/1/6 1490/1/6
f 1483/2/6 1484/2/6 1490/2/6
f 1490/2/6 1485/2/6 1491/2/6
f 1485/1/6 1486/1/6 1492/1/6
f 1491/2/6 1485/2/6 1492/2/6
f 1463/1/6 1455/1/6 1493/1/6
f 1492/1/6 1486/1/6 1493/1/6
f 1479/1/6 1471/1/6 1493/1/6
f 1486/1/6 1479/1/6 1493/1/6
f 1455/2/6 1487/2/6 1493/2/6
f 1487/2/6 1488/2/6 1493/2/6
f 1471/1/6 1463/1/6 1493/1/6
f 1493/2/6 1488/2/6 1494/2/6
f 1488/1/6 1482/1/6 1495/1/6
f 1494/2/6 1488/2/6 1495/2/6
f 1495/1/6 1482/1/6 1496/1/6
f 1445/1/6 1489/1/6 1497/1/6
f 1489/2/6 1490/2/6 1498/2/6
f 1497/1/6 1489/1/6 1498/1/6
f 1490/2/6 1491/2/6 1498/2/6
f 1498/2/6 1491/2/6 1499/2/6
f 1491/1/6 1492/1/6 1500/1/6
f 1499/2/6 1491/2/6 1500/2/6
f 1493/1/6 1494/1/6 1500/1/6
f 1492/1/6 1493/1/6 1500/1/6
f 1495/2/6 1496/2/6 1501/2/6
f 1500/1/6 1494/1/6 1501/1/6
f 1494/2/6 1495/2/6 1501/2/6
f 1501/2/6 1496/2/6 1502/2/6
f 1498/2/6 1499/2/6 1503/2/6
f 1497/2/6 1498/2/6 1503/2/6
f 1503/2/6 1499/2/6 1504/2/6
f 1499/1/6 1500/1/6 1505/1/6
f 1504/2/6 1499/2/6 1505/2/6
f 1501/1/6 1502/1/6 1505/1/6
f 1500/1/6 1501/1/6 1505/1/6
f 1503/2/6 1504/2/6 1506/2/6
f 1504/1/6 1505/1/6 1507/1/6
f 1506/2/6 1504/2/6 1507/2/6
f 1505/1/6 1502/1/6 1508/1/6
f 1507/1/6 1505/1/6 1508/1/6
f 1506/1/6 1507/1/6 1508/1/6
f 1508/1/6 1502/1/6 1509/1/6
f 1506/1/6 1508/1/6 1510/1/6
f 1508/2/6 1509/2/6 1510/2/6
f 1510/2/6 1509/2/6 1511/2/6
f 1510/1/6 1511/1/6 1512/1/6
f 1511/2/6 1509/2/6 1512/2/6
f 1512/2/6 1509/2/6 1513/2/6
f 1506/1/6 1510/1/6 1514/1/6
f 1510/1/6 1512/1/6 1514/1/6
f 1512/1/6 1513/1/6 1514/1/6
f 1514/1/6 1513/1/6 1515/1/6
f 1516/1/6 1517/1/6 1518/1/6
f 1518/1/6 1517/1/6 1519/1/6
f 1516/1/6 1518/1/6 1520/1/6
f 1518/2/6 1519/2/6 1521/2/6
f 1520/1/6 1518/1/6 1521/1/6
f 1521/2/6 1519/2/6 1522/2/6
f 1522/2/6 1519/2/6 1523/2/6
f 1520/2/6 1521/2/6 1524/2/6
f 1521/2/6 1522/2/6 1524/2/6
f 1522/1/6 1523/1/6 1525/1/6
f 1524/2/6 1522/2/6 1525/2/6
f 1524/1/6 1525/1/6 1526/1/6
f 1526/1/6 1525/1/6 1527/1/6
f 1526/2/6 1527/2/6 1528/2/6
f 1527/1/6 1525/1/6 1528/1/6
f 1525/1/6 1523/1/6 1529/1/6
f 1528/1/6 1525/1/6 1529/1/6
f 1526/2/6 1528/2/6 1530/2/6
f 1528/2/6 1529/2/6 1530/2/6
f 1530/2/6 1529/2/6 1531/2/6
f 1529/1/6 1523/1/6 1532/1/6
f 1531/2/6 1529/2/6 1532/2/6
f 1532/1/6 1523/1/6 1533/1/6
f 1530/1/6 1531/1/6 1534/1/6
f 1534/1/6 1531/1/6 1535/1/6
f 1531/2/6 1532/2/6 1536/2/6
f 1535/1/6 1531/1/6 1536/1/6
f 1532/2/6 1533/2/6 1536/2/6
f 1536/2/6 1533/2/6 1537/2/6
f 1534/2/6 1535/2/6 1538/2/6
f 1535/1/6 1536/1/6 1538/1/6
f 1536/1/6 1537/1/6 1538/1/6
f 1538/1/6 1537/1/6 1539/1/6
f 1537/2/6 1533/2/6 1540/2/6
f 1533/1/6 1523/1/6 1541/1/6
f 1540/2/6 1533/2/6 1541/2/6
f 1534/2/6 1538/2/6 1542/2/6
f 1538/2/6 1539/2/6 1542/2/6
f 1542/2/6 1539/2/6 1543/2/6
f 1539/1/6 1537/1/6 1544/1/6
f 1543/2/6 1539/2/6 1544/2/6
f 1544/1/6 1537/1/6 1545/1/6
f 1542/1/6 1543/1/6 1546/1/6
f 1543/2/6 1544/2/6 1546/2/6
f 1544/2/6 1545/2/6 1546/2/6
f 1545/1/6 1537/1/6 1547/1/6
f 1546/2/6 1545/2/6 1547/2/6
f 1537/2/6 1540/2/6 1548/2/6
f 1547/1/6 1537/1/6 1548/1/6
f 1546/1/6 1547/1/6 1549/1/6
f 1542/1/6 1546/1/6 1549/1/6
f 1547/2/6 1548/2/6 1550/2/6
f 1549/1/6 1547/1/6 1550/1/6
f 1548/2/6 1540/2/6 1551/2/6
f 1550/2/6 1548/2/6 1551/2/6
f 1540/1/6 1541/1/6 1552/1/6
f 1551/2/6 1540/2/6 1552/2/6
f 1549/2/6 1550/2/6 1553/2/6
f 1550/2/6 1551/2/6 1553/2/6
f 1551/1/6 1552/1/6 1554/1/6
f 1553/2/6 1551/2/6 1554/2/6
f 1552/1/6 1541/1/6 1555/1/6
f 1554/1/6 1552/1/6 1555/1/6
f 1553/1/6 1554/1/6 1555/1/6
f 1541/1/6 1523/1/6 1555/1/6
f 1555/1/6 1523/1/6 1556/1/6
f 1553/1/6 1555/1/6 1557/1/6
f 1557/1/6 1555/1/6 1558/1/6
f 1558/1/6 1555/1/6 1559/1/6
f 1555/2/6 1556/2/6 1560/2/6
f 1559/1/6 1555/1/6 1560/1/6
f 1560/2/6 1556/2/6 1561/2/6
f 1558/1/6 1559/1/6 1562/1/6
f 1559/2/6 1560/2/6 1562/2/6
f 1560/1/6 1561/1/6 1563/1/6
f 1562/2/6 1560/2/6 1563/2/6
f 1553/1/6 1557/1/6 1564/1/6
f 1557/2/6 1558/2/6 1565/2/6
f 1564/1/6 1557/1/6 1565/1/6
f 1564/2/6 1565/2/6 1566/2/6
f 1565/2/6 1558/2/6 1566/2/6
f 1558/1/6 1562/1/6 1567/1/6
f 1566/2/6 1558/2/6 1567/2/6
f 1562/1/6 1563/1/6 1567/1/6
f 1564/2/6 1566/2/6 1568/2/6
f 1566/1/6 1567/1/6 1569/1/6
f 1568/2/6 1566/2/6 1569/2/6
f 1568/1/6 1569/1/6 1570/1/6
f 1569/1/6 1567/1/6 1571/1/6
f 1570/1/6 1569/1/6 1571/1/6
f 1563/1/6 1561/1/6 1572/1/6
f 1571/1/6 1567/1/6 1572/1/6
f 1567/1/6 1563/1/6 1572/1/6
f 1573/1/6 1574/1/6 1581/1/6
f 1574/2/6 1575/2/6 1581/2/6
f 1575/1/6 1576/1/6 1582/1/6
f 1581/2/6 1575/2/6 1582/2/6
f 1576/2/6 1577/2/6 1583/2/6
f 1582/1/6 1576/1/6 1583/1/6
f 1577/1/6 1578/1/6 1584/1/6
f 1583/2/6 1577/2/6 1584/2/6
f 1578/2/6 1579/2/6 1585/2/6
f 1584/1/6 1578/1/6 1585/1/6
f 1585/2/6 1579/2/6 1586/2/6
f 1579/1/6 1580/1/6 1587/1/6
f 1586/2/6 1579/2/6 1587/2/6
f 1587/1/6 1580/1/6 1588/1/6
f 1585/1/6 1586/1/6 1589/1/6
f 1583/1/6 1584/1/6 1589/1/6
f 1573/1/6 1581/1/6 1589/1/6
f 1581/1/6 1582/1/6 1589/1/6
f 1584/1/6 1585/1/6 1589/1/6
f 1582/1/6 1583/1/6 1589/1/6
f 1589/1/6 1586/1/6 1590/1/6
f 1587/2/6 1588/2/6 1591/2/6
f 1590/1/6 1586/1/6 1591/1/6
f 1586/2/6 1587/2/6 1591/2/6
f 1591/2/6 1588/2/6 1592/2/6
f 1588/1/6 1580/1/6 1593/1/6
f 1592/2/6 1588/2/6 1593/2/6
f 1593/1/6 1580/1/6 1594/1/6
f 1591/1/6 1592/1/6 1595/1/6
f 1593/2/6 1594/2/6 1595/2/6
f 1592/2/6 1593/2/6 1595/2/6
f 1590/1/6 1591/1/6 1595/1/6
f 1595/2/6 1594/2/6 1596/2/6
f 1594/1/6 1580/1/6 1597/1/6
f 1596/2/6 1594/2/6 1597/2/6
f 1597/1/6 1580/1/6 1598/1/6
f 1595/1/6 1596/1/6 1599/1/6
f 1590/1/6 1595/1/6 1599/1/6
f 1599/1/6 1596/1/6 1600/1/6
f 1597/2/6 1598/2/6 1601/2/6
f 1600/1/6 1596/1/6 1601/1/6
f 1596/2/6 1597/2/6 1601/2/6
f 1601/2/6 1598/2/6 1602/2/6
f 1598/1/6 1580/1/6 1603/1/6
f 1602/2/6 1598/2/6 1603/2/6
f 1603/1/6 1580/1/6 1604/1/6
f 1590/1/6 1599/1/6 1605/1/6
f 1605/1/6 1599/1/6 1606/1/6
f 1606/1/6 1599/1/6 1607/1/6
f 1599/2/6 1600/2/6 1608/2/6
f 1607/1/6 1599/1/6 1608/1/6
f 1601/1/6 1602/1/6 1609/1/6
f 1608/2/6 1600/2/6 1609/2/6
f 1600/1/6 1601/1/6 1609/1/6
f 1609/1/6 1602/1/6 1610/1/6
f 1610/1/6 1602/1/6 1611/1/6
f 1611/1/6 1602/1/6 1612/1/6
f 1612/1/6 1602/1/6 1613/1/6
f 1602/2/6 1603/2/6 1614/2/6
f 1613/1/6 1602/1/6 1614/1/6
f 1603/2/6 1604/2/6 1614/2/6
f 1614/2/6 1604/2/6 1615/2/6
f 1604/1/6 1580/1/6 1616/1/6
f 1615/2/6 1604/2/6 1616/2/6
f 1616/1/6 1580/1/6 1617/1/6
f 1605/2/6 1606/2/6 1618/2/6
f 1606/1/6 1607/1/6 1619/1/6
f 1618/2/6 1606/2/6 1619/2/6
f 1619/1/6 1607/1/6 1620/1/6
f 1620/1/6 1607/1/6 1621/1/6
f 1607/2/6 1608/2/6 1622/2/6
f 1621/1/6 1607/1/6 1622/1/6
f 1608/1/6 1609/1/6 1623/1/6
f 1622/2/6 1608/2/6 1623/2/6
f 1609/1/6 1610/1/6 1623/1/6
f 1623/1/6 1610/1/6 1624/1/6
f 1610/2/6 1611/2/6 1625/2/6
f 1624/1/6 1610/1/6 1625/1/6
f 1611/1/6 1612/1/6 1626/1/6
f 1625/2/6 1611/2/6 1626/2/6
f 1626/1/6 1612/1/6 1627/1/6
f 1627/1/6 1612/1/6 1628/1/6
f 1612/2/6 1613/2/6 1629/2/6
f 1628/1/6 1612/1/6 1629/1/6
f 1629/2/6 1613/2/6 1630/2/6
f 1630/2/6 1613/2/6 1631/2/6
f 1614/1/6 1615/1/6 1632/1/6
f 1631/2/6 1613/2/6 1632/2/6
f 1613/1/6 1614/1/6 1632/1/6
f 1632/1/6 1615/1/6 1633/1/6
f 1615/2/6 1616/2/6 1634/2/6
f 1633/1/6 1615/1/6 1634/1/6
f 1616/2/6 1617/2/6 1634/2/6
f 1634/2/6 1617/2/6 1635/2/6
f 1619/2/6 1620/2/6 1636/2/6
f 1618/1/6 1619/1/6 1636/1/6
f 1620/1/6 1621/1/6 1637/1/6
f 1636/2/6 1620/2/6 1637/2/6
f 1637/1/6 1621/1/6 1638/1/6
f 1623/1/6 1624/1/6 1639/1/6
f 1622/1/6 1623/1/6 1639/1/6
f 1624/2/6 1625/2/6 1640/2/6
f 1639/1/6 1624/1/6 1640/1/6
f 1640/2/6 1625/2/6 1641/2/6
f 1625/1/6 1626/1/6 1642/1/6
f 1641/2/6 1625/2/6 1642/2/6
f 1626/2/6 1627/2/6 1643/2/6
f 1642/1/6 1626/1/6 1643/1/6
f 1627/1/6 1628/1/6 1644/1/6
f 1643/2/6 1627/2/6 1644/2/6
f 1629/2/6 1630/2/6 1645/2/6
f 1644/1/6 1628/1/6 1645/1/6
f 1628/2/6 1629/2/6 1645/2/6
f 1630/1/6 1631/1/6 1646/1/6
f 1645/2/6 1630/2/6 1646/2/6
f 1632/2/6 1633/2/6 1647/2/6
f 1646/1/6 1631/1/6 1647/1/6
f 1631/2/6 1632/2/6 1647/2/6
f 1647/2/6 1633/2/6 1648/2/6
f 1634/1/6 1635/1/6 1649/1/6
f 1648/2/6 1633/2/6 1649/2/6
f 1633/1/6 1634/1/6 1649/1/6
f 1649/1/6 1635/1/6 1650/1/6
f 1635/2/6 1617/2/6 1651/2/6
f 1650/1/6 1635/1/6 1651/1/6
f 1651/2/6 1617/2/6 1652/2/6
f 1636/1/6 1637/1/6 1653/1/6
f 1637/2/6 1638/2/6 1653/2/6
f 1638/1/6 1621/1/6 1654/1/6
f 1653/2/6 1638/2/6 1654/2/6
f 1654/1/6 1621/1/6 1655/1/6
f 1655/1/6 1621/1/6 1656/1/6
f 1656/1/6 1621/1/6 1657/1/6
f 1657/1/6 1621/1/6 1658/1/6
f 1621/2/6 1622/2/6 1659/2/6
f 1658/1/6 1621/1/6 1659/1/6
f 1622/1/6 1639/1/6 1660/1/6
f 1659/2/6 1622/2/6 1660/2/6
f 1640/2/6 1641/2/6 1661/2/6
f 1639/2/6 1640/2/6 1661/2/6
f 1642/1/6 1643/1/6 1662/1/6
f 1661/2/6 1641/2/6 1662/2/6
f 1643/1/6 1644/1/6 1662/1/6
f 1641/1/6 1642/1/6 1662/1/6
f 1644/2/6 1645/2/6 1663/2/6
f 1662/1/6 1644/1/6 1663/1/6
f 1645/1/6 1646/1/6 1664/1/6
f 1663/2/6 1645/2/6 1664/2/6
f 1647/1/6 1648/1/6 1664/1/6
f 1646/1/6 1647/1/6 1664/1/6
f 1649/2/6 1650/2/6 1665/2/6
f 1664/1/6 1648/1/6 1665/1/6
f 1648/2/6 1649/2/6 1665/2/6
f 1665/2/6 1650/2/6 1666/2/6
f 1654/2/6 1655/2/6 1667/2/6
f 1653/1/6 1654/1/6 1667/1/6
f 1655/1/6 1656/1/6 1668/1/6
f 1667/2/6 1655/2/6 1668/2/6
f 1668/1/6 1656/1/6 1669/1/6
f 1669/1/6 1656/1/6 1670/1/6
f 1656/2/6 1657/2/6 1671/2/6
f 1670/1/6 1656/1/6 1671/1/6
f 1671/2/6 1657/2/6 1672/2/6
f 1657/1/6 1658/1/6 1673/1/6
f 1672/2/6 1657/2/6 1673/2/6
f 1660/1/6 1639/1/6 1674/1/6
f 1659/1/6 1660/1/6 1674/1/6
f 1639/2/6 1661/2/6 1675/2/6
f 1674/1/6 1639/1/6 1675/1/6
f 1661/1/6 1662/1/6 1676/1/6
f 1663/1/6 1664/1/6 1676/1/6
f 1662/1/6 1663/1/6 1676/1/6
f 1666/2/6 1650/2/6 1676/2/6
f 1665/1/6 1666/1/6 1676/1/6
f 1664/1/6 1665/1/6 1676/1/6
f 1651/1/6 1652/1/6 1677/1/6
f 1676/2/6 1650/2/6 1677/2/6
f 1650/1/6 1651/1/6 1677/1/6
f 1677/1/6 1652/1/6 1678/1/6
f 1678/1/6 1652/1/6 1679/1/6
f 1668/2/6 1669/2/6 1680/2/6
f 1667/1/6 1668/1/6 1680/1/6
f 1680/2/6 1669/2/6 1681/2/6
f 1669/1/6 1670/1/6 1682/1/6
f 1671/2/6 1672/2/6 1683/2/6
f 1682/1/6 1670/1/6 1683/1/6
f 1670/2/6 1671/2/6 1683/2/6
f 1672/1/6 1673/1/6 1684/1/6
f 1683/2/6 1672/2/6 1684/2/6
f 1673/1/6 1658/1/6 1685/1/6
f 1684/1/6 1673/1/6 1685/1/6
f 1658/2/6 1659/2/6 1686/2/6
f 1685/1/6 1658/1/6 1686/1/6
f 1659/1/6 1674/1/6 1687/1/6
f 1674/2/6 1675/2/6 1688/2/6
f 1687/1/6 1674/1/6 1688/1/6
f 1675/2/6 1661/2/6 1689/2/6
f 1688/2/6 1675/2/6 1689/2/6
f 1661/1/6 1676/1/6 1690/1/6
f 1689/2/6 1661/2/6 1690/2/6
f 1676/1/6 1677/1/6 1690/1/6
f 1677/1/6 1678/1/6 1690/1/6
f 1690/1/6 1678/1/6 1691/1/6
f 1691/1/6 1678/1/6 1692/1/6
f 1692/1/6 1678/1/6 1693/1/6
f 1678/2/6 1679/2/6 1694/2/6
f 1693/1/6 1678/1/6 1694/1/6
f 1694/2/6 1679/2/6 1695/2/6
f 1695/2/6 1679/2/6 1696/2/6
f 1681/2/6 1669/2/6 1697/2/6
f 1680/1/6 1681/1/6 1697/1/6
f 1669/1/6 1682/1/6 1698/1/6
f 1697/2/6 1669/2/6 1698/2/6
f 1698/1/6 1682/1/6 1699/1/6
f 1699/1/6 1682/1/6 1700/1/6
f 1682/2/6 1683/2/6 1701/2/6
f 1700/1/6 1682/1/6 1701/1/6
f 1701/2/6 1683/2/6 1702/2/6
f 1684/1/6 1685/1/6 1703/1/6
f 1702/2/6 1683/2/6 1703/2/6
f 1683/1/6 1684/1/6 1703/1/6
f 1703/1/6 1685/1/6 1704/1/6
f 1685/2/6 1686/2/6 1705/2/6
f 1704/1/6 1685/1/6 1705/1/6
f 1686/2/6 1659/2/6 1706/2/6
f 1705/2/6 1686/2/6 1706/2/6
f 1659/1/6 1687/1/6 1707/1/6
f 1706/2/6 1659/2/6 1707/2/6
f 1687/2/6 1688/2/6 1708/2/6
f 1688/2/6 1689/2/6 1708/2/6
f 1689/1/6 1690/1/6 1709/1/6
f 1708/2/6 1689/2/6 1709/2/6
f 1690/1/6 1691/1/6 1709/1/6
f 1709/1/6 1691/1/6 1710/1/6
f 1691/2/6 1692/2/6 1711/2/6
f 1710/1/6 1691/1/6 1711/1/6
f 1711/2/6 1692/2/6 1712/2/6
f 1712/2/6 1692/2/6 1713/2/6
f 1692/1/6 1693/1/6 1714/1/6
f 1713/2/6 1692/2/6 1714/2/6
f 1714/1/6 1693/1/6 1715/1/6
f 1715/1/6 1693/1/6 1716/1/6
f 1693/2/6 1694/2/6 1717/2/6
f 1716/1/6 1693/1/6 1717/1/6
f 1694/2/6 1695/2/6 1717/2/6
f 1695/1/6 1696/1/6 1718/1/6
f 1717/2/6 1695/2/6 1718/2/6
f 1697/1/6 1698/1/6 1719/1/6
f 1698/2/6 1699/2/6 1719/2/6
f 1719/2/6 1699/2/6 1720/2/6
f 1699/1/6 1700/1/6 1721/1/6
f 1720/2/6 1699/2/6 1721/2/6
f 1721/1/6 1700/1/6 1722/1/6
f 1722/1/6 1700/1/6 1723/1/6
f 1701/2/6 1702/2/6 1724/2/6
f 1723/1/6 1700/1/6 1724/1/6
f 1700/2/6 1701/2/6 1724/2/6
f 1724/2/6 1702/2/6 1725/2/6
f 1703/1/6 1704/1/6 1726/1/6
f 1725/2/6 1702/2/6 1726/2/6
f 1702/1/6 1703/1/6 1726/1/6
f 1704/2/6 1705/2/6 1727/2/6
f 1726/1/6 1704/1/6 1727/1/6
f 1705/2/6 1706/2/6 1727/2/6
f 1706/1/6 1707/1/6 1728/1/6
f 1727/2/6 1706/2/6 1728/2/6
f 1710/2/6 1711/2/6 1729/2/6
f 1711/2/6 1712/2/6 1729/2/6
f 1712/1/6 1713/1/6 1730/1/6
f 1729/2/6 1712/2/6 1730/2/6
f 1714/2/6 1715/2/6 1731/2/6
f 1730/1/6 1713/1/6 1731/1/6
f 1713/2/6 1714/2/6 1731/2/6
f 1731/2/6 1715/2/6 1732/2/6
f 1717/1/6 1718/1/6 1733/1/6
f 1718/1/6 1696/1/6 1734/1/6
f 1733/1/6 1718/1/6 1734/1/6
f 1720/2/6 1721/2/6 1735/2/6
f 1721/2/6 1722/2/6 1735/2/6
f 1719/1/6 1720/1/6 1735/1/6
f 1735/2/6 1722/2/6 1736/2/6
f 1722/1/6 1723/1/6 1737/1/6
f 1736/2/6 1722/2/6 1737/2/6
f 1737/1/6 1723/1/6 1738/1/6
f 1738/1/6 1723/1/6 1739/1/6
f 1724/2/6 1725/2/6 1740/2/6
f 1739/1/6 1723/1/6 1740/1/6
f 1723/2/6 1724/2/6 1740/2/6
f 1740/2/6 1725/2/6 1741/2/6
f 1725/1/6 1726/1/6 1742/1/6
f 1741/2/6 1725/2/6 1742/2/6
f 1726/1/6 1727/1/6 1742/1/6
f 1727/1/6 1728/1/6 1742/1/6
f 1710/2/6 1729/2/6 1743/2/6
f 1709/1/6 1710/1/6 1743/1/6
f 1708/1/6 1709/1/6 1743/1/6
f 1743/2/6 1729/2/6 1744/2/6
f 1731/1/6 1732/1/6 1745/1/6
f 1744/2/6 1729/2/6 1745/2/6
f 1729/1/6 1730/1/6 1745/1/6
f 1730/1/6 1731/1/6 1745/1/6
f 1745/1/6 1732/1/6 1746/1/6
f 1733/2/6 1734/2/6 1747/2/6
f 1717/1/6 1733/1/6 1747/1/6
f 1747/2/6 1734/2/6 1748/2/6
f 1735/1/6 1736/1/6 1749/1/6
f 1737/2/6 1738/2/6 1749/2/6
f 1736/2/6 1737/2/6 1749/2/6
f 1749/2/6 1738/2/6 1750/2/6
f 1738/1/6 1739/1/6 1751/1/6
f 1750/2/6 1738/2/6 1751/2/6
f 1740/2/6 1741/2/6 1752/2/6
f 1751/1/6 1739/1/6 1752/1/6
f 1739/2/6 1740/2/6 1752/2/6
f 1741/1/6 1742/1/6 1753/1/6
f 1752/2/6 1741/2/6 1753/2/6
f 1743/1/6 1744/1/6 1754/1/6
f 1687/2/6 1708/2/6 1754/2/6
f 1708/1/6 1743/1/6 1754/1/6
f 1754/1/6 1744/1/6 1755/1/6
f 1744/2/6 1745/2/6 1756/2/6
f 1755/1/6 1744/1/6 1756/1/6
f 1745/2/6 1746/2/6 1756/2/6
f 1746/1/6 1732/1/6 1757/1/6
f 1756/2/6 1746/2/6 1757/2/6
f 1716/2/6 1717/2/6 1758/2/6
f 1715/1/6 1716/1/6 1758/1/6
f 1758/2/6 1717/2/6 1759/2/6
f 1747/1/6 1748/1/6 1760/1/6
f 1759/2/6 1717/2/6 1760/2/6
f 1717/1/6 1747/1/6 1760/1/6
f 1760/1/6 1748/1/6 1761/1/6
f 1750/2/6 1751/2/6 1762/2/6
f 1749/1/6 1750/1/6 1762/1/6
f 1751/2/6 1752/2/6 1762/2/6
f 1752/1/6 1753/1/6 1763/1/6
f 1762/2/6 1752/2/6 1763/2/6
f 1753/1/6 1742/1/6 1764/1/6
f 1763/1/6 1753/1/6 1764/1/6
f 1742/1/6 1728/1/6 1764/1/6
f 1764/1/6 1728/1/6 1765/1/6
f 1707/1/6 1687/1/6 1766/1/6
f 1765/1/6 1728/1/6 1766/1/6
f 1754/2/6 1755/2/6 1766/2/6
f 1687/2/6 1754/2/6 1766/2/6
f 1728/1/6 1707/1/6 1766/1/6
f 1766/2/6 1755/2/6 1767/2/6
f 1755/1/6 1756/1/6 1768/1/6
f 1767/2/6 1755/2/6 1768/2/6
f 1756/1/6 1757/1/6 1768/1/6
f 1768/1/6 1757/1/6 1769/1/6
f 1757/1/6 1732/1/6 1770/1/6
f 1769/1/6 1757/1/6 1770/1/6
f 1732/2/6 1715/2/6 1771/2/6
f 1770/1/6 1732/1/6 1771/1/6
f 1760/2/6 1761/2/6 1772/2/6
f 1758/1/6 1759/1/6 1772/1/6
f 1759/2/6 1760/2/6 1772/2/6
f 1772/2/6 1761/2/6 1773/2/6
f 1764/2/6 1765/2/6 1774/2/6
f 1766/1/6 1767/1/6 1774/1/6
f 1765/1/6 1766/1/6 1774/1/6
f 1774/1/6 1767/1/6 1775/1/6
f 1768/2/6 1769/2/6 1776/2/6
f 1775/1/6 1767/1/6 1776/1/6
f 1767/2/6 1768/2/6 1776/2/6
f 1776/2/6 1769/2/6 1777/2/6
f 1769/1/6 1770/1/6 1778/1/6
f 1777/2/6 1769/2/6 1778/2/6
f 1778/1/6 1770/1/6 1779/1/6
f 1771/2/6 1715/2/6 1780/2/6
f 1770/2/6 1771/2/6 1780/2/6
f 1772/1/6 1773/1/6 1781/1/6
f 1780/2/6 1715/2/6 1781/2/6
f 1758/1/6 1772/1/6 1781/1/6
f 1715/1/6 1758/1/6 1781/1/6
f 1781/1/6 1773/1/6 1782/1/6
f 1782/1/6 1773/1/6 1783/1/6
f 1774/2/6 1775/2/6 1784/2/6
f 1762/1/6 1763/1/6 1784/1/6
f 1764/2/6 1774/2/6 1784/2/6
f 1763/1/6 1764/1/6 1784/1/6
f 1775/1/6 1776/1/6 1785/1/6
f 1784/2/6 1775/2/6 1785/2/6
f 1776/1/6 1777/1/6 1785/1/6
f 1778/2/6 1779/2/6 1786/2/6
f 1785/1/6 1777/1/6 1786/1/6
f 1777/2/6 1778/2/6 1786/2/6
f 1786/2/6 1779/2/6 1787/2/6
f 1779/1/6 1770/1/6 1788/1/6
f 1787/2/6 1779/2/6 1788/2/6
f 1770/2/6 1780/2/6 1789/2/6
f 1788/1/6 1770/1/6 1789/1/6
f 1782/2/6 1783/2/6 1790/2/6
f 1781/1/6 1782/1/6 1790/1/6
f 1780/1/6 1781/1/6 1790/1/6
f 1790/2/6 1783/2/6 1791/2/6
f 1783/1/6 1773/1/6 1792/1/6
f 1791/2/6 1783/2/6 1792/2/6
f 1792/1/6 1773/1/6 1793/1/6
f 1787/2/6 1788/2/6 1794/2/6
f 1786/1/6 1787/1/6 1794/1/6
f 1784/1/6 1785/1/6 1794/1/6
f 1788/2/6 1789/2/6 1794/2/6
f 1785/1/6 1786/1/6 1794/1/6
f 1790/1/6 1791/1/6 1795/1/6
f 1794/2/6 1789/2/6 1795/2/6
f 1789/2/6 1780/2/6 1795/2/6
f 1780/1/6 1790/1/6 1795/1/6
f 1792/2/6 1793/2/6 1796/2/6
f 1795/1/6 1791/1/6 1796/1/6
f 1791/2/6 1792/2/6 1796/2/6
f 1796/2/6 1793/2/6 1797/2/6
f 1793/1/6 1773/1/6 1798/1/6
f 1797/2/6 1793/2/6 1798/2/6
f 1798/1/6 1773/1/6 1799/1/6
f 1680/1/6 1697/1/6 1800/1/6
f 1636/1/6 1653/1/6 1800/1/6
f 1784/1/6 1794/1/6 1800/1/6
f 1735/1/6 1749/1/6 1800/1/6
f 1795/1/6 1796/1/6 1800/1/6
f 1719/1/6 1735/1/6 1800/1/6
f 1749/1/6 1762/1/6 1800/1/6
f 1667/1/6 1680/1/6 1800/1/6
f 1794/1/6 1795/1/6 1800/1/6
f 1697/1/6 1719/1/6 1800/1/6
f 1762/1/6 1784/1/6 1800/1/6
f 1653/1/6 1667/1/6 1800/1/6
f 1796/1/6 1797/1/6 1800/1/6
f 1800/1/6 1797/1/6 1801/1/6
f 1798/2/6 1799/2/6 1802/2/6
f 1801/1/6 1797/1/6 1802/1/6
f 1797/2/6 1798/2/6 1802/2/6
f 1802/2/6 1799/2/6 1803/2/6
f 1799/1/6 1773/1/6 1804/1/6
f 1803/2/6 1799/2/6 1804/2/6
f 1804/1/6 1773/1/6 1805/1/6
f 1618/1/6 1636/1/6 1806/1/6
f 1636/1/6 1800/1/6 1806/1/6
f 1800/2/6 1801/2/6 1807/2/6
f 1806/1/6 1800/1/6 1807/1/6
f 1807/2/6 1801/2/6 1808/2/6
f 1802/1/6 1803/1/6 1809/1/6
f 1808/2/6 1801/2/6 1809/2/6
f 1801/1/6 1802/1/6 1809/1/6
f 1809/1/6 1803/1/6 1810/1/6
f 1810/1/6 1803/1/6 1811/1/6
f 1804/2/6 1805/2/6 1812/2/6
f 1811/1/6 1803/1/6 1812/1/6
f 1803/2/6 1804/2/6 1812/2/6
f 1812/2/6 1805/2/6 1813/2/6
f 1805/1/6 1773/1/6 1814/1/6
f 1813/2/6 1805/2/6 1814/2/6
f 1814/1/6 1773/1/6 1815/1/6
f 1618/1/6 1806/1/6 1816/1/6
f 1807/2/6 1808/2/6 1817/2/6
f 1816/1/6 1806/1/6 1817/1/6
f 1806/2/6 1807/2/6 1817/2/6
f 1817/2/6 1808/2/6 1818/2/6
f 1809/1/6 1810/1/6 1819/1/6
f 1818/2/6 1808/2/6 1819/2/6
f 1808/1/6 1809/1/6 1819/1/6
f 1819/1/6 1810/1/6 1820/1/6
f 1810/2/6 1811/2/6 1821/2/6
f 1820/1/6 1810/1/6 1821/1/6
f 1812/1/6 1813/1/6 1822/1/6
f 1821/2/6 1811/2/6 1822/2/6
f 1811/1/6 1812/1/6 1822/1/6
f 1822/1/6 1813/1/6 1823/1/6
f 1814/2/6 1815/2/6 1824/2/6
f 1823/1/6 1813/1/6 1824/1/6
f 1813/2/6 1814/2/6 1824/2/6
f 1824/2/6 1815/2/6 1825/2/6
f 1618/1/6 1816/1/6 1826/1/6
f 1817/2/6 1818/2/6 1827/2/6
f 1826/1/6 1816/1/6 1827/1/6
f 1816/2/6 1817/2/6 1827/2/6
f 1827/2/6 1818/2/6 1828/2/6
f 1819/1/6 1820/1/6 1829/1/6
f 1828/2/6 1818/2/6 1829/2/6
f 1818/1/6 1819/1/6 1829/1/6
f 1829/1/6 1820/1/6 1830/1/6
f 1820/2/6 1821/2/6 1831/2/6
f 1830/1/6 1820/1/6 1831/1/6
f 1831/2/6 1821/2/6 1832/2/6
f 1821/1/6 1822/1/6 1833/1/6
f 1832/2/6 1821/2/6 1833/2/6
f 1822/2/6 1823/2/6 1834/2/6
f 1833/1/6 1822/1/6 1834/1/6
f 1834/2/6 1823/2/6 1835/2/6
f 1824/1/6 1825/1/6 1836/1/6
f 1835/2/6 1823/2/6 1836/2/6
f 1823/1/6 1824/1/6 1836/1/6
f 1836/1/6 1825/1/6 1837/1/6
f 1618/1/6 1826/1/6 1838/1/6
f 1827/2/6 1828/2/6 1839/2/6
f 1838/1/6 1826/1/6 1839/1/6
f 1826/2/6 1827/2/6 1839/2/6
f 1839/2/6 1828/2/6 1840/2/6
f 1829/1/6 1830/1/6 1841/1/6
f 1840/2/6 1828/2/6 1841/2/6
f 1828/1/6 1829/1/6 1841/1/6
f 1841/1/6 1830/1/6 1842/1/6
f 1842/1/6 1830/1/6 1843/1/6
f 1843/1/6 1830/1/6 1844/1/6
f 1831/2/6 1832/2/6 1845/2/6
f 1844/1/6 1830/1/6 1845/1/6
f 1830/2/6 1831/2/6 1845/2/6
f 1832/1/6 1833/1/6 1846/1/6
f 1845/2/6 1832/2/6 1846/2/6
f 1834/1/6 1835/1/6 1846/1/6
f 1833/1/6 1834/1/6 1846/1/6
f 1836/2/6 1837/2/6 1847/2/6
f 1846/1/6 1835/1/6 1847/1/6
f 1835/2/6 1836/2/6 1847/2/6
f 1847/2/6 1837/2/6 1848/2/6
f 1837/1/6 1825/1/6 1849/1/6
f 1848/2/6 1837/2/6 1849/2/6
f 1849/1/6 1825/1/6 1850/1/6
f 1618/1/6 1838/1/6 1851/1/6
f 1839/2/6 1840/2/6 1852/2/6
f 1851/1/6 1838/1/6 1852/1/6
f 1838/2/6 1839/2/6 1852/2/6
f 1852/2/6 1840/2/6 1853/2/6
f 1841/1/6 1842/1/6 1854/1/6
f 1853/2/6 1840/2/6 1854/2/6
f 1840/1/6 1841/1/6 1854/1/6
f 1854/1/6 1842/1/6 1855/1/6
f 1855/1/6 1842/1/6 1856/1/6
f 1842/2/6 1843/2/6 1857/2/6
f 1856/1/6 1842/1/6 1857/1/6
f 1843/1/6 1844/1/6 1858/1/6
f 1857/2/6 1843/2/6 1858/2/6
f 1858/1/6 1844/1/6 1859/1/6
f 1859/1/6 1844/1/6 1860/1/6
f 1844/2/6 1845/2/6 1861/2/6
f 1860/1/6 1844/1/6 1861/1/6
f 1861/2/6 1845/2/6 1862/2/6
f 1847/1/6 1848/1/6 1863/1/6
f 1862/2/6 1845/2/6 1863/2/6
f 1845/1/6 1846/1/6 1863/1/6
f 1846/1/6 1847/1/6 1863/1/6
f 1849/2/6 1850/2/6 1864/2/6
f 1863/1/6 1848/1/6 1864/1/6
f 1848/2/6 1849/2/6 1864/2/6
f 1850/1/6 1825/1/6 1865/1/6
f 1864/2/6 1850/2/6 1865/2/6
f 1865/1/6 1825/1/6 1866/1/6
f 1852/2/6 1853/2/6 1867/2/6
f 1851/2/6 1852/2/6 1867/2/6
f 1853/1/6 1854/1/6 1868/1/6
f 1867/2/6 1853/2/6 1868/2/6
f 1854/1/6 1855/1/6 1868/1/6
f 1868/1/6 1855/1/6 1869/1/6
f 1855/2/6 1856/2/6 1870/2/6
f 1869/1/6 1855/1/6 1870/1/6
f 1870/2/6 1856/2/6 1871/2/6
f 1871/2/6 1856/2/6 1872/2/6
f 1856/1/6 1857/1/6 1873/1/6
f 1872/2/6 1856/2/6 1873/2/6
f 1857/1/6 1858/1/6 1873/1/6
f 1873/1/6 1858/1/6 1874/1/6
f 1858/2/6 1859/2/6 1875/2/6
f 1874/1/6 1858/1/6 1875/1/6
f 1875/2/6 1859/2/6 1876/2/6
f 1859/1/6 1860/1/6 1877/1/6
f 1876/2/6 1859/2/6 1877/2/6
f 1861/2/6 1862/2/6 1878/2/6
f 1877/1/6 1860/1/6 1878/1/6
f 1860/2/6 1861/2/6 1878/2/6
f 1863/1/6 1864/1/6 1879/1/6
f 1878/2/6 1862/2/6 1879/2/6
f 1862/1/6 1863/1/6 1879/1/6
f 1864/1/6 1865/1/6 1879/1/6
f 1865/2/6 1866/2/6 1880/2/6
f 1879/1/6 1865/1/6 1880/1/6
f 1880/2/6 1866/2/6 1881/2/6
f 1866/1/6 1825/1/6 1882/1/6
f 1881/2/6 1866/2/6 1882/2/6
f 1882/1/6 1825/1/6 1883/1/6
f 1870/2/6 1871/2/6 1884/2/6
f 1869/2/6 1870/2/6 1884/2/6
f 1871/1/6 1872/1/6 1885/1/6
f 1884/2/6 1871/2/6 1885/2/6
f 1872/2/6 1873/2/6 1886/2/6
f 1885/1/6 1872/1/6 1886/1/6
f 1873/2/6 1874/2/6 1886/2/6
f 1886/2/6 1874/2/6 1887/2/6
f 1875/1/6 1876/1/6 1888/1/6
f 1887/2/6 1874/2/6 1888/2/6
f 1874/1/6 1875/1/6 1888/1/6
f 1888/1/6 1876/1/6 1889/1/6
f 1877/2/6 1878/2/6 1890/2/6
f 1889/1/6 1876/1/6 1890/1/6
f 1876/2/6 1877/2/6 1890/2/6
f 1880/1/6 1881/1/6 1891/1/6
f 1890/2/6 1878/2/6 1891/2/6
f 1878/1/6 1879/1/6 1891/1/6
f 1879/1/6 1880/1/6 1891/1/6
f 1881/2/6 1882/2/6 1892/2/6
f 1891/1/6 1881/1/6 1892/1/6
f 1882/2/6 1883/2/6 1892/2/6
f 1892/2/6 1883/2/6 1893/2/6
f 1883/1/6 1825/1/6 1894/1/6
f 1893/2/6 1883/2/6 1894/2/6
f 1894/1/6 1825/1/6 1895/1/6
f 1886/1/6 1887/1/6 1896/1/6
f 1885/1/6 1886/1/6 1896/1/6
f 1884/1/6 1885/1/6 1896/1/6
f 1896/1/6 1887/1/6 1897/1/6
f 1888/2/6 1889/2/6 1898/2/6
f 1897/1/6 1887/1/6 1898/1/6
f 1887/2/6 1888/2/6 1898/2/6
f 1898/2/6 1889/2/6 1899/2/6
f 1889/1/6 1890/1/6 1900/1/6
f 1890/1/6 1891/1/6 1900/1/6
f 1892/1/6 1893/1/6 1900/1/6
f 1891/1/6 1892/1/6 1900/1/6
f 1900/1/6 1893/1/6 1901/1/6
f 1894/2/6 1895/2/6 1902/2/6
f 1901/1/6 1893/1/6 1902/1/6
f 1893/2/6 1894/2/6 1902/2/6
f 1902/2/6 1895/2/6 1903/2/6
f 1895/1/6 1825/1/6 1904/1/6
f 1903/2/6 1895/2/6 1904/2/6
f 1904/1/6 1825/1/6 1905/1/6
f 1884/1/6 1896/1/6 1906/1/6
f 1869/2/6 1884/2/6 1906/2/6
f 1906/1/6 1896/1/6 1907/1/6
f 1899/2/6 1889/2/6 1908/2/6
f 1889/1/6 1900/1/6 1908/1/6
f 1908/1/6 1900/1/6 1909/1/6
f 1900/2/6 1901/2/6 1910/2/6
f 1909/1/6 1900/1/6 1910/1/6
f 1910/2/6 1901/2/6 1911/2/6
f 1902/1/6 1903/1/6 1912/1/6
f 1911/2/6 1901/2/6 1912/2/6
f 1901/1/6 1902/1/6 1912/1/6
f 1912/1/6 1903/1/6 1913/1/6
f 1904/2/6 1905/2/6 1914/2/6
f 1913/1/6 1903/1/6 1914/1/6
f 1903/2/6 1904/2/6 1914/2/6
f 1905/1/6 1825/1/6 1915/1/6
f 1914/2/6 1905/2/6 1915/2/6
f 1867/1/6 1868/1/6 1916/1/6
f 1906/2/6 1907/2/6 1916/2/6
f 1868/1/6 1869/1/6 1916/1/6
f 1869/2/6 1906/2/6 1916/2/6
f 1916/2/6 1907/2/6 1917/2/6
f 1907/1/6 1896/1/6 1918/1/6
f 1917/2/6 1907/2/6 1918/2/6
f 1896/2/6 1897/2/6 1919/2/6
f 1918/1/6 1896/1/6 1919/1/6
f 1908/2/6 1909/2/6 1920/2/6
f 1899/2/6 1908/2/6 1920/2/6
f 1898/1/6 1899/1/6 1920/1/6
f 1897/1/6 1898/1/6 1920/1/6
f 1920/2/6 1909/2/6 1921/2/6
f 1910/1/6 1911/1/6 1922/1/6
f 1912/2/6 1913/2/6 1922/2/6
f 1911/2/6 1912/2/6 1922/2/6
f 1909/1/6 1910/1/6 1922/1/6
f 1922/2/6 1913/2/6 1923/2/6
f 1913/1/6 1914/1/6 1924/1/6
f 1923/2/6 1913/2/6 1924/2/6
f 1914/1/6 1915/1/6 1924/1/6
f 1924/1/6 1915/1/6 1925/1/6
f 1916/1/6 1917/1/6 1929/1/6
f 1867/1/6 1916/1/6 1929/1/6
f 1917/2/6 1918/2/6 1930/2/6
f 1918/2/6 1919/2/6 1930/2/6
f 1929/1/6 1917/1/6 1930/1/6
f 1930/2/6 1919/2/6 1931/2/6
f 1919/2/6 1897/2/6 1932/2/6
f 1931/2/6 1919/2/6 1932/2/6
f 1920/1/6 1921/1/6 1933/1/6
f 1932/2/6 1897/2/6 1933/2/6
f 1897/1/6 1920/1/6 1933/1/6
f 1921/2/6 1909/2/6 1934/2/6
f 1922/1/6 1923/1/6 1934/1/6
f 1909/1/6 1922/1/6 1934/1/6
f 1934/1/6 1923/1/6 1935/1/6
f 1923/2/6 1924/2/6 1936/2/6
f 1935/1/6 1923/1/6 1936/1/6
f 1924/2/6 1925/2/6 1936/2/6
f 1936/2/6 1925/2/6 1937/2/6
f 1925/1/6 1915/1/6 1938/1/6
f 1937/2/6 1925/2/6 1938/2/6
f 1938/1/6 1915/1/6 1939/1/6
f 1926/1/6 1927/1/6 1940/1/6
f 1927/2/6 1928/2/6 1941/2/6
f 1940/1/6 1927/1/6 1941/1/6
f 1941/2/6 1928/2/6 1942/2/6
f 1928/1/6 1929/1/6 1943/1/6
f 1942/2/6 1928/2/6 1943/2/6
f 1930/1/6 1931/1/6 1943/1/6
f 1929/1/6 1930/1/6 1943/1/6
f 1943/1/6 1931/1/6 1944/1/6
f 1944/1/6 1931/1/6 1945/1/6
f 1931/2/6 1932/2/6 1946/2/6
f 1945/1/6 1931/1/6 1946/1/6
f 1932/1/6 1933/1/6 1947/1/6
f 1946/2/6 1932/2/6 1947/2/6
f 1933/1/6 1921/1/6 1948/1/6
f 1947/1/6 1933/1/6 1948/1/6
f 1934/2/6 1935/2/6 1948/2/6
f 1921/2/6 1934/2/6 1948/2/6
f 1948/2/6 1935/2/6 1949/2/6
f 1936/1/6 1937/1/6 1950/1/6
f 1949/2/6 1935/2/6 1950/2/6
f 1935/1/6 1936/1/6 1950/1/6
f 1950/1/6 1937/1/6 1951/1/6
f 1938/2/6 1939/2/6 1952/2/6
f 1951/1/6 1937/1/6 1952/1/6
f 1937/2/6 1938/2/6 1952/2/6
f 1952/2/6 1939/2/6 1953/2/6
f 1939/1/6 1915/1/6 1954/1/6
f 1953/2/6 1939/2/6 1954/2/6
f 1954/1/6 1915/1/6 1955/1/6
f 1955/1/6 1915/1/6 1956/1/6
f 1956/1/6 1915/1/6 1957/1/6
f 1941/2/6 1942/2/6 1958/2/6
f 1940/2/6 1941/2/6 1958/2/6
f 1943/1/6 1944/1/6 1959/1/6
f 1958/2/6 1942/2/6 1959/2/6
f 1942/1/6 1943/1/6 1959/1/6
f 1944/2/6 1945/2/6 1960/2/6
f 1959/1/6 1944/1/6 1960/1/6
f 1946/1/6 1947/1/6 1961/1/6
f 1960/2/6 1945/2/6 1961/2/6
f 1945/1/6 1946/1/6 1961/1/6
f 1948/1/6 1949/1/6 1961/1/6
f 1947/1/6 1948/1/6 1961/1/6
f 1950/2/6 1951/2/6 1962/2/6
f 1961/1/6 1949/1/6 1962/1/6
f 1949/2/6 1950/2/6 1962/2/6
f 1952/1/6 1953/1/6 1963/1/6
f 1962/2/6 1951/2/6 1963/2/6
f 1951/1/6 1952/1/6 1963/1/6
f 1954/2/6 1955/2/6 1964/2/6
f 1963/1/6 1953/1/6 1964/1/6
f 1953/2/6 1954/2/6 1964/2/6
f 1955/1/6 1956/1/6 1965/1/6
f 1964/2/6 1955/2/6 1965/2/6
f 1956/2/6 1957/2/6 1966/2/6
f 1965/1/6 1956/1/6 1966/1/6
f 1957/1/6 1915/1/6 1967/1/6
f 1966/2/6 1957/2/6 1967/2/6
f 1915/1/6 1825/1/6 1968/1/6
f 1967/1/6 1915/1/6 1968/1/6
f 1969/1/6 1970/1/6 1971/1/6
f 1971/1/6 1970/1/6 1972/1/6
f 1969/1/6 1971/1/6 1973/1/6
f 1973/1/6 1971/1/6 1974/1/6
f 1973/2/6 1974/2/6 1975/2/6
f 1975/2/6 1974/2/6 1976/2/6
f 1975/1/6 1976/1/6 1977/1/6
f 1976/2/6 1974/2/6 1977/2/6
f 1977/2/6 1974/2/6 1978/2/6
f 1975/1/6 1977/1/6 1979/1/6
f 1977/1/6 1978/1/6 1979/1/6
f 1979/1/6 1978/1/6 1980/1/6
f 1975/1/6 1979/1/6 1981/1/6
f 1979/2/6 1980/2/6 1982/2/6
f 1981/1/6 1979/1/6 1982/1/6
f 1981/2/6 1982/2/6 1983/2/6
f 1982/2/6 1980/2/6 1983/2/6
f 1983/2/6 1980/2/6 1984/2/6
f 1981/2/6 1983/2/6 1985/2/6
f 1983/1/6 1984/1/6 1986/1/6
f 1985/2/6 1983/2/6 1986/2/6
f 1985/1/6 1986/1/6 1987/1/6
f 1986/1/6 1984/1/6 1987/1/6
f 1987/1/6 1984/1/6 1988/1/6
f 1985/1/6 1987/1/6 1989/1/6
f 1987/2/6 1988/2/6 1990/2/6
f 1989/1/6 1987/1/6 1990/1/6
f 1990/2/6 1988/2/6 1991/2/6
f 1990/2/6 1991/2/6 1995/2/6
f 1989/2/6 1990/2/6 1995/2/6
f 1991/1/6 1992/1/6 1996/1/6
f 1995/2/6 1991/2/6 1996/2/6
f 1992/2/6 1993/2/6 1997/2/6
f 1996/1/6 1992/1/6 1997/1/6
f 1993/1/6 1994/1/6 1998/1/6
f 1997/2/6 1993/2/6 1998/2/6
f 1996/1/6 1997/1/6 1999/1/6
f 1995/1/6 1996/1/6 1999/1/6
f 1997/1/6 1998/1/6 1999/1/6
f 1998/1/6 1994/1/6 2000/1/6
f 1999/1/6 1998/1/6 2000/1/6
